0.0,66.75,33.75,60.46,66.8,41.05,68.32,82.52,7.75,32.62,10.25,33.8,22.79,49.7,25.06,21.64,16.1,34.97,39.26,69.09,61.71,41.29,46.04,37.94,68.21,18.79,46.02,27.12,77.31,29.16,33.78,43.14,44.92,30.02,56.01,34.77,28.08,46.83,45.19,43.23,60.97,66.22,75.45,65.76,86.6,21.94,32.73,15.29,44.71,7.54,28.19,20.22,72.3,34.39,11.08,22.49,19.97,48.39,69.29,24.07,33.78,21.4,39.09,40.13,67.19,61.99,14.37,8.92,13.45,77.5,55.26,59.44,79.87,13.11,28.82,28.42,61.35,72.92,33.72,77.05,45.21,38.54,20.66,21.28,53.83,26.66,23.53,76.5,19.17,74.12,49.24,24.86,40.39,42.73,28.86,27.2,21.77,23.08,38.38,33.31,74.04,64.94,29.93,20.87,18.41,19.82,50.45,40.57,86.32,84.93,89.3,80.88,74.87,29.63,32.18,48.85,53.97,72.21
66.75,0.0,96.4,13.23,16.27,36.98,22.8,22.95,66.17,95.27,65.87,41.93,71.01,34.23,92.14,63.91,62.15,86.93,41.58,11.3,10.07,100.9,95.51,46.56,13.52,55.82,39.65,89.77,39.99,64.77,47.49,92.61,94.39,78.0,105.47,40.16,55.13,21.47,94.66,36.79,20.01,19.38,13.63,14.23,21.49,92.47,84.69,88.05,94.18,70.31,80.15,61.89,5.54,51.45,73.85,73.98,87.04,97.86,10.22,46.84,40.21,70.98,32.58,89.59,28.73,23.53,61.74,60.8,76.04,18.34,14.07,10.76,42.55,57.92,78.28,41.64,6.68,14.12,83.19,39.73,21.69,88.01,83.31,76.88,16.57,53.14,52.52,10.97,55.3,36.81,18.59,74.44,89.85,42.3,63.52,69.81,60.54,50.6,50.6,58.83,18.66,23.76,97.01,70.03,75.43,78.84,34.0,44.61,20.79,19.4,24.19,15.78,17.07,70.82,81.95,34.35,31.53,26.82
33.75,96.4,0.0,89.2,95.54,69.79,97.06,111.26,34.32,10.94,29.72,62.54,21.92,78.44,10.42,42.27,42.67,16.56,68.0,97.83,90.45,19.61,35.59,66.69,96.95,45.36,74.76,7.66,106.05,33.09,62.52,25.3,41.74,27.81,33.7,63.51,56.82,75.57,30.36,71.97,89.71,94.96,104.19,94.5,115.34,14.02,12.75,20.54,41.53,27.73,20.34,48.96,101.04,63.13,31.71,16.97,16.23,26.09,98.03,52.81,62.52,25.6,67.83,36.95,95.93,90.73,35.76,38.24,22.94,106.24,84.0,88.18,108.61,40.32,25.64,57.16,90.1,101.66,30.54,105.79,73.95,35.36,15.0,22.73,82.57,55.4,52.27,105.24,47.91,102.87,77.98,26.31,28.73,71.47,36.49,26.86,48.35,49.65,46.01,40.94,102.78,93.68,11.26,41.5,39.04,40.45,79.19,48.21,115.06,113.67,118.04,109.62,103.61,37.26,18.3,77.6,82.71,100.95
60.46,13.23,89.2,0.0,8.92,30.7,10.89,27.6,59.89,88.99,59.59,35.65,60.15,23.37,85.86,53.05,43.54,80.65,30.72,14.17,21.3,94.62,89.23,40.28,10.0,49.54,28.79,83.49,40.04,53.91,41.21,86.33,88.11,67.14,99.19,33.88,48.85,15.19,88.38,25.92,18.98,28.96,20.52,28.5,27.05,86.19,78.41,81.77,87.9,64.03,73.87,55.61,18.77,34.26,67.57,63.12,80.77,91.58,32.02,40.56,33.93,64.7,26.3,83.31,29.93,24.73,55.46,54.52,69.76,22.57,6.16,14.96,42.61,51.64,72.0,35.36,14.72,35.65,76.91,39.79,15.42,81.73,77.03,70.6,14.07,46.86,46.25,24.2,49.02,36.86,12.31,68.16,83.57,31.44,52.66,58.95,43.08,39.74,39.74,47.97,16.16,7.52,70.69,51.97,59.23,72.56,23.14,33.75,34.02,32.63,33.12,29.01,19.94,59.96,71.09,18.11,20.67,18.65
66.8,16.27,95.54,8.92,0.0,39.02,7.09,27.11,44.93,97.31,67.91,43.97,55.31,18.53,70.72,48.2,38.69,88.97,25.88,13.3,22.94,102.94,97.55,30.24,6.07,43.6,23.94,91.81,48.36,49.06,36.6,94.65,96.43,62.3,107.51,42.2,36.13,19.05,96.7,21.08,24.75,37.28,19.66,36.81,26.18,63.0,86.73,57.91,96.22,54.24,82.19,63.93,21.81,29.42,52.29,58.28,89.08,99.9,26.66,41.65,42.25,73.02,34.62,91.63,38.25,33.05,63.78,62.84,58.95,24.39,14.48,15.49,50.93,59.96,80.32,43.68,14.0,30.39,85.23,48.11,23.73,90.05,85.35,78.92,22.39,55.18,44.43,27.25,57.34,45.18,20.63,76.48,91.89,26.59,47.82,54.11,38.24,34.89,34.89,43.13,8.65,15.48,65.85,47.12,54.38,57.6,18.3,28.9,37.06,35.67,32.25,32.02,15.0,55.11,66.24,20.38,15.82,13.91
41.05,36.98,69.79,30.7,39.02,0.0,19.99,52.17,42.15,71.25,41.86,16.15,57.8,23.0,68.12,50.55,38.14,62.91,29.93,38.74,31.36,76.89,71.49,12.25,37.86,31.8,29.27,65.76,46.96,51.41,19.78,68.59,70.37,64.64,81.46,13.16,31.12,16.12,70.64,26.41,30.62,35.87,45.1,35.41,56.26,68.46,60.67,64.03,70.16,46.29,56.14,37.87,41.95,23.74,49.84,74.0,63.03,73.84,38.94,19.62,13.21,46.96,8.24,65.58,36.84,31.64,37.72,36.79,52.03,47.15,24.91,29.09,49.53,33.9,54.27,14.43,31.01,42.57,59.17,46.7,13.31,63.99,59.3,52.87,23.49,29.12,28.51,46.16,31.29,43.78,18.89,50.42,65.84,18.15,50.75,56.45,36.52,34.34,37.24,45.98,43.69,23.1,72.99,46.01,51.41,54.82,25.5,34.84,55.97,54.58,58.95,50.54,44.52,51.88,68.59,11.88,14.37,50.83
68.32,22.8,97.06,10.89,7.09,19.99,0.0,33.63,44.06,96.84,67.44,43.51,54.44,17.66,69.85,47.34,37.83,88.5,25.01,19.82,29.15,102.48,97.08,29.38,12.59,42.74,23.08,91.34,47.9,48.2,35.73,94.18,95.96,61.43,107.05,41.74,35.26,17.33,96.23,20.21,26.84,36.81,26.18,36.35,32.7,62.13,86.26,57.04,95.75,53.37,81.73,63.46,28.34,28.55,51.42,57.41,88.62,99.43,39.88,40.78,41.78,72.55,34.16,91.17,37.78,32.58,63.31,62.38,58.08,30.91,14.02,22.82,50.46,59.49,79.86,43.22,22.58,43.51,84.76,47.64,23.27,89.58,84.89,78.46,21.92,54.71,43.56,33.77,56.88,44.72,20.17,76.01,91.43,25.73,46.95,53.24,37.37,34.03,34.03,42.26,15.18,8.37,64.98,46.25,53.51,56.73,17.43,28.03,43.59,42.19,38.77,38.54,21.52,54.24,65.37,11.25,10.77,18.04
82.52,22.95,111.26,27.6,27.11,52.17,33.63,0.0,74.42,111.04,81.64,57.7,81.73,45.32,97.15,74.63,68.18,102.7,55.37,13.5,29.72,116.67,111.28,57.03,20.56,71.58,47.37,105.54,43.69,74.46,66.09,108.37,110.16,88.72,121.24,55.93,65.62,37.24,110.42,47.87,34.31,34.54,11.0,28.6,8.83,89.42,100.45,103.81,109.94,86.07,95.92,77.65,18.02,58.91,81.78,84.7,102.81,113.63,24.79,62.61,55.98,86.74,48.35,105.36,41.94,36.74,77.5,76.57,91.81,5.02,29.84,26.53,54.69,73.68,94.05,57.41,22.45,22.87,98.96,51.87,37.46,103.78,99.08,92.65,32.33,68.9,68.29,18.02,71.07,48.94,34.36,90.2,105.62,53.38,75.19,80.19,67.73,64.39,61.8,56.1,20.0,39.53,92.28,76.61,80.81,86.74,36.21,55.81,27.74,20.42,14.9,15.11,13.51,68.08,92.67,47.17,42.61,24.81
7.75,66.17,34.32,59.89,44.93,42.15,44.06,74.42,0.0,33.19,16.85,32.84,15.64,32.85,25.63,12.5,8.36,35.54,22.4,68.14,60.75,41.86,46.61,32.58,50.45,11.04,29.17,27.69,76.36,20.02,28.49,43.71,45.49,28.02,56.58,33.81,17.26,45.88,45.76,26.37,60.02,65.27,74.5,64.81,85.65,16.29,33.3,12.98,45.28,9.31,28.76,29.48,71.34,21.34,7.36,20.49,20.54,48.96,68.33,20.6,32.83,21.97,38.14,40.7,66.24,61.04,23.63,18.18,14.02,71.73,54.31,58.49,78.92,22.37,29.39,24.95,60.4,71.96,34.29,76.1,44.25,39.11,21.23,21.85,52.88,25.24,16.74,75.55,25.42,73.17,48.29,25.43,40.96,25.89,19.72,20.05,14.03,15.33,19.55,24.16,53.03,52.66,23.21,10.15,9.26,12.67,33.59,27.31,85.37,83.98,88.34,79.93,73.91,20.48,30.18,41.53,37.12,55.36
32.62,95.27,10.94,88.99,97.31,71.25,96.84,111.04,33.19,0.0,28.59,61.4,32.67,77.31,20.19,41.14,41.54,11.58,66.87,96.7,89.31,9.69,25.67,65.55,95.82,44.23,73.63,6.53,104.92,42.2,61.39,15.38,32.32,36.92,23.78,62.37,55.69,74.44,20.44,70.83,88.58,93.83,103.06,93.37,114.21,23.84,11.62,19.41,33.45,26.59,19.21,47.82,99.9,62.0,30.58,29.39,15.1,16.16,96.9,51.68,61.39,24.47,66.7,34.13,94.8,89.6,34.63,37.11,21.81,105.11,82.87,87.05,107.48,39.18,24.5,56.03,88.96,100.53,22.46,104.66,72.82,25.94,13.87,21.6,81.44,54.27,51.14,104.11,46.77,101.73,76.85,25.18,18.81,70.34,45.6,35.97,47.21,48.52,55.12,50.04,101.65,92.55,25.06,40.37,37.91,39.31,78.06,57.31,113.93,112.54,116.9,108.49,102.47,46.36,32.1,76.46,81.58,99.82
10.25,65.87,29.72,59.59,67.91,41.86,67.44,81.64,16.85,28.59,0.0,32.4,25.95,48.31,25.36,24.8,25.2,30.83,37.87,67.7,60.31,44.8,39.41,36.55,66.82,25.43,44.63,23.09,75.92,32.32,32.39,36.5,38.29,35.32,49.37,33.37,26.69,45.44,38.55,41.83,59.58,64.83,74.06,64.37,85.21,22.24,28.58,17.81,38.08,10.25,24.05,18.82,70.9,33.0,14.24,27.79,20.27,41.76,67.9,22.68,32.39,11.07,37.7,33.49,65.8,60.6,5.63,6.84,9.42,76.11,53.87,58.05,78.48,10.18,22.18,27.03,59.96,71.53,27.09,75.66,43.82,31.91,16.63,20.78,52.44,25.27,22.14,75.11,17.78,72.73,47.85,18.33,33.75,41.34,32.02,34.37,32.09,32.18,45.16,36.46,72.65,63.55,30.23,24.03,21.57,22.98,49.06,47.3,84.93,83.54,87.9,79.49,73.48,32.78,37.48,47.46,52.58,70.82
33.8,41.93,62.54,35.65,43.97,16.15,43.51,57.7,32.84,61.4,32.4,0.0,48.47,29.94,58.79,44.62,28.81,53.59,24.0,44.12,36.73,67.56,62.16,12.92,43.24,22.47,30.76,56.43,52.33,45.48,13.85,59.26,61.04,58.71,72.13,5.59,21.79,21.85,61.31,27.97,36.0,41.25,50.48,40.79,61.63,59.13,51.34,54.7,60.83,36.96,46.81,28.54,47.32,17.81,40.51,64.67,53.7,64.52,44.31,13.2,8.76,37.63,14.12,56.25,42.22,37.02,28.39,27.46,42.7,52.52,30.28,34.47,54.9,24.57,44.94,8.01,36.38,47.94,49.84,52.08,20.23,54.66,49.97,43.54,28.86,19.79,19.18,51.53,21.96,49.15,24.27,41.09,56.51,20.74,41.42,50.52,27.19,28.41,31.31,40.05,49.07,39.97,63.66,36.68,42.08,45.49,35.19,28.91,61.35,59.96,64.32,55.91,49.89,45.95,74.36,23.95,23.28,56.2
22.79,71.01,21.92,60.15,55.31,57.8,54.44,81.73,15.64,32.67,25.95,48.47,0.0,43.21,15.53,13.81,24.0,41.28,35.27,68.04,76.4,41.34,52.35,45.85,60.81,26.69,36.95,27.17,92.0,14.99,41.77,49.45,51.23,16.04,62.31,49.46,32.9,61.52,51.5,36.73,75.66,80.91,74.4,80.45,89.92,9.45,34.37,15.51,51.02,18.41,34.5,38.58,76.55,34.62,16.46,12.03,20.98,54.7,83.98,36.25,48.48,31.07,53.78,46.43,81.88,76.68,32.73,27.28,23.12,82.68,63.28,74.13,94.56,31.47,35.12,40.6,76.05,87.61,40.03,91.74,59.9,44.85,24.57,27.59,68.52,40.89,32.39,91.2,37.53,88.82,63.93,31.17,46.69,39.16,14.69,8.15,29.67,28.52,24.21,19.14,68.8,63.02,19.6,22.55,16.23,8.74,41.37,26.4,101.01,99.62,95.99,95.58,76.31,15.46,19.99,51.89,47.48,63.14
49.7,34.23,78.44,23.37,18.53,23.0,17.66,45.32,32.85,77.31,48.31,29.94,43.21,0.0,58.62,36.11,26.6,69.89,13.78,31.26,41.64,83.86,78.47,16.55,24.03,31.51,11.85,72.73,60.38,36.97,24.5,75.56,77.35,50.2,88.43,29.58,24.03,22.86,77.62,8.98,39.32,49.3,37.62,48.83,44.14,50.9,67.65,45.81,77.14,42.14,63.11,44.85,39.78,17.32,40.19,46.18,53.37,80.82,52.36,29.55,23.96,53.94,27.17,72.55,50.27,45.07,44.7,43.76,46.85,42.6,26.5,35.3,62.95,40.88,61.24,33.9,35.06,55.99,66.15,60.13,28.15,70.97,66.27,59.84,34.41,35.7,32.33,45.21,38.26,57.2,32.65,57.4,72.81,12.9,35.72,42.01,26.14,22.8,22.8,31.53,26.62,26.24,53.75,35.02,42.28,45.5,7.34,16.81,55.03,53.63,50.21,49.98,32.96,37.43,54.14,14.26,9.85,26.22
25.06,92.14,10.42,85.86,70.72,68.12,69.85,97.15,25.63,20.19,25.36,58.79,15.53,58.62,0.0,29.22,33.98,25.7,50.68,93.57,86.18,28.86,43.23,62.42,92.69,36.67,52.36,14.69,101.78,26.7,58.26,40.33,42.11,21.42,53.2,59.24,52.56,71.31,42.38,52.15,85.45,90.7,99.93,90.24,111.08,7.63,21.89,12.82,41.9,19.07,25.38,44.69,96.77,46.97,18.09,10.58,5.09,45.58,93.76,48.55,58.26,21.33,63.57,37.32,91.67,86.47,31.5,29.55,18.57,101.98,79.74,83.92,104.35,36.05,26.0,52.9,85.83,97.39,30.91,101.53,69.68,35.73,12.97,18.47,78.31,51.14,48.01,100.98,43.64,98.6,73.72,22.05,37.57,51.52,30.1,20.47,39.66,40.96,39.62,34.55,84.22,89.42,4.87,37.96,30.35,29.47,56.79,41.82,110.8,109.41,113.77,105.36,99.34,30.87,11.91,73.33,62.89,78.55
21.64,63.91,42.27,53.05,48.2,50.55,47.34,74.63,12.5,41.14,24.8,44.62,13.81,36.11,29.22,0.0,21.42,43.5,28.16,60.94,72.55,49.81,54.57,38.75,53.71,23.54,29.85,35.64,88.15,7.89,34.67,51.66,53.45,20.8,64.53,44.27,29.43,57.67,53.71,29.63,71.82,77.07,67.3,76.6,82.82,21.5,41.25,20.93,53.24,17.26,36.72,37.43,69.45,27.51,15.31,16.78,28.49,56.92,80.13,33.25,43.28,29.92,49.94,48.65,78.04,72.84,31.58,26.13,21.97,75.58,56.18,70.29,90.72,30.33,37.34,37.61,64.74,83.76,42.25,87.9,56.05,47.07,29.18,29.8,64.68,37.74,29.24,87.35,36.38,84.97,60.09,33.38,48.91,32.06,7.59,12.61,26.19,21.42,17.11,12.03,61.7,55.92,24.35,15.45,6.55,10.14,34.27,19.3,97.17,95.78,88.89,83.99,69.21,8.35,24.75,44.79,40.38,56.04
16.1,62.15,42.67,43.54,38.69,38.14,37.83,68.18,8.36,41.54,25.2,28.81,24.0,26.6,33.98,21.42,0.0,43.9,16.17,51.44,56.74,50.22,54.97,26.34,44.21,7.03,22.93,36.04,72.34,22.28,22.26,52.06,53.85,35.51,64.93,29.8,11.02,41.86,54.12,20.13,56.01,61.26,57.8,60.79,72.73,24.65,41.65,21.33,53.64,17.66,37.12,27.99,67.33,15.11,15.71,31.49,28.89,57.32,64.32,14.85,28.82,30.32,34.13,49.05,62.23,57.03,27.84,17.09,22.37,65.5,50.29,54.47,74.91,24.02,37.74,19.2,56.39,67.95,42.65,72.09,40.24,47.47,29.58,30.2,48.87,21.23,12.73,71.54,21.41,69.16,44.28,33.78,49.31,19.65,16.18,27.32,7.79,9.09,13.32,19.98,46.79,46.42,31.56,11.44,17.62,21.03,27.36,21.08,81.36,79.96,84.33,75.92,53.14,22.74,39.45,35.29,30.88,49.12
34.97,86.93,16.56,80.65,88.97,62.91,88.5,102.7,35.54,11.58,30.83,53.59,41.28,69.89,25.7,43.5,43.9,0.0,58.52,88.36,80.97,7.79,26.15,57.21,87.48,46.09,65.29,12.03,96.57,50.94,53.04,15.87,26.13,45.45,24.27,54.03,47.35,66.1,20.93,62.49,80.24,85.49,94.72,85.03,105.87,32.37,6.02,27.94,25.92,28.88,12.05,39.48,91.56,53.66,32.86,37.92,20.6,16.65,88.55,43.34,53.05,22.43,58.36,28.65,86.46,81.26,26.29,35.21,24.09,96.76,74.52,78.71,99.14,30.84,17.34,47.69,80.62,92.18,14.93,96.32,64.47,19.75,19.37,16.78,73.1,45.93,42.8,95.77,38.43,93.39,68.51,16.82,11.28,61.99,50.64,44.5,52.75,50.8,65.82,55.09,93.31,84.21,30.57,42.65,40.19,41.6,69.71,67.96,105.59,104.2,108.56,100.15,94.13,51.41,37.6,68.12,73.24,91.48
39.26,41.58,68.0,30.72,25.88,29.93,25.01,55.37,22.4,66.87,37.87,24.0,35.27,13.78,50.68,28.16,16.17,58.52,0.0,38.59,51.93,73.43,68.04,18.13,31.36,21.08,10.08,62.3,67.53,29.02,14.07,65.14,66.92,42.25,78.0,23.65,13.6,31.04,67.19,7.28,51.2,56.45,44.95,55.98,59.88,42.96,57.22,35.38,66.71,31.71,52.68,34.42,47.1,6.89,29.76,38.24,42.94,70.39,59.51,19.12,22.66,43.5,29.32,62.12,57.42,52.22,34.27,33.33,36.42,52.65,33.83,42.63,70.1,30.45,50.81,23.47,42.39,63.14,55.72,67.28,35.43,60.54,55.84,49.41,44.06,25.27,21.9,66.73,27.83,64.35,39.47,46.97,62.38,11.44,27.78,34.07,15.71,12.37,14.85,23.59,33.94,33.57,45.81,24.59,34.34,35.07,14.5,12.75,76.55,75.15,65.95,71.11,40.29,29.49,46.2,22.44,18.03,36.27
69.09,11.3,97.83,14.17,13.3,38.74,19.82,13.5,68.14,96.7,67.7,44.12,68.04,31.26,93.57,60.94,51.44,88.36,38.59,0.0,18.92,103.24,97.85,48.9,7.13,58.15,36.68,92.11,42.32,61.8,49.83,94.94,96.73,75.03,107.81,42.5,57.47,23.81,96.99,33.81,22.35,31.24,6.43,25.47,12.95,94.81,87.02,90.38,96.51,72.64,82.49,64.22,10.14,42.15,76.19,71.01,89.38,100.2,21.68,49.18,42.55,73.31,34.92,91.93,31.07,25.87,64.07,63.14,78.38,8.48,16.41,13.1,44.89,60.25,80.62,43.98,9.02,19.73,85.52,42.07,24.03,90.35,85.65,79.22,18.9,55.47,54.86,14.88,57.64,39.14,20.93,76.77,92.19,39.33,60.55,66.84,62.87,47.63,47.63,55.86,10.94,26.1,99.34,59.85,67.11,81.17,31.03,41.63,24.6,23.21,19.03,18.79,5.85,67.84,78.97,36.69,28.56,24.22
61.71,10.07,90.45,21.3,22.94,31.36,29.15,29.72,60.75,89.31,60.31,36.73,76.4,41.64,86.18,72.55,56.74,80.97,51.93,18.92,0.0,95.61,90.22,41.27,20.19,50.52,47.06,84.48,29.36,73.82,42.2,87.31,89.09,100.26,100.18,34.87,49.84,22.48,89.36,44.2,7.65,15.44,20.42,10.29,25.35,87.18,79.39,82.75,88.88,65.01,74.86,56.59,9.64,46.16,68.56,92.72,81.75,92.57,6.28,41.54,34.92,65.68,27.29,84.3,18.12,12.92,56.44,55.51,70.75,25.12,16.11,7.45,31.92,52.62,72.99,36.35,11.19,11.67,77.89,29.1,23.6,82.71,78.02,71.59,8.07,47.84,47.23,15.25,50.01,26.17,14.26,69.14,84.56,49.08,69.47,78.87,55.24,56.76,59.65,66.25,25.33,25.79,91.71,64.73,70.14,73.54,41.42,52.02,25.07,23.68,28.05,19.63,24.7,78.23,102.41,33.44,39.07,33.49
41.29,100.9,19.61,94.62,102.94,76.89,102.48,116.67,41.86,9.69,44.8,67.56,41.34,83.86,28.86,49.81,50.22,7.79,73.43,103.24,95.61,0.0,17.55,71.65,101.92,60.53,79.73,15.2,111.01,50.87,67.48,7.27,24.21,45.59,15.67,68.47,61.79,80.53,12.32,76.93,94.68,99.93,109.16,99.47,120.31,32.51,13.42,28.09,25.57,36.28,19.45,53.92,106.0,68.1,40.27,38.06,23.77,8.05,102.99,57.77,67.49,36.87,72.8,31.61,100.9,95.7,40.73,49.65,31.49,111.2,88.96,93.15,113.58,45.28,23.63,62.13,95.06,106.62,18.67,110.76,78.91,17.83,22.54,24.18,87.54,60.37,57.23,110.21,52.87,107.83,82.95,31.62,14.3,76.43,54.27,44.64,67.19,58.2,80.26,58.72,107.75,98.65,33.73,50.06,47.59,49.0,84.15,82.4,120.03,118.64,123.0,114.59,108.57,55.04,40.77,82.56,87.68,105.92
46.04,95.51,35.59,89.23,97.55,71.49,97.08,111.28,46.61,25.67,39.41,62.16,52.35,78.47,43.23,54.57,54.97,26.15,68.04,97.85,90.22,17.55,0.0,66.32,96.59,55.2,74.4,31.18,105.68,62.11,62.16,9.66,8.82,56.61,22.13,63.14,56.46,75.21,7.18,71.6,89.35,94.6,103.83,94.14,114.98,43.53,32.18,39.11,18.24,40.04,27.65,48.59,100.67,62.77,44.03,49.08,38.11,14.51,97.66,52.45,62.16,31.54,67.47,25.86,95.57,90.37,35.4,44.32,35.26,105.88,83.64,87.82,108.25,39.95,18.3,56.8,89.73,101.29,12.91,105.43,73.58,8.35,34.37,27.94,82.21,55.04,51.91,104.88,47.54,102.5,77.62,26.29,20.86,71.11,61.81,55.67,61.86,72.04,74.93,66.25,102.42,93.32,48.07,53.82,51.36,52.77,78.82,77.07,114.7,113.31,117.67,109.26,103.24,62.57,58.77,77.23,82.35,100.59
37.94,46.56,66.69,40.28,30.24,12.25,29.38,57.03,32.58,65.55,36.55,12.92,45.85,16.55,62.42,38.75,26.34,57.21,18.13,48.9,41.27,71.65,66.32,0.0,35.75,27.09,24.89,61.04,56.46,39.61,10.39,63.88,65.66,52.84,76.75,12.57,18.26,25.98,65.93,22.1,40.12,45.37,54.6,44.91,65.75,48.87,55.96,59.32,65.45,41.58,51.42,33.16,51.45,11.94,39.94,48.82,58.32,69.13,48.44,16.54,7.94,42.25,18.24,60.87,46.34,41.14,33.01,32.08,47.32,56.65,34.41,38.59,59.02,29.19,49.56,11.35,40.51,52.07,54.46,56.2,24.36,59.28,54.58,48.15,32.98,24.41,23.8,55.65,26.57,53.27,28.39,45.71,61.13,7.35,38.36,44.65,20.37,22.54,25.44,34.18,38.33,22.93,56.39,34.77,41.84,45.25,19.04,23.04,65.47,64.08,68.45,60.03,54.02,40.08,56.79,11.72,9.89,37.94
68.21,13.52,96.95,10.0,6.07,37.86,12.59,20.56,50.45,95.82,66.82,43.24,60.81,24.03,92.69,53.71,44.21,87.48,31.36,7.13,20.19,101.92,96.59,35.75,0.0,57.27,29.45,91.22,41.97,54.57,42.1,94.06,95.84,67.8,106.93,41.62,41.63,22.93,96.11,26.58,22.0,30.88,13.48,30.42,20.01,68.5,86.14,63.41,95.63,71.76,81.6,63.34,19.06,34.92,57.79,63.78,88.5,99.31,23.91,48.29,41.66,72.43,34.04,91.05,30.71,25.52,63.19,62.26,64.45,15.53,17.16,12.74,44.54,59.37,79.74,43.1,11.25,27.64,84.64,41.71,23.15,89.46,84.77,78.33,18.55,54.59,53.98,24.5,56.76,38.79,20.05,75.89,91.31,32.1,53.32,59.61,43.74,40.4,40.4,48.63,8.46,18.19,71.35,52.62,59.88,63.1,23.8,34.4,34.31,32.92,26.08,25.85,12.9,60.61,71.74,25.88,21.33,16.62
18.79,55.82,45.36,49.54,43.6,31.8,42.74,71.58,11.04,44.23,25.43,22.47,26.69,31.51,36.67,23.54,7.03,46.09,21.08,58.15,50.52,60.53,55.2,27.09,57.27,0.0,27.84,38.73,66.01,27.19,19.53,52.38,54.16,40.42,65.25,23.46,11.5,35.53,54.43,25.05,49.67,54.92,64.15,54.46,75.3,27.34,44.46,24.02,53.95,20.35,39.92,21.66,60.99,20.02,18.4,31.53,31.58,57.63,57.99,11.8,22.48,30.75,27.79,49.36,55.89,50.69,21.51,10.76,25.06,66.2,43.96,48.14,68.57,17.69,38.05,16.15,50.05,61.62,42.96,65.75,33.91,47.78,32.27,36.65,42.53,14.89,6.39,65.2,15.07,62.82,37.94,34.21,49.62,24.56,21.09,32.23,9.13,14.0,18.23,24.89,51.71,53.64,34.25,16.36,20.31,23.71,32.27,25.99,75.02,73.63,77.99,69.58,63.57,27.66,44.37,37.55,35.79,54.03
46.02,39.65,74.76,28.79,23.94,29.27,23.08,47.37,29.17,73.63,44.63,30.76,36.95,11.85,52.36,29.85,22.93,65.29,10.08,36.68,47.06,79.73,74.4,24.89,29.45,27.84,0.0,69.05,65.8,30.71,20.82,71.88,73.67,43.94,84.75,30.4,20.35,29.12,73.94,7.66,44.74,54.71,50.65,54.25,51.91,44.64,63.96,42.13,73.46,38.46,59.43,41.17,45.19,13.64,36.51,39.92,49.69,77.14,57.78,25.87,29.41,50.25,36.07,68.87,55.68,50.48,41.01,40.08,43.17,44.67,31.92,40.72,68.36,37.2,57.56,30.22,40.48,61.41,62.47,65.54,42.18,67.29,62.59,56.16,39.82,32.02,28.65,57.67,34.58,62.62,38.07,53.72,69.13,18.19,29.46,35.75,22.46,19.12,16.54,25.27,33.96,31.66,47.49,31.34,36.02,41.82,7.86,10.54,67.38,63.49,57.98,53.09,41.46,31.17,47.88,20.53,16.12,28.3
27.12,89.77,7.66,83.49,91.81,65.76,91.34,105.54,27.69,6.53,23.09,56.43,27.17,72.73,14.69,35.64,36.04,12.03,62.3,92.11,84.48,15.2,31.18,61.04,91.22,38.73,69.05,0.0,99.42,36.7,55.89,20.89,37.22,31.42,29.29,56.87,50.19,68.94,25.95,65.34,83.08,88.33,97.56,87.87,108.71,18.34,8.23,13.91,37.01,21.09,15.82,42.32,94.41,56.5,25.08,23.89,9.6,21.68,91.4,46.18,55.89,18.97,61.2,32.42,89.3,84.1,29.13,31.61,16.31,99.61,77.37,81.55,101.98,33.69,21.11,50.53,83.46,95.03,26.02,99.16,67.32,30.84,8.37,16.1,75.94,48.77,45.64,98.61,41.28,96.23,71.35,19.68,24.32,64.84,40.1,30.47,41.72,43.02,49.62,44.55,96.15,87.05,19.56,34.87,32.41,33.82,72.56,51.81,108.43,107.04,111.41,102.99,96.98,40.87,26.6,70.96,76.08,94.32
77.31,39.99,106.05,40.04,48.36,46.96,47.9,43.69,76.36,104.92,75.92,52.33,92.0,60.38,101.78,88.15,72.34,96.57,67.53,42.32,29.36,111.01,105.68,56.46,41.97,66.01,65.8,99.42,0.0,88.15,56.52,101.64,103.42,114.58,114.51,49.2,64.17,42.35,103.69,61.8,21.02,9.78,34.37,16.99,37.84,101.5,93.72,97.08,103.21,79.34,89.18,70.92,29.37,60.49,82.88,107.05,96.08,106.89,20.52,55.87,49.24,80.01,41.61,98.63,8.36,13.36,70.77,69.84,85.08,39.08,33.71,28.28,13.16,66.95,87.32,50.68,33.64,24.15,92.22,10.34,37.92,97.04,92.34,85.91,25.28,62.17,61.56,27.74,64.33,6.41,31.32,83.47,98.89,63.41,83.8,93.19,69.57,71.09,73.98,82.72,46.16,43.39,106.04,79.06,84.46,87.87,59.01,69.62,37.56,36.16,40.53,32.12,47.15,95.83,116.74,47.77,53.4,59.62
29.16,64.77,33.09,53.91,49.06,51.41,48.2,74.46,20.02,42.2,32.32,45.48,14.99,36.97,26.7,7.89,22.28,50.94,29.02,61.8,73.82,50.87,62.11,39.61,54.57,27.19,30.71,36.7,88.15,0.0,35.52,59.18,60.96,18.28,72.05,45.13,30.29,58.53,61.23,30.49,72.68,77.93,81.39,77.46,82.65,18.98,48.77,25.04,60.75,24.78,44.23,44.95,70.31,28.37,22.83,14.26,30.51,64.43,80.99,34.11,44.14,37.44,50.8,56.17,78.9,73.7,39.1,33.65,29.49,75.41,57.04,71.15,91.58,37.85,44.86,38.47,65.6,84.62,49.76,88.76,56.91,54.58,36.7,37.32,65.54,40.26,32.89,88.21,43.9,85.83,60.95,40.9,56.43,32.92,8.45,6.23,27.05,22.28,17.97,12.89,62.56,56.78,21.83,16.31,14.06,19.99,35.13,20.16,98.03,94.23,88.72,83.83,73.64,8.19,22.22,45.65,41.24,56.9
33.78,47.49,62.52,41.21,36.6,19.78,35.73,66.09,28.49,61.39,32.39,13.85,41.77,24.5,58.26,34.67,22.26,53.04,14.07,49.83,42.2,67.48,62.16,10.39,42.1,19.53,20.82,55.89,56.52,35.52,0.0,59.62,61.4,48.77,72.49,13.5,8.08,26.91,61.67,18.04,41.05,46.3,55.53,45.84,66.68,59.48,51.7,55.06,61.19,37.32,47.16,28.9,52.37,6.9,35.86,44.75,54.06,64.87,49.37,6.93,12.52,37.99,19.17,56.61,47.27,42.07,28.75,27.82,43.06,57.58,35.34,39.52,59.95,24.93,45.3,9.37,41.43,53.0,50.2,57.13,25.29,55.02,50.33,43.89,33.91,19.75,16.39,56.58,22.32,54.2,29.32,41.45,56.87,15.58,34.29,40.58,10.2,18.47,21.37,30.1,44.7,45.02,52.32,30.7,37.77,41.18,25.26,23.5,66.4,65.01,69.37,60.96,54.95,36.0,52.71,19.94,18.11,47.02
43.14,92.61,25.3,86.33,94.65,68.59,94.18,108.37,43.71,15.38,36.5,59.26,49.45,75.56,40.33,51.66,52.06,15.87,65.14,94.94,87.31,7.27,9.66,63.88,94.06,52.38,71.88,20.89,101.64,59.18,59.62,0.0,14.0,53.64,15.3,60.17,53.49,72.23,6.45,68.63,86.38,91.63,100.85,91.16,112.01,40.56,29.21,36.14,15.36,37.07,24.67,45.62,97.7,59.8,41.06,46.11,35.14,7.69,94.69,49.47,59.19,28.57,64.5,23.31,92.6,87.4,32.43,41.35,32.28,102.9,80.66,84.84,105.28,36.98,15.33,53.83,86.76,98.32,8.46,102.46,70.61,7.62,31.4,24.97,79.24,52.07,48.93,101.91,44.57,99.53,74.65,23.32,16.41,68.13,58.84,52.69,58.89,69.06,71.96,63.28,99.45,90.35,45.1,50.85,48.38,49.79,75.85,74.1,111.73,110.33,114.7,106.29,100.27,59.6,55.8,74.26,79.38,97.62
44.92,94.39,41.74,88.11,96.43,70.37,95.96,110.16,45.49,32.32,38.29,61.04,51.23,77.35,42.11,53.45,53.85,26.13,66.92,96.73,89.09,24.21,8.82,65.66,95.84,54.16,73.67,37.22,103.42,60.96,61.4,14.0,0.0,55.49,28.76,62.02,55.34,74.09,14.37,70.48,88.23,93.48,102.71,93.02,113.86,42.41,31.06,37.99,12.48,38.92,26.52,47.47,99.55,61.65,42.91,47.96,36.99,21.14,96.54,51.33,61.04,30.42,66.35,24.74,94.45,89.25,34.28,43.2,34.14,104.76,82.52,86.7,107.13,38.83,17.18,55.68,88.61,100.17,11.79,104.31,72.46,9.32,33.25,26.82,81.09,53.92,50.79,103.76,46.42,101.38,76.5,25.17,19.74,69.99,60.69,54.55,60.74,70.92,73.81,65.13,101.3,92.2,46.95,52.7,50.24,51.65,77.7,75.95,113.58,112.19,116.55,108.14,102.12,61.45,57.65,76.11,81.23,99.47
30.02,78.0,27.81,67.14,62.3,64.64,61.43,88.72,28.02,36.92,35.32,58.71,16.04,50.2,21.42,20.8,35.51,45.45,42.25,75.03,100.26,45.59,56.61,52.84,67.8,40.42,43.94,31.42,114.58,18.28,48.77,53.64,55.49,0.0,66.56,58.36,43.52,81.75,55.74,43.72,95.9,101.15,81.39,100.68,96.91,13.7,38.62,19.76,55.27,29.03,38.75,55.14,83.54,41.6,23.74,8.98,25.23,58.95,104.21,47.34,57.38,34.05,74.02,50.68,102.12,96.92,41.95,36.23,28.53,89.67,70.27,94.36,114.8,46.5,39.37,51.7,78.83,107.84,44.28,111.97,80.13,49.1,28.82,31.83,88.76,61.59,46.12,111.43,54.09,109.05,84.17,35.41,50.94,46.15,21.68,12.05,40.29,35.51,31.2,26.13,75.79,70.01,16.55,29.54,26.98,21.05,48.36,33.39,121.25,119.85,102.98,98.08,83.3,22.45,6.64,58.88,54.47,70.13
56.01,105.47,33.7,99.19,107.51,81.46,107.05,121.24,56.58,23.78,49.37,72.13,62.31,88.43,53.2,64.53,64.93,24.27,78.0,107.81,100.18,15.67,22.13,76.75,106.93,65.25,84.75,29.29,114.51,72.05,72.49,15.3,28.76,66.56,0.0,73.04,66.36,85.11,16.9,81.5,99.25,104.5,113.73,104.04,124.88,53.43,29.9,49.01,30.14,49.94,37.54,58.49,110.57,72.67,53.93,58.98,48.01,8.36,107.56,62.35,72.06,41.44,77.37,36.19,105.47,100.27,45.3,54.22,45.16,115.78,93.54,97.72,118.15,49.85,28.2,66.7,99.63,111.19,23.24,115.33,83.48,22.4,44.27,37.84,92.11,64.94,61.81,114.78,57.44,112.4,87.52,36.19,33.92,81.01,71.71,65.57,71.76,81.94,84.83,76.15,112.32,103.22,57.97,63.72,61.26,62.67,88.72,86.97,124.6,123.21,127.57,119.16,113.14,72.47,45.78,87.13,92.25,110.49
34.77,40.16,63.51,33.88,42.2,13.16,41.74,55.93,33.81,62.37,33.37,5.59,49.46,29.58,59.24,44.27,29.8,54.03,23.65,42.5,34.87,68.47,63.14,12.57,41.62,23.46,30.4,56.87,49.2,45.13,13.5,60.17,62.02,58.36,73.04,0.0,23.21,19.54,62.73,27.61,33.8,39.05,48.28,38.59,59.44,60.54,52.76,56.12,62.25,38.38,48.22,29.96,45.13,17.46,41.92,66.09,55.12,65.93,42.12,13.34,6.92,39.05,11.42,57.67,40.02,34.82,29.81,28.88,44.12,50.33,28.09,32.27,52.71,25.99,46.36,8.15,34.19,45.75,51.26,49.88,18.04,56.08,51.38,44.95,26.66,21.21,20.6,49.34,23.37,46.96,22.07,42.51,57.92,20.38,42.83,50.17,28.61,28.06,30.96,39.69,46.87,28.1,65.08,38.1,43.5,46.91,34.84,28.56,59.15,57.76,62.13,53.72,47.7,45.59,62.3,20.97,23.46,54.01
28.08,55.13,56.82,48.85,36.13,31.12,35.26,65.62,17.26,55.69,26.69,21.79,32.9,24.03,52.56,29.43,11.02,47.35,13.6,57.47,49.84,61.79,56.46,18.26,41.63,11.5,20.35,50.19,64.17,30.29,8.08,53.49,55.34,43.52,66.36,23.21,0.0,34.72,56.01,17.55,48.86,54.11,63.34,53.65,74.49,33.55,46.03,49.39,55.53,31.66,41.5,23.24,60.19,8.72,24.62,39.5,48.39,59.21,57.18,7.94,21.67,32.32,26.98,50.94,55.08,49.88,23.08,22.15,37.39,62.91,43.15,47.33,67.76,19.26,39.63,12.29,49.25,60.81,44.54,64.94,33.1,49.36,44.66,38.23,41.72,14.09,8.22,64.4,16.65,62.02,37.13,35.78,51.2,17.05,24.19,35.33,7.81,17.98,20.88,29.62,44.21,52.83,58.36,19.45,26.52,29.93,24.77,23.02,74.21,72.82,77.19,68.77,62.76,30.75,47.46,32.71,28.3,46.54
46.83,21.47,75.57,15.19,19.05,16.12,17.33,37.24,45.88,74.44,45.44,21.85,61.52,22.86,71.31,57.67,41.86,66.1,31.04,23.81,22.48,80.53,75.21,25.98,22.93,35.53,29.12,68.94,42.35,58.53,26.91,72.23,74.09,81.75,85.11,19.54,34.72,0.0,74.71,26.26,26.96,32.21,30.17,31.74,36.69,72.52,64.74,68.09,74.23,50.36,60.2,41.94,27.02,31.5,53.9,78.07,67.09,77.91,35.27,26.89,19.59,51.02,12.31,69.64,33.18,27.98,41.78,40.85,56.09,32.22,8.97,16.32,45.86,37.97,58.33,21.69,16.08,38.9,63.24,43.04,8.48,68.06,63.36,56.93,19.82,33.19,32.57,42.49,35.35,40.11,9.33,54.49,69.9,18.78,54.81,64.21,40.58,42.1,45.0,53.73,24.34,8.46,77.06,50.08,55.48,58.89,25.35,34.08,52.31,50.91,55.28,46.87,29.59,59.63,87.76,8.59,14.22,30.19
45.19,94.66,30.36,88.38,96.7,70.64,96.23,110.42,45.76,20.44,38.55,61.31,51.5,77.62,42.38,53.71,54.12,20.93,67.19,96.99,89.36,12.32,7.18,65.93,96.11,54.43,73.94,25.95,103.69,61.23,61.67,6.45,14.37,55.74,16.9,62.73,56.01,74.71,0.0,70.71,88.46,93.71,102.93,93.24,114.09,42.64,31.29,38.22,19.34,39.15,26.75,47.7,99.78,61.88,43.14,48.19,37.22,9.26,96.77,51.55,61.27,30.65,66.58,25.39,94.68,89.48,34.51,43.43,34.36,104.98,82.74,86.92,107.36,39.06,17.41,55.91,88.84,100.4,12.45,104.54,72.69,11.61,33.48,27.05,81.32,54.15,51.01,103.99,46.65,101.61,76.73,25.4,23.13,70.21,60.92,54.77,60.97,71.15,74.04,65.36,101.53,92.43,47.18,52.93,50.46,51.87,77.93,76.18,113.81,112.41,116.78,108.37,102.35,61.68,57.88,76.34,81.46,99.7
43.23,36.79,71.97,25.92,21.08,26.41,20.21,47.87,26.37,70.83,41.83,27.97,36.73,8.98,52.15,29.63,20.13,62.49,7.28,33.81,44.2,76.93,71.6,22.1,26.58,25.05,7.66,65.34,61.8,30.49,18.04,68.63,70.48,43.72,81.5,27.61,17.55,26.26,70.71,0.0,41.87,51.85,40.17,51.39,46.69,44.42,61.17,39.33,70.66,35.67,56.63,38.37,42.33,10.85,33.71,39.7,46.89,74.34,54.91,23.07,26.62,47.46,33.27,66.08,52.82,47.62,38.22,37.29,40.37,45.15,29.05,37.85,65.5,34.4,54.77,27.43,37.61,58.54,59.67,62.68,39.38,64.49,59.79,53.36,36.96,29.22,25.86,47.76,31.78,59.75,35.2,50.92,66.33,16.3,29.24,35.53,19.66,16.32,16.32,25.06,29.17,28.8,47.27,28.55,35.81,39.03,9.87,10.33,57.58,56.18,52.77,52.53,35.51,30.96,47.67,17.67,13.25,28.77
60.97,20.01,89.71,18.98,24.75,30.62,26.84,34.31,60.02,88.58,59.58,36.0,75.66,39.32,85.45,71.82,56.01,80.24,51.2,22.35,7.65,94.68,89.35,40.12,22.0,49.67,44.74,83.08,21.02,72.68,41.05,86.38,88.23,95.9,99.25,33.8,48.86,26.96,88.46,41.87,0.0,11.16,25.0,10.7,30.74,87.61,79.82,83.18,89.31,65.44,75.29,57.02,20.01,46.59,68.99,93.16,82.18,93.0,10.87,41.98,35.35,66.11,27.72,84.73,11.08,5.88,56.87,55.94,71.18,29.71,13.79,9.25,24.88,53.05,73.42,36.78,14.62,17.06,78.33,22.05,24.03,83.15,78.45,72.02,5.76,48.27,47.66,20.64,50.44,19.13,11.95,69.57,84.99,49.51,69.9,79.3,55.67,57.19,60.08,63.93,27.13,23.47,92.14,65.16,70.57,73.97,39.1,49.71,30.46,29.07,33.44,25.02,28.13,75.92,102.84,33.87,39.5,35.29
66.22,19.38,94.96,28.96,37.28,35.87,36.81,34.54,65.27,93.83,64.83,41.25,80.91,49.3,90.7,77.07,61.26,85.49,56.45,31.24,15.44,99.93,94.6,45.37,30.88,54.92,54.71,88.33,9.78,77.93,46.3,91.63,93.48,101.15,104.5,39.05,54.11,32.21,93.71,51.85,11.16,0.0,25.23,7.85,28.69,91.71,83.92,87.28,93.42,69.55,79.39,61.13,20.22,50.69,73.09,97.26,86.28,97.1,11.38,46.08,39.45,70.21,31.82,88.83,10.53,8.49,60.97,60.04,75.28,29.93,23.91,18.49,18.82,57.15,77.52,40.88,23.85,15.01,82.43,16.0,28.13,87.25,82.55,76.12,15.48,52.38,51.76,18.59,54.54,12.07,21.53,73.67,89.09,53.61,74.0,83.4,59.77,61.29,64.19,72.92,36.36,33.59,96.25,69.27,74.67,78.08,49.22,59.83,28.41,27.02,31.39,22.97,37.36,86.03,106.95,37.97,43.6,49.83
75.45,13.63,104.19,20.52,19.66,45.1,26.18,11.0,74.5,103.06,74.06,50.48,74.4,37.62,99.93,67.3,57.8,94.72,44.95,6.43,20.42,109.16,103.83,54.6,13.48,64.15,50.65,97.56,34.37,81.39,55.53,100.85,102.71,81.39,113.73,48.28,63.34,30.17,102.93,40.17,25.0,25.23,0.0,19.28,9.82,101.17,93.38,96.74,102.87,79.0,88.85,70.58,8.7,48.51,82.55,77.37,95.74,106.55,15.47,55.53,48.91,79.67,41.28,98.29,32.62,27.42,70.43,69.5,84.74,6.39,22.77,19.46,45.37,66.61,86.98,50.34,15.38,13.54,91.88,42.54,30.39,96.7,92.01,85.58,25.26,61.83,61.22,8.69,64.0,39.62,27.29,83.13,98.55,45.69,66.91,87.04,69.23,53.99,53.99,62.95,15.17,32.45,105.7,66.21,73.47,87.53,39.47,47.99,18.41,17.02,15.89,12.6,10.08,74.94,85.33,43.04,34.92,28.07
65.76,14.23,94.5,28.5,36.81,35.41,36.35,28.6,64.81,93.37,64.37,40.79,80.45,48.83,90.24,76.6,60.79,85.03,55.98,25.47,10.29,99.47,94.14,44.91,30.42,54.46,54.25,87.87,16.99,77.46,45.84,91.16,93.02,100.68,104.04,38.59,53.65,31.74,93.24,51.39,10.7,7.85,19.28,0.0,22.75,91.25,83.46,86.82,92.95,69.08,78.93,60.66,14.27,50.23,72.63,96.79,85.82,96.63,5.43,45.61,38.99,69.75,31.36,88.37,15.24,10.04,60.51,59.58,74.82,23.99,23.45,18.02,27.99,56.69,77.06,40.42,17.95,9.06,81.96,25.17,27.66,86.78,82.09,75.66,15.02,51.91,51.3,12.65,54.08,22.25,21.07,73.21,88.63,53.15,73.54,82.94,59.31,60.83,63.72,72.46,33.96,33.13,95.78,68.8,74.2,77.61,48.76,59.36,22.47,21.07,25.44,17.03,28.87,85.57,106.48,37.51,43.14,49.36
86.6,21.49,115.34,27.05,26.18,56.26,32.7,8.83,85.65,114.21,85.21,61.63,89.92,44.14,111.08,82.82,72.73,105.87,59.88,12.95,25.35,120.31,114.98,65.75,20.01,75.3,51.91,108.71,37.84,82.65,66.68,112.01,113.86,96.91,124.88,59.44,74.49,36.69,114.09,46.69,30.74,28.69,9.82,22.75,0.0,112.09,104.3,107.66,113.79,89.92,99.77,81.5,16.61,71.07,93.47,92.81,106.66,117.48,20.51,66.46,59.83,90.59,52.2,109.21,36.09,30.89,81.35,80.42,95.66,8.65,29.29,25.98,48.84,77.53,97.9,61.26,21.9,17.01,102.81,46.01,48.51,107.63,102.93,96.5,35.86,72.75,72.14,11.85,74.92,43.09,33.81,94.05,109.47,52.21,79.24,88.3,80.15,68.9,66.32,64.21,17.95,38.98,100.38,81.13,88.92,98.45,40.72,60.33,17.55,11.97,6.46,6.67,12.86,76.19,100.78,58.35,41.44,29.32
21.94,92.47,14.02,86.19,63.0,68.46,62.13,89.42,16.29,23.84,22.24,59.13,9.45,50.9,7.63,21.5,24.65,32.37,42.96,94.81,87.18,32.51,43.53,48.87,68.5,27.34,44.64,18.34,101.5,18.98,59.48,40.56,42.41,13.7,53.43,60.54,33.55,72.52,42.64,44.42,87.61,91.71,101.17,91.25,112.09,0.0,25.54,6.68,42.18,15.95,25.67,42.06,94.14,37.63,12.01,6.17,12.15,45.87,91.13,45.91,55.63,20.97,60.93,37.6,89.03,83.83,28.87,26.43,15.45,90.37,77.1,81.28,101.72,33.42,26.29,50.26,83.2,94.76,31.2,98.89,67.05,36.02,15.74,18.75,75.68,48.51,33.04,98.35,41.01,95.97,71.08,22.33,37.86,42.18,22.38,12.75,30.32,31.62,31.9,26.83,76.5,86.79,8.47,30.24,21.01,21.75,49.06,34.1,108.16,106.77,111.14,102.73,96.71,23.15,15.86,59.58,55.17,70.83
32.73,84.69,12.75,78.41,86.73,60.67,86.26,100.45,33.3,11.62,28.58,51.34,34.37,67.65,21.89,41.25,41.65,6.02,57.22,87.02,79.39,13.42,32.18,55.96,86.14,44.46,63.96,8.23,93.72,48.77,51.7,29.21,31.06,38.62,29.9,52.76,46.03,64.74,31.29,61.17,79.82,83.92,93.38,83.46,104.3,25.54,0.0,21.11,30.99,26.63,9.8,37.24,89.32,51.41,30.62,31.09,16.8,22.29,86.31,41.09,50.81,20.19,56.11,26.41,84.21,79.01,24.05,32.97,21.85,94.52,72.28,76.46,96.9,28.6,15.1,45.44,78.38,89.94,20.0,94.07,62.23,24.82,15.57,14.53,70.86,43.69,40.55,93.53,36.19,91.15,66.26,14.57,16.91,59.75,48.4,37.67,50.5,48.56,63.58,52.84,91.06,81.97,26.76,40.41,37.95,39.36,67.47,65.71,103.34,101.95,106.32,97.91,91.89,49.16,33.8,65.88,71.0,89.24
15.29,88.05,20.54,81.77,57.91,64.03,57.04,103.81,12.98,19.41,17.81,54.7,15.51,45.81,12.82,20.93,21.33,27.94,35.38,90.38,82.75,28.09,39.11,59.32,63.41,24.02,42.13,13.91,97.08,25.04,55.06,36.14,37.99,19.76,49.01,56.12,49.39,68.09,38.22,39.33,83.18,87.28,96.74,86.82,107.66,6.68,21.11,0.0,37.76,11.53,21.24,37.63,89.71,34.32,8.7,12.22,7.72,41.44,86.71,41.49,51.2,16.55,56.51,33.18,84.61,79.41,24.44,22.0,11.02,94.92,72.68,76.86,97.29,28.99,21.87,45.84,78.77,90.34,26.77,94.47,62.63,31.59,11.31,14.33,71.25,44.08,29.72,93.92,36.58,91.54,66.66,17.91,33.43,38.87,28.44,18.81,27.01,28.31,37.96,32.88,66.01,82.36,14.53,20.16,17.7,19.11,46.57,40.15,103.74,102.35,106.71,98.3,92.28,29.2,21.91,66.27,50.1,68.34
44.71,94.18,41.53,87.9,96.22,70.16,95.75,109.94,45.28,33.45,38.08,60.83,51.02,77.14,41.9,53.24,53.64,25.92,66.71,96.51,88.88,25.57,18.24,65.45,95.63,53.95,73.46,37.01,103.21,60.75,61.19,15.36,12.48,55.27,30.14,62.25,55.53,74.23,19.34,70.66,89.31,93.42,102.87,92.95,113.79,42.18,30.99,37.76,0.0,38.72,26.32,47.27,99.35,61.44,42.7,47.76,36.78,22.5,96.34,51.12,60.84,30.22,66.14,24.54,94.24,89.04,34.08,43.0,33.93,104.55,82.31,86.49,106.93,38.63,16.98,55.47,88.41,99.97,11.59,104.1,72.26,12.3,33.05,26.62,80.88,53.72,50.58,103.56,46.22,101.18,76.29,24.97,19.54,69.78,60.48,54.34,60.53,70.71,73.61,64.93,101.09,91.99,46.74,52.49,50.03,51.44,77.5,75.74,113.37,111.98,116.35,107.94,101.92,61.25,57.44,75.91,81.02,99.27
7.54,70.31,27.73,64.03,54.24,46.29,53.37,86.07,9.31,26.59,10.25,36.96,18.41,42.14,19.07,17.26,17.66,28.88,31.71,72.64,65.01,36.28,40.04,41.58,71.76,20.35,38.46,21.09,79.34,24.78,37.32,37.07,38.92,29.03,49.94,38.38,31.66,50.36,39.15,35.67,65.44,69.55,79.0,69.08,89.92,15.95,26.63,11.53,38.72,0.0,22.17,23.32,75.4,30.65,6.7,21.5,13.98,42.37,72.39,27.18,36.89,15.38,42.2,34.1,70.3,65.1,17.48,12.02,7.42,80.61,58.37,62.55,82.98,16.22,22.79,31.53,64.46,76.02,27.7,80.16,48.31,32.52,14.63,15.25,56.94,29.77,26.64,79.61,22.27,77.23,52.35,18.84,34.36,35.2,24.48,22.82,23.34,24.64,34.0,28.93,62.34,68.05,23.94,16.49,14.03,15.44,42.9,36.2,89.43,88.04,92.4,83.99,77.97,25.25,31.19,51.96,46.43,64.67
28.19,80.15,20.34,73.87,82.19,56.14,81.73,95.92,28.76,19.21,24.05,46.81,34.5,63.11,25.38,36.72,37.12,12.05,52.68,82.49,74.86,19.45,27.65,51.42,81.6,39.92,59.43,15.82,89.18,44.23,47.16,24.67,26.52,38.75,37.54,48.22,41.5,60.2,26.75,56.63,75.29,79.39,88.85,78.93,99.77,25.67,9.8,21.24,26.32,22.17,0.0,32.7,84.78,46.88,26.08,31.14,20.16,30.14,81.77,36.56,46.27,15.66,51.58,21.87,79.68,74.48,19.51,28.43,17.31,89.99,67.75,71.93,92.36,24.06,10.56,40.91,73.84,85.4,15.47,89.54,57.69,20.29,16.43,10.0,66.32,39.15,36.02,88.99,31.65,86.61,61.73,10.04,22.13,55.22,43.86,37.72,45.97,44.02,59.04,48.31,86.53,77.43,30.13,35.87,33.41,34.82,62.93,61.18,98.81,97.42,101.78,93.37,87.35,44.63,40.83,61.34,66.46,84.7
20.22,61.89,48.96,55.61,63.93,37.87,63.46,77.65,29.48,47.82,18.82,28.54,38.58,44.85,44.69,37.43,27.99,39.48,34.42,64.22,56.59,53.92,48.59,33.16,63.34,21.66,41.17,42.32,70.92,44.95,28.9,45.62,47.47,55.14,58.49,29.96,23.24,41.94,47.7,38.37,57.02,61.13,70.58,60.66,81.5,42.06,37.24,37.63,47.27,23.32,32.7,0.0,67.29,29.38,26.87,51.03,40.06,50.87,64.28,19.06,28.78,23.99,34.08,42.61,62.18,56.98,14.75,13.82,29.06,72.49,50.25,54.43,74.87,10.93,31.3,23.41,56.35,67.91,36.2,72.04,40.2,41.02,36.33,29.9,48.83,14.91,18.52,71.5,8.38,69.12,44.23,27.45,42.87,37.72,42.21,57.62,28.47,38.65,41.55,50.28,69.03,59.94,50.02,37.47,34.19,35.6,45.44,43.68,81.31,79.92,84.29,75.88,69.86,45.41,60.72,43.85,48.97,67.21
72.3,5.54,101.04,18.77,21.81,41.95,28.34,18.02,71.34,99.9,70.9,47.32,76.55,39.78,96.77,69.45,67.33,91.56,47.1,10.14,9.64,106.0,100.67,51.45,19.06,60.99,45.19,94.41,29.37,70.31,52.37,97.7,99.55,83.54,110.57,45.13,60.19,27.02,99.78,42.33,20.01,20.22,8.7,14.27,16.61,94.14,89.32,89.71,99.35,75.4,84.78,67.29,0.0,56.99,79.39,79.52,92.59,103.4,10.49,52.38,45.75,76.52,38.12,95.14,27.68,22.48,67.28,66.35,81.59,13.41,19.62,16.3,40.43,63.46,83.83,47.19,12.23,9.19,88.73,37.61,27.24,93.55,88.85,82.42,22.11,58.68,58.07,6.04,60.84,34.68,24.13,79.98,95.39,47.84,69.06,75.36,66.08,56.14,56.14,64.38,18.89,29.3,102.55,75.57,80.97,84.38,39.54,50.15,15.86,14.47,19.26,10.85,13.8,76.36,87.49,39.89,37.07,32.36
34.39,51.45,63.13,34.26,29.42,23.74,28.55,58.91,21.34,62.0,33.0,17.81,34.62,17.32,46.97,27.51,15.11,53.66,6.89,42.15,46.16,68.1,62.77,11.94,34.92,20.02,13.64,56.5,60.49,28.37,6.9,59.8,61.65,41.6,72.67,17.46,8.72,31.5,61.88,10.85,46.59,50.69,48.51,50.23,71.07,37.63,51.41,34.32,61.44,30.65,46.88,29.38,56.99,0.0,28.7,37.59,41.88,65.49,53.33,14.22,16.48,38.6,23.13,57.22,51.23,46.03,29.36,28.43,35.36,56.22,39.3,43.48,63.91,25.54,45.91,16.24,45.4,56.96,50.82,61.09,29.25,55.64,50.94,44.51,37.87,20.36,17.0,60.54,22.93,58.17,33.28,42.06,57.48,6.71,27.12,33.42,10.81,11.31,14.2,22.94,37.52,37.15,45.16,23.53,30.6,34.01,18.08,11.8,70.36,68.97,73.34,64.92,43.87,28.84,45.55,21.5,19.67,39.85
11.08,73.85,31.71,67.57,52.29,49.84,51.42,81.78,7.36,30.58,14.24,40.51,16.46,40.19,18.09,15.31,15.71,32.86,29.76,76.19,68.56,40.27,44.03,39.94,57.79,18.4,36.51,25.08,82.88,22.83,35.86,41.06,42.91,23.74,53.93,41.92,24.62,53.9,43.14,33.71,68.99,73.09,82.55,72.63,93.47,12.01,30.62,8.7,42.7,6.7,26.08,26.87,79.39,28.7,0.0,16.21,17.93,46.35,75.94,30.72,40.43,19.36,45.74,38.09,73.84,68.64,21.02,15.57,11.41,84.15,61.91,66.09,86.52,19.76,26.78,35.07,68.01,79.57,31.68,83.7,51.86,36.5,18.62,19.24,60.48,33.31,24.1,83.15,25.82,80.78,55.89,22.82,38.35,33.24,22.53,22.79,21.38,22.69,32.05,26.97,60.39,71.59,18.92,14.54,12.08,13.49,40.95,34.24,92.97,91.58,95.95,87.53,81.52,23.29,25.89,48.89,44.48,62.72
22.49,73.98,16.97,63.12,58.28,74.0,57.41,84.7,20.49,29.39,27.79,64.67,12.03,46.18,10.58,16.78,31.49,37.92,38.24,71.01,92.72,38.06,49.08,48.82,63.78,31.53,39.92,23.89,107.05,14.26,44.75,46.11,47.96,8.98,58.98,66.09,39.5,78.07,48.19,39.7,93.16,97.26,77.37,96.79,92.81,6.17,31.09,12.22,47.76,21.5,31.14,51.03,79.52,37.59,16.21,0.0,17.7,51.41,96.68,51.46,61.18,26.52,66.48,43.15,94.58,89.38,34.42,28.7,21.0,85.65,66.25,86.83,107.27,38.97,31.84,55.81,88.75,100.31,36.74,104.44,72.6,41.56,21.29,24.3,81.22,54.06,37.23,103.9,46.56,101.52,76.63,27.88,43.41,42.13,17.66,8.03,36.27,31.49,27.18,22.11,71.77,65.99,10.23,25.52,22.96,17.03,44.34,29.37,113.71,112.32,98.96,108.28,79.28,18.43,10.79,54.86,50.45,66.11
19.97,87.04,16.23,80.77,89.08,63.03,88.62,102.81,20.54,15.1,20.27,53.7,20.98,53.37,5.09,28.49,28.89,20.6,42.94,89.38,81.75,23.77,38.11,58.32,88.5,31.58,49.69,9.6,96.08,30.51,54.06,35.14,36.99,25.23,48.01,55.12,48.39,67.09,37.22,46.89,82.18,86.28,95.74,85.82,106.66,12.15,16.8,7.72,36.78,13.98,20.16,40.06,92.59,41.88,17.93,17.7,0.0,40.49,88.67,43.45,53.17,16.24,58.48,32.22,86.58,81.38,26.41,24.46,13.48,96.88,74.64,78.82,99.26,30.96,20.91,47.81,80.74,92.3,25.82,96.44,64.59,30.64,7.87,13.37,73.22,46.05,42.91,95.89,38.55,93.51,68.63,16.95,32.48,46.42,33.91,24.28,34.56,35.87,43.43,38.36,93.43,84.33,9.96,27.72,25.26,26.67,54.13,45.62,105.71,104.31,108.68,100.27,94.25,34.68,17.0,68.24,57.66,75.9
48.39,97.86,26.09,91.58,99.9,73.84,99.43,113.63,48.96,16.16,41.76,64.52,54.7,80.82,45.58,56.92,57.32,16.65,70.39,100.2,92.57,8.05,14.51,69.13,99.31,57.63,77.14,21.68,106.89,64.43,64.87,7.69,21.14,58.95,8.36,65.93,59.21,77.91,9.26,74.34,93.0,97.1,106.55,96.63,117.48,45.87,22.29,41.44,22.5,42.37,30.14,50.87,103.4,65.49,46.35,51.41,40.49,0.0,99.93,54.71,64.42,33.81,69.73,28.55,97.83,92.63,37.66,46.59,37.52,108.14,85.9,90.08,110.51,42.21,20.56,59.06,91.99,103.55,15.6,107.69,75.84,14.76,36.64,30.2,84.47,57.3,54.17,107.14,49.8,104.76,79.88,28.56,26.28,73.37,64.07,57.93,64.12,74.3,77.19,68.52,104.68,95.58,50.33,56.08,53.62,55.03,81.08,79.33,116.96,115.57,119.93,111.52,105.5,64.84,61.03,79.49,84.61,102.85
69.29,10.22,98.03,32.02,26.66,38.94,39.88,24.79,68.33,96.9,67.9,44.31,83.98,52.36,93.76,80.13,64.32,88.55,59.51,21.68,6.28,102.99,97.66,48.44,23.91,57.99,57.78,91.4,20.52,80.99,49.37,94.69,96.54,104.21,107.56,42.12,57.18,35.27,96.77,54.91,10.87,11.38,15.47,5.43,20.51,91.13,86.31,86.71,96.34,72.39,81.77,64.28,10.49,53.33,75.94,96.68,88.67,99.93,0.0,49.14,42.51,73.28,34.88,91.9,18.77,13.57,64.04,63.11,78.35,20.19,26.98,13.61,31.52,60.22,80.59,43.95,13.94,6.74,85.49,28.7,31.19,90.31,85.61,79.18,14.23,55.44,54.83,10.32,57.6,25.77,24.59,76.74,92.16,56.68,77.07,86.46,62.84,64.36,67.25,75.99,29.04,36.66,99.31,72.33,77.73,81.14,52.28,62.89,20.14,18.75,23.12,14.7,27.46,89.1,110.01,41.04,46.67,37.21
24.07,46.84,52.81,40.56,41.65,19.62,40.78,62.61,20.6,51.68,22.68,13.2,36.25,29.55,48.55,33.25,14.85,43.34,19.12,49.18,41.54,57.77,52.45,16.54,48.29,11.8,25.87,46.18,55.87,34.11,6.93,49.47,51.33,47.34,62.35,13.34,7.94,26.89,51.55,23.07,41.98,46.08,55.53,45.61,66.46,45.91,41.09,41.49,51.12,27.18,36.56,19.06,52.38,14.22,30.72,51.46,43.45,54.71,49.14,0.0,12.36,28.3,18.5,46.92,46.6,41.4,19.06,18.13,33.37,56.9,34.66,38.84,59.28,15.24,35.61,5.19,40.76,52.32,40.51,56.46,24.61,45.33,40.64,34.2,33.24,10.06,8.22,55.91,12.63,53.53,28.65,31.76,47.18,22.59,27.57,38.72,13.35,23.52,26.42,35.16,49.75,44.35,54.33,22.84,29.47,32.88,30.31,28.56,65.73,64.33,68.7,60.29,54.27,34.14,50.85,27.43,33.84,52.08
33.78,40.21,62.52,33.93,42.25,13.21,41.78,55.98,32.83,61.39,32.39,8.76,48.48,23.96,58.26,43.28,28.82,53.05,22.66,42.55,34.92,67.49,62.16,7.94,41.66,22.48,29.41,55.89,49.24,44.14,12.52,59.19,61.04,57.38,72.06,6.92,21.67,19.59,61.27,26.62,35.35,39.45,48.91,38.99,59.83,55.63,50.81,51.2,60.84,36.89,46.27,28.78,45.75,16.48,40.43,61.18,53.17,64.42,42.51,12.36,0.0,38.07,11.47,56.68,40.07,34.87,28.83,27.89,43.13,50.38,28.14,32.32,52.75,25.01,45.37,7.16,34.23,45.8,50.28,49.93,18.09,55.1,50.4,43.97,26.71,20.23,19.62,49.38,22.39,47.0,22.12,41.53,56.94,14.76,41.85,49.19,27.63,27.08,29.97,38.71,46.92,28.14,64.1,37.12,42.52,45.93,26.45,27.58,59.2,57.81,62.17,53.76,47.75,44.61,61.32,21.01,17.3,54.05
21.4,70.98,25.6,64.7,73.02,46.96,72.55,86.74,21.97,24.47,11.07,37.63,31.07,53.94,21.33,29.92,30.32,22.43,43.5,73.31,65.68,36.87,31.54,42.25,72.43,30.75,50.25,18.97,80.01,37.44,37.99,28.57,30.42,34.05,41.44,39.05,32.32,51.02,30.65,47.46,66.11,70.21,79.67,69.75,90.59,20.97,20.19,16.55,30.22,15.38,15.66,23.99,76.52,38.6,19.36,26.52,16.24,33.81,73.28,28.3,38.07,0.0,42.72,25.79,70.82,65.62,10.65,19.58,12.06,81.13,58.89,63.07,83.5,15.21,14.48,32.05,64.99,76.55,19.38,80.68,48.84,24.2,12.51,13.07,57.46,30.29,27.16,80.13,22.8,77.76,52.87,10.63,26.04,46.36,37.14,33.11,37.11,37.3,50.19,41.59,77.67,68.57,26.21,29.15,26.69,28.1,54.08,52.32,89.95,88.56,92.93,84.51,78.5,37.91,36.22,52.48,57.6,75.84
39.09,32.58,67.83,26.3,34.62,8.24,34.16,48.35,38.14,66.7,37.7,14.12,53.78,27.17,63.57,49.94,34.13,58.36,29.32,34.92,27.29,72.8,67.47,18.24,34.04,27.79,36.07,61.2,41.61,50.8,19.17,64.5,66.35,74.02,77.37,11.42,26.98,12.31,66.58,33.27,27.72,31.82,41.28,31.36,52.2,60.93,56.11,56.51,66.14,42.2,51.58,34.08,38.12,23.13,45.74,66.48,58.48,69.73,34.88,18.5,11.47,42.72,0.0,61.21,32.79,27.59,33.35,32.42,47.66,43.09,20.85,25.04,45.47,29.53,49.9,13.26,26.95,38.51,54.81,42.65,10.8,59.63,54.93,48.5,19.43,24.75,24.14,42.1,26.92,39.72,14.84,46.05,61.47,25.99,46.38,55.78,32.15,33.67,36.56,45.3,39.64,20.86,68.62,41.64,47.05,50.45,46.16,34.17,51.92,50.53,54.89,46.48,40.46,51.2,79.32,16.05,18.54,46.77
40.13,89.59,36.95,83.31,91.63,65.58,91.17,105.36,40.7,34.13,33.49,56.25,46.43,72.55,37.32,48.65,49.05,28.65,62.12,91.93,84.3,31.61,25.86,60.87,91.05,49.36,68.87,32.42,98.63,56.17,56.61,23.31,24.74,50.68,36.19,57.67,50.94,69.64,25.39,66.08,84.73,88.83,98.29,88.37,109.21,37.6,26.41,33.18,24.54,34.1,21.87,42.61,95.14,57.22,38.09,43.15,32.22,28.55,91.9,46.92,56.68,25.79,61.21,0.0,89.76,84.56,29.6,38.52,29.45,100.07,77.83,82.01,102.45,34.15,12.47,50.99,83.93,95.49,13.54,99.62,67.78,18.36,28.57,22.14,76.4,49.24,46.1,99.08,41.74,96.7,71.81,20.49,20.2,65.3,56.0,49.86,56.05,66.23,69.13,60.45,96.61,87.51,42.26,48.01,45.55,46.96,73.02,71.26,108.89,107.5,111.87,103.46,97.44,56.77,52.96,71.43,76.54,94.79
67.19,28.73,95.93,29.93,38.25,36.84,37.78,41.94,66.24,94.8,65.8,42.22,81.88,50.27,91.67,78.04,62.23,86.46,57.42,31.07,18.12,100.9,95.57,46.34,30.71,55.89,55.68,89.3,8.36,78.9,47.27,92.6,94.45,102.12,105.47,40.02,55.08,33.18,94.68,52.82,11.08,10.53,32.62,15.24,36.09,89.03,84.21,84.61,94.24,70.3,79.68,62.18,27.68,51.23,73.84,94.58,86.58,97.83,18.77,46.6,40.07,70.82,32.79,89.76,0.0,5.72,61.5,60.56,75.8,37.4,24.43,19.01,12.06,57.68,78.04,41.4,24.37,22.47,82.95,9.24,28.65,87.77,83.07,76.64,16.0,52.9,52.28,26.06,55.06,9.13,22.05,74.2,89.61,54.13,74.52,83.92,60.3,61.81,64.71,73.44,36.89,34.12,96.77,69.79,75.19,78.6,49.74,60.35,35.88,34.49,38.85,30.44,37.88,86.56,107.47,38.49,44.12,50.35
61.99,23.53,90.73,24.73,33.05,31.64,32.58,36.74,61.04,89.6,60.6,37.02,76.68,45.07,86.47,72.84,57.03,81.26,52.22,25.87,12.92,95.7,90.37,41.14,25.52,50.69,50.48,84.1,13.36,73.7,42.07,87.4,89.25,96.92,100.27,34.82,49.88,27.98,89.48,47.62,5.88,8.49,27.42,10.04,30.89,83.83,79.01,79.41,89.04,65.1,74.48,56.98,22.48,46.03,68.64,89.38,81.38,92.63,13.57,41.4,34.87,65.62,27.59,84.56,5.72,0.0,56.29,55.36,70.6,32.2,19.23,13.81,17.06,52.47,72.84,36.2,19.17,17.27,77.75,14.24,23.45,82.57,77.87,71.44,10.8,47.7,47.08,20.86,49.86,14.13,16.85,69.0,84.41,48.93,69.32,78.72,55.09,56.61,59.51,68.24,31.68,28.91,91.57,64.59,69.99,73.4,44.54,55.15,30.68,29.29,33.65,25.24,32.68,81.36,102.27,33.29,38.92,45.15
14.37,61.74,35.76,55.46,63.78,37.72,63.31,77.5,23.63,34.63,5.63,28.39,32.73,44.7,31.5,31.58,27.84,26.29,34.27,64.07,56.44,40.73,35.4,33.01,63.19,21.51,41.01,29.13,70.77,39.1,28.75,32.43,34.28,41.95,45.3,29.81,23.08,41.78,34.51,38.22,56.87,60.97,70.43,60.51,81.35,28.87,24.05,24.44,34.08,17.48,19.51,14.75,67.28,29.36,21.02,34.42,26.41,37.66,64.04,19.06,28.83,10.65,33.35,29.6,61.5,56.29,0.0,10.55,15.81,72.1,49.86,54.05,74.48,6.18,18.05,23.03,55.96,67.52,22.95,71.66,39.81,27.77,23.08,16.65,48.44,21.27,18.14,71.11,13.77,68.73,43.85,14.2,29.62,37.33,38.8,44.37,28.09,38.27,41.16,43.25,68.65,59.55,36.77,37.09,28.35,29.76,45.05,43.3,80.93,79.54,83.9,75.49,69.47,39.57,47.47,43.46,48.58,66.82
8.92,60.8,38.24,54.52,62.84,36.79,62.38,76.57,18.18,37.11,6.84,27.46,27.28,43.76,29.55,26.13,17.09,35.21,33.33,63.14,55.51,49.65,44.32,32.08,62.26,10.76,40.08,31.61,69.84,33.65,27.82,41.35,43.2,36.23,54.22,28.88,22.15,40.85,43.43,37.29,55.94,60.04,69.5,59.58,80.42,26.43,32.97,22.0,43.0,12.02,28.43,13.82,66.35,28.43,15.57,28.7,24.46,46.59,63.11,18.13,27.89,19.58,32.42,38.52,60.56,55.36,10.55,0.0,17.94,71.1,48.86,53.04,73.48,6.72,27.09,22.03,54.96,66.52,31.99,70.65,38.81,36.81,25.15,25.68,47.44,20.27,17.13,70.11,12.77,67.73,42.85,23.24,38.65,36.33,33.35,31.69,27.09,24.02,40.16,37.79,67.65,58.55,34.42,25.36,22.89,24.3,44.05,42.3,79.93,78.53,82.9,74.49,68.47,34.11,36.66,42.46,47.58,65.82
13.45,76.04,22.94,69.76,58.95,52.03,58.08,91.81,14.02,21.81,9.42,42.7,23.12,46.85,18.57,21.97,22.37,24.09,36.42,78.38,70.75,31.49,35.26,47.32,64.45,25.06,43.17,16.31,85.08,29.49,43.06,32.28,34.14,28.53,45.16,44.12,37.39,56.09,34.36,40.37,71.18,75.28,84.74,74.82,95.66,15.45,21.85,11.02,33.93,7.42,17.31,29.06,81.59,35.36,11.41,21.0,13.48,37.52,78.35,33.37,43.13,12.06,47.66,29.45,75.8,70.6,15.81,17.94,0.0,86.38,64.14,68.32,88.75,20.46,18.01,37.3,70.24,81.8,22.91,85.93,54.09,27.73,9.85,10.47,62.71,35.54,32.41,85.38,28.05,83.0,58.12,14.05,29.57,39.9,29.19,27.59,28.05,29.35,38.71,33.64,67.05,73.82,23.45,21.2,18.74,20.15,47.61,40.9,95.2,93.81,98.18,89.76,83.75,29.96,30.69,57.73,51.14,69.38
77.5,18.34,106.24,22.57,24.39,47.15,30.91,5.02,71.73,105.11,76.11,52.52,82.68,42.6,101.98,75.58,65.5,96.76,52.65,8.48,25.12,111.2,105.88,56.65,15.53,66.2,44.67,99.61,39.08,75.41,57.58,102.9,104.76,89.67,115.78,50.33,62.91,32.22,104.98,45.15,29.71,29.93,6.39,23.99,8.65,90.37,94.52,94.92,104.55,80.61,89.99,72.49,13.41,56.22,84.15,85.65,96.88,108.14,20.19,56.9,50.38,81.13,43.09,100.07,37.4,32.2,72.1,71.1,86.38,0.0,24.82,21.5,50.07,68.66,89.03,52.39,17.43,18.25,93.93,47.25,32.44,98.75,94.06,87.62,27.31,63.88,63.27,13.4,66.04,44.32,29.34,85.18,100.6,50.66,72.01,81.06,65.01,61.66,59.08,56.97,13.48,34.5,93.15,73.89,81.68,87.61,33.49,53.09,23.12,20.24,14.72,8.82,8.39,68.96,93.54,45.09,39.89,22.09
55.26,14.07,84.0,6.16,14.48,24.91,14.02,29.84,54.31,82.87,53.87,30.28,63.28,26.5,79.74,56.18,50.29,74.52,33.83,16.41,16.11,88.96,83.64,34.41,17.16,43.96,31.92,77.37,33.71,57.04,35.34,80.66,82.52,70.27,93.54,28.09,43.15,8.97,82.74,29.05,13.79,23.91,22.77,23.45,29.29,77.1,72.28,72.68,82.31,58.37,67.75,50.25,19.62,39.3,61.91,66.25,74.64,85.9,26.98,34.66,28.14,58.89,20.85,77.83,24.43,19.23,49.86,48.86,64.14,24.82,0.0,8.91,37.41,46.43,66.8,30.16,8.67,30.45,71.71,34.58,9.19,76.53,71.83,65.4,8.87,41.66,41.04,25.05,43.82,31.66,5.16,62.95,78.37,34.57,55.79,62.08,49.05,42.87,42.87,51.1,19.74,10.64,85.52,58.54,63.95,67.35,26.27,36.87,34.86,33.47,38.26,29.85,22.19,63.08,74.21,21.23,23.8,26.87
59.44,10.76,88.18,14.96,15.49,29.09,22.82,26.53,58.49,87.05,58.05,34.47,74.13,35.3,83.92,70.29,54.47,78.71,42.63,13.1,7.45,93.15,87.82,38.59,12.74,48.14,40.72,81.55,28.28,71.15,39.52,84.84,86.7,94.36,97.72,32.27,47.33,16.32,86.92,37.85,9.25,18.49,19.46,18.02,25.98,81.28,76.46,76.86,86.49,62.55,71.93,54.43,16.3,43.48,66.09,86.83,78.82,90.08,13.61,38.84,32.32,63.07,25.04,82.01,19.01,13.81,54.05,53.04,68.32,21.5,8.91,0.0,31.79,50.36,70.72,34.08,5.36,19.0,75.63,28.97,21.33,80.45,75.75,69.32,5.81,45.58,44.97,21.73,47.74,26.05,12.0,66.88,82.29,46.82,67.2,76.6,52.98,54.49,57.39,59.06,17.88,18.6,89.45,62.47,67.87,71.28,34.22,44.83,31.55,30.16,34.95,26.54,18.87,71.04,100.15,31.17,31.75,26.04
79.87,42.55,108.61,42.61,50.93,49.53,50.46,54.69,78.92,107.48,78.48,54.9,94.56,62.95,104.35,90.72,74.91,99.14,70.1,44.89,31.92,113.58,108.25,59.02,44.54,68.57,68.36,101.98,13.16,91.58,59.95,105.28,107.13,114.8,118.15,52.71,67.76,45.86,107.36,65.5,24.88,18.82,45.37,27.99,48.84,101.72,96.9,97.29,106.93,82.98,92.36,74.87,40.43,63.91,86.52,107.27,99.26,110.51,31.52,59.28,52.75,83.5,45.47,102.45,12.06,17.06,74.48,73.48,88.75,50.07,37.41,31.79,0.0,70.02,90.39,53.75,36.71,34.89,95.29,5.91,40.99,100.11,95.41,88.98,28.35,65.24,64.63,38.48,67.4,11.22,34.39,86.54,101.95,66.48,86.87,96.26,72.64,74.16,77.05,85.79,49.23,46.46,109.11,82.13,87.53,90.94,62.08,72.69,48.29,46.9,51.27,42.85,50.22,98.9,119.81,50.84,56.47,62.69
13.11,57.92,40.32,51.64,59.96,33.9,59.49,73.68,22.37,39.18,10.18,24.57,31.47,40.88,36.05,30.33,24.02,30.84,30.45,60.25,52.62,45.28,39.95,29.19,59.37,17.69,37.2,33.69,66.95,37.85,24.93,36.98,38.83,46.5,49.85,25.99,19.26,37.97,39.06,34.4,53.05,57.15,66.61,56.69,77.53,33.42,28.6,28.99,38.63,16.22,24.06,10.93,63.46,25.54,19.76,38.97,30.96,42.21,60.22,15.24,25.01,15.21,29.53,34.15,57.68,52.47,6.18,6.72,20.46,68.66,46.43,50.36,70.02,0.0,22.61,19.19,52.13,63.69,27.52,67.82,35.98,32.34,27.64,21.21,44.61,17.44,14.3,67.28,9.94,64.9,40.01,18.77,34.18,33.5,37.55,48.93,24.26,34.43,37.33,46.06,64.82,55.72,41.34,33.26,27.09,28.5,41.22,39.47,77.1,75.7,80.07,71.66,65.64,38.31,52.04,39.63,44.75,62.99
28.82,78.28,25.64,72.0,80.32,54.27,79.86,94.05,29.39,24.5,22.18,44.94,35.12,61.24,26.0,37.34,37.74,17.34,50.81,80.62,72.99,23.63,18.3,49.56,79.74,38.05,57.56,21.11,87.32,44.86,45.3,15.33,17.18,39.37,28.2,46.36,39.63,58.33,17.41,54.77,73.42,77.52,86.98,77.06,97.9,26.29,15.1,21.87,16.98,22.79,10.56,31.3,83.83,45.91,26.78,31.84,20.91,20.56,80.59,35.61,45.37,14.48,49.9,12.47,78.04,72.84,18.05,27.09,18.01,89.03,66.8,70.72,90.39,22.61,0.0,39.35,72.28,83.84,6.1,87.98,56.13,10.92,16.93,10.49,64.76,37.59,34.46,87.43,30.09,85.05,60.17,8.85,12.77,53.66,44.36,38.22,44.41,54.59,57.48,48.81,84.97,75.87,30.62,36.37,33.91,35.32,61.37,59.62,97.25,95.86,100.22,91.81,85.79,45.13,41.32,59.78,64.9,83.14
28.42,41.64,57.16,35.36,43.68,14.43,43.22,57.41,24.95,56.03,27.03,8.01,40.6,33.9,52.9,37.61,19.2,47.69,23.47,43.98,36.35,62.13,56.8,11.35,43.1,16.15,30.22,50.53,50.68,38.47,9.37,53.83,55.68,51.7,66.7,8.15,12.29,21.69,55.91,27.43,36.78,40.88,50.34,40.42,61.26,50.26,45.44,45.84,55.47,31.53,40.91,23.41,47.19,16.24,35.07,55.81,47.81,59.06,43.95,5.19,7.16,32.05,13.26,50.99,41.4,36.2,23.03,22.03,37.3,52.39,30.16,34.08,53.75,19.19,39.35,0.0,35.57,47.13,44.87,51.26,19.42,49.69,44.99,38.56,28.04,14.41,12.57,50.71,16.98,48.33,23.45,36.11,51.53,19.14,31.93,43.07,17.7,27.88,30.77,39.51,48.25,39.15,58.68,27.19,33.83,37.23,34.66,32.91,60.53,59.14,63.51,55.09,49.08,38.49,55.2,22.23,21.68,55.38
61.35,6.68,90.1,14.72,14.0,31.01,22.58,22.45,60.4,88.96,59.96,36.38,76.05,35.06,85.83,64.74,56.39,80.62,42.39,9.02,11.19,95.06,89.73,40.51,11.25,50.05,40.48,83.46,33.64,65.6,41.43,86.76,88.61,78.83,99.63,34.19,49.25,16.08,88.84,37.61,14.62,23.85,15.38,17.95,21.9,83.2,78.38,78.77,88.41,64.46,73.84,56.35,12.23,45.4,68.01,88.75,80.74,91.99,13.94,40.76,34.23,64.99,26.95,83.93,24.37,19.17,55.96,54.96,70.24,17.43,8.67,5.36,36.71,52.13,72.28,35.57,0.0,19.33,77.79,34.33,16.3,82.61,77.91,71.48,11.17,47.74,47.13,17.66,49.9,31.41,13.19,69.04,84.45,42.28,69.36,69.8,55.14,50.58,50.58,58.82,16.39,18.36,91.61,64.63,70.03,73.44,33.98,44.59,27.47,26.08,30.87,22.46,14.8,70.8,81.93,28.95,31.51,24.55
72.92,14.12,101.66,35.65,30.39,42.57,43.51,22.87,71.96,100.53,71.53,47.94,87.61,55.99,97.39,83.76,67.95,92.18,63.14,19.73,11.67,106.62,101.29,52.07,27.64,61.62,61.41,95.03,24.15,84.62,53.0,98.32,100.17,107.84,111.19,45.75,60.81,38.9,100.4,58.54,17.06,15.01,13.54,9.06,17.01,94.76,89.94,90.34,99.97,76.02,85.4,67.91,9.19,56.96,79.57,100.31,92.3,103.55,6.74,52.32,45.8,76.55,38.51,95.49,22.47,17.27,67.52,66.52,81.8,18.25,30.45,19.0,34.89,63.69,83.84,47.13,19.33,0.0,89.04,32.24,34.74,93.86,89.16,82.73,22.09,58.99,58.37,6.92,61.15,29.32,28.14,80.29,95.7,60.22,80.61,90.01,66.39,67.9,70.8,79.53,28.23,40.21,102.86,75.88,81.28,84.69,55.83,66.44,16.73,15.34,19.71,11.3,23.14,92.65,113.56,44.58,50.21,39.94
33.72,83.19,30.54,76.91,85.23,59.17,84.76,98.96,34.29,22.46,27.09,49.84,40.03,66.15,30.91,42.25,42.65,14.93,55.72,85.52,77.89,18.67,12.91,54.46,84.64,42.96,62.47,26.02,92.22,49.76,50.2,8.46,11.79,44.28,23.24,51.26,44.54,63.24,12.45,59.67,78.33,82.43,91.88,81.96,102.81,31.2,20.0,26.77,11.59,27.7,15.47,36.2,88.73,50.82,31.68,36.74,25.82,15.6,85.49,40.51,50.28,19.38,54.81,13.54,82.95,77.75,22.95,31.99,22.91,93.93,71.71,75.63,95.29,27.52,6.1,44.87,77.79,89.04,0.0,93.11,61.26,5.41,22.05,15.62,69.89,42.72,39.59,92.56,35.22,90.18,65.3,13.97,8.54,58.78,49.49,43.35,49.54,59.72,62.61,53.93,90.1,81.0,35.75,41.5,39.04,40.44,66.5,64.75,102.38,100.99,105.35,96.94,90.92,50.25,46.45,64.91,70.03,88.27
77.05,39.73,105.79,39.79,48.11,46.7,47.64,51.87,76.1,104.66,75.66,52.08,91.74,60.13,101.53,87.9,72.09,96.32,67.28,42.07,29.1,110.76,105.43,56.2,41.71,65.75,65.54,99.16,10.34,88.76,57.13,102.46,104.31,111.97,115.33,49.88,64.94,43.04,104.54,62.68,22.05,16.0,42.54,25.17,46.01,98.89,94.07,94.47,104.1,80.16,89.54,72.04,37.61,61.09,83.7,104.44,96.44,107.69,28.7,56.46,49.93,80.68,42.65,99.62,9.24,14.24,71.66,70.65,85.93,47.25,34.58,28.97,5.91,67.82,87.98,51.26,34.33,32.24,93.11,0.0,38.17,97.29,92.59,86.16,25.52,62.42,61.8,35.65,64.58,8.4,31.57,83.72,99.13,63.65,84.04,93.44,69.82,71.33,74.23,82.96,46.41,43.64,106.29,79.31,84.71,88.12,59.26,69.87,45.47,44.08,48.44,40.03,47.4,96.08,116.99,48.01,53.64,59.87
45.21,21.69,73.95,15.42,23.73,13.31,23.27,37.46,44.25,72.82,43.82,20.23,59.9,28.15,69.68,56.05,40.24,64.47,35.43,24.03,23.6,78.91,73.58,24.36,23.15,33.91,42.18,67.32,37.92,56.91,25.29,70.61,72.46,80.13,83.48,18.04,33.1,8.48,72.69,39.38,24.03,28.13,30.39,27.66,48.51,67.05,62.23,62.63,72.26,48.31,57.69,40.2,27.24,29.25,51.86,72.6,64.59,75.84,31.19,24.61,18.09,48.84,10.8,67.78,28.65,23.45,39.81,38.81,54.09,32.44,9.19,21.33,40.99,35.98,56.13,19.42,16.3,34.74,61.26,38.17,0.0,66.67,61.98,55.55,15.39,31.8,31.19,38.06,33.97,35.68,10.8,53.1,68.52,33.04,53.43,62.83,39.2,40.72,43.61,52.35,28.98,15.33,75.67,48.69,54.09,57.5,35.51,41.21,47.88,46.48,50.85,42.44,29.81,58.25,86.37,13.89,19.52,36.12
38.54,88.01,35.36,81.73,90.05,63.99,89.58,103.78,39.11,25.94,31.91,54.66,44.85,70.97,35.73,47.07,47.47,19.75,60.54,90.35,82.71,17.83,8.35,59.28,89.46,47.78,67.29,30.84,97.04,54.58,55.02,7.62,9.32,49.1,22.4,56.08,49.36,68.06,11.61,64.49,83.15,87.25,96.7,86.78,107.63,36.02,24.82,31.59,12.3,32.52,20.29,41.02,93.55,55.64,36.5,41.56,30.64,14.76,90.31,45.33,55.1,24.2,59.63,18.36,87.77,82.57,27.77,36.81,27.73,98.75,76.53,80.45,100.11,32.34,10.92,49.69,82.61,93.86,5.41,97.29,66.67,0.0,26.87,20.44,74.71,47.54,44.41,97.38,40.04,95.0,70.12,18.79,13.36,63.61,54.31,48.17,54.36,64.54,67.43,58.75,94.92,85.82,40.57,46.32,43.86,45.27,71.32,69.57,107.2,105.81,110.17,101.76,95.74,55.07,51.27,69.73,74.85,93.09
20.66,83.31,15.0,77.03,85.35,59.3,84.89,99.08,21.23,13.87,16.63,49.97,24.57,66.27,12.97,29.18,29.58,19.37,55.84,85.65,78.02,22.54,34.37,54.58,84.77,32.27,62.59,8.37,92.34,36.7,50.33,31.4,33.25,28.82,44.27,51.38,44.66,63.36,33.48,59.79,78.45,82.55,92.01,82.09,102.93,15.74,15.57,11.31,33.05,14.63,16.43,36.33,88.85,50.94,18.62,21.29,7.87,36.64,85.61,40.64,50.4,12.51,54.93,28.57,83.07,77.87,23.08,25.15,9.85,94.06,71.83,75.75,95.41,27.64,16.93,44.99,77.91,89.16,22.05,92.59,61.98,26.87,0.0,9.64,69.48,42.32,39.18,92.16,34.82,89.78,64.89,13.22,28.75,58.38,36.4,27.87,35.26,36.56,45.92,40.85,89.69,80.59,17.84,28.41,25.95,27.36,66.1,48.12,101.97,100.58,104.95,96.54,90.52,37.17,24.87,64.51,69.62,87.86
21.28,76.88,22.73,70.6,78.92,52.87,78.46,92.65,21.85,21.6,20.78,43.54,27.59,59.84,18.47,29.8,30.2,16.78,49.41,79.22,71.59,24.18,27.94,48.15,78.33,36.65,56.16,16.1,85.91,37.32,43.89,24.97,26.82,31.83,37.84,44.95,38.23,56.93,27.05,53.36,72.02,76.12,85.58,75.66,96.5,18.75,14.53,14.33,26.62,15.25,10.0,29.9,82.42,44.51,19.24,24.3,13.37,30.2,79.18,34.2,43.97,13.07,48.5,22.14,76.64,71.44,16.65,25.68,10.47,87.62,65.4,69.32,88.98,21.21,10.49,38.56,71.48,82.73,15.62,86.16,55.55,20.44,9.64,0.0,63.01,35.85,32.71,85.69,28.35,83.31,58.42,6.75,22.28,51.91,37.02,30.88,42.66,37.18,55.74,41.47,83.22,74.12,23.29,29.03,26.57,27.98,59.63,57.87,95.5,94.11,98.48,90.06,84.05,37.79,33.99,58.04,63.15,81.39
53.83,16.57,82.57,14.07,22.39,23.49,21.92,32.33,52.88,81.44,52.44,28.86,68.52,34.41,78.31,64.68,48.87,73.1,44.06,18.9,8.07,87.54,82.21,32.98,18.55,42.53,39.82,75.94,25.28,65.54,33.91,79.24,81.09,88.76,92.11,26.66,41.72,19.82,81.32,36.96,5.76,15.48,25.26,15.02,35.86,75.68,70.86,71.25,80.88,56.94,66.32,48.83,22.11,37.87,60.48,81.22,73.22,84.47,14.23,33.24,26.71,57.46,19.43,76.4,16.0,10.8,48.44,47.44,62.71,27.31,8.87,5.81,28.35,44.61,64.76,28.04,11.17,22.09,69.89,25.52,15.39,74.71,69.48,63.01,0.0,39.97,39.36,25.49,42.13,23.11,7.03,61.27,76.69,41.21,61.6,70.99,47.37,48.89,51.78,59.02,23.68,18.56,83.84,56.86,62.26,65.67,34.18,44.79,35.3,33.91,38.28,29.87,24.68,71.0,94.54,25.57,31.2,34.79
26.66,53.14,55.4,46.86,55.18,29.12,54.71,68.9,25.24,54.27,25.27,19.79,40.89,35.7,51.14,37.74,21.23,45.93,25.27,55.47,47.84,60.37,55.04,24.41,54.59,14.89,32.02,48.77,62.17,40.26,19.75,52.07,53.92,61.59,64.94,21.21,14.09,33.19,54.15,29.22,48.27,52.38,61.83,51.91,72.75,48.51,43.69,44.08,53.72,29.77,39.15,14.91,58.68,20.36,33.31,54.06,46.05,57.3,55.44,10.06,20.23,30.29,24.75,49.24,52.9,47.7,21.27,20.27,35.54,63.88,41.66,45.58,65.24,17.44,37.59,14.41,47.74,58.99,42.72,62.42,31.8,47.54,42.32,35.85,39.97,0.0,11.51,62.98,9.51,60.6,35.71,31.92,47.34,28.77,33.75,44.89,19.52,29.7,32.59,41.33,60.51,51.41,54.49,29.01,34.41,37.82,36.49,34.73,72.79,71.4,75.77,67.36,61.34,40.31,65.19,35.33,40.01,58.25
23.53,52.52,52.27,46.25,44.43,28.51,43.56,68.29,16.74,51.14,22.14,19.18,32.39,32.33,48.01,29.24,12.73,42.8,21.9,54.86,47.23,57.23,51.91,23.8,53.98,6.39,28.65,45.64,61.56,32.89,16.39,48.93,50.79,46.12,61.81,20.6,8.22,32.57,51.01,25.86,47.66,51.76,61.22,51.3,72.14,33.04,40.55,29.72,50.58,26.64,36.02,18.52,58.07,17.0,24.1,37.23,42.91,54.17,54.83,8.22,19.62,27.16,24.14,46.1,52.28,47.08,18.14,17.13,32.41,63.27,41.04,44.97,64.63,14.3,34.46,12.57,47.13,58.37,39.59,61.8,31.19,44.41,39.18,32.71,39.36,11.51,0.0,61.91,11.78,59.53,34.65,30.91,46.33,25.18,26.79,37.93,15.94,19.7,29.01,30.59,52.34,50.35,39.95,22.05,26.01,29.41,32.9,31.15,71.73,70.34,74.7,66.29,60.27,33.35,50.07,34.26,36.43,54.67
76.5,10.97,105.24,24.2,27.25,46.16,33.77,18.02,75.55,104.11,75.11,51.53,91.2,45.21,100.98,87.35,71.54,95.77,66.73,14.88,15.25,110.21,104.88,55.65,24.5,65.2,57.67,98.61,27.74,88.21,56.58,101.91,103.76,111.43,114.78,49.34,64.4,42.49,103.99,47.76,20.64,18.59,8.69,12.65,11.85,98.35,93.53,93.92,103.56,79.61,88.99,71.5,6.04,60.54,83.15,103.9,95.89,107.14,10.32,55.91,49.38,80.13,42.1,99.08,26.06,20.86,71.11,70.11,85.38,13.4,25.05,21.73,38.48,67.28,87.43,50.71,17.66,6.92,92.56,35.65,38.06,97.38,92.16,85.69,25.49,62.98,61.91,0.0,64.87,33.04,31.86,84.01,99.42,63.95,84.33,93.73,70.11,71.62,74.52,69.92,23.33,34.75,106.58,79.6,85.0,88.41,46.44,55.6,10.22,8.83,14.81,6.4,18.24,81.91,117.28,48.3,42.52,35.04
19.17,55.3,47.91,49.02,57.34,31.29,56.88,71.07,25.42,46.77,17.78,21.96,37.53,38.26,43.64,36.38,21.41,38.43,27.83,57.64,50.01,52.87,47.54,26.57,56.76,15.07,34.58,41.28,64.33,43.9,22.32,44.57,46.42,54.09,57.44,23.37,16.65,35.35,46.65,31.78,50.44,54.54,64.0,54.08,74.92,41.01,36.19,36.58,46.22,22.27,31.65,8.38,60.84,22.93,25.82,46.56,38.55,49.8,57.6,12.63,22.39,22.8,26.92,41.74,55.06,49.86,13.77,12.77,28.05,66.04,43.82,47.74,67.4,9.94,30.09,16.98,49.9,61.15,35.22,64.58,33.97,40.04,34.82,28.35,42.13,9.51,11.78,64.87,0.0,62.53,37.65,26.21,41.63,31.13,35.62,56.38,21.89,32.07,34.96,43.7,62.45,53.35,48.78,30.89,32.95,34.36,38.85,37.1,74.73,73.34,77.7,69.29,63.27,44.17,59.48,37.26,42.38,60.62
74.12,36.81,102.87,36.86,45.18,43.78,44.72,48.94,73.17,101.73,72.73,49.15,88.82,57.2,98.6,84.97,69.16,93.39,64.35,39.14,26.17,107.83,102.5,53.27,38.79,62.82,62.62,96.23,6.41,85.83,54.2,99.53,101.38,109.05,112.4,46.96,62.02,40.11,101.61,59.75,19.13,12.07,39.62,22.25,43.09,95.97,91.15,91.54,101.18,77.23,86.61,69.12,34.68,58.17,80.78,101.52,93.51,104.76,25.77,53.53,47.0,77.76,39.72,96.7,9.13,14.13,68.73,67.73,83.0,44.32,31.66,26.05,11.22,64.9,85.05,48.33,31.41,29.32,90.18,8.4,35.68,95.0,89.78,83.31,23.11,60.6,59.53,33.04,62.53,0.0,29.04,81.19,96.6,61.13,81.51,90.91,67.29,68.8,71.7,80.43,43.88,41.11,103.76,76.78,82.18,85.59,56.73,67.34,42.94,41.55,45.92,37.5,44.87,93.55,114.46,45.48,51.11,57.34
49.24,18.59,77.98,12.31,20.63,18.89,20.17,34.36,48.29,76.85,47.85,24.27,63.93,32.65,73.72,60.09,44.28,68.51,39.47,20.93,14.26,82.95,77.62,28.39,20.05,37.94,38.07,71.35,31.32,60.95,29.32,74.65,76.5,84.17,87.52,22.07,37.13,9.33,76.73,35.2,11.95,21.53,27.29,21.07,33.81,71.08,66.26,66.66,76.29,52.35,61.73,44.23,24.13,33.28,55.89,76.63,68.63,79.88,24.59,28.65,22.12,52.87,14.84,71.81,22.05,16.85,43.85,42.85,58.12,29.34,5.16,12.0,34.39,40.01,60.17,23.45,13.19,28.14,65.3,31.57,10.8,70.12,64.89,58.42,7.03,35.71,34.65,31.86,37.65,29.04,0.0,56.74,72.16,36.68,57.07,66.47,42.84,44.36,47.25,55.99,25.89,12.55,79.31,52.33,57.73,61.14,32.41,43.02,41.14,39.75,44.12,35.71,26.71,69.23,90.01,21.04,26.67,33.02
24.86,74.44,26.31,68.16,76.48,50.42,76.01,90.2,25.43,25.18,18.33,41.09,31.17,57.4,22.05,33.38,33.78,16.82,46.97,76.77,69.14,31.62,26.29,45.71,75.89,34.21,53.72,19.68,83.47,40.9,41.45,23.32,25.17,35.41,36.19,42.51,35.78,54.49,25.4,50.92,69.57,73.67,83.13,73.21,94.05,22.33,14.57,17.91,24.97,18.84,10.04,27.45,79.98,42.06,22.82,27.88,16.95,28.56,76.74,31.76,41.53,10.63,46.05,20.49,74.2,69.0,14.2,23.24,14.05,85.18,62.95,66.88,86.54,18.77,8.85,36.11,69.04,80.29,13.97,83.72,53.1,18.79,13.22,6.75,61.27,31.92,30.91,84.01,26.21,81.19,56.74,0.0,20.57,50.82,41.1,34.96,41.57,41.26,54.64,45.55,82.13,73.03,27.36,33.11,30.65,32.06,58.54,56.78,94.41,93.02,97.38,88.97,82.95,41.87,38.06,56.94,62.06,80.3
40.39,89.85,28.73,83.57,91.89,65.84,91.43,105.62,40.96,18.81,33.75,56.51,46.69,72.81,37.57,48.91,49.31,11.28,62.38,92.19,84.56,14.3,20.86,61.13,91.31,49.62,69.13,24.32,98.89,56.43,56.87,16.41,19.74,50.94,33.92,57.92,51.2,69.9,23.13,66.33,84.99,89.09,98.55,88.63,109.47,37.86,16.91,33.43,19.54,34.36,22.13,42.87,95.39,57.48,38.35,43.41,32.48,26.28,92.16,47.18,56.94,26.04,61.47,20.2,89.61,84.41,29.62,38.65,29.57,100.6,78.37,82.29,101.95,34.18,12.77,51.53,84.45,95.7,8.54,99.13,68.52,13.36,28.75,22.28,76.69,47.34,46.33,99.42,41.63,96.6,72.16,20.57,0.0,65.45,56.15,50.01,56.2,66.38,69.28,60.6,96.76,87.66,42.41,48.16,45.7,47.11,73.17,71.41,109.04,107.65,112.02,103.6,97.59,56.92,53.11,71.57,76.69,94.93
42.73,42.3,71.47,31.44,26.59,18.15,25.73,53.38,25.89,70.34,41.34,20.74,39.16,12.9,51.52,32.06,19.65,61.99,11.44,39.33,49.08,76.43,71.11,7.35,32.1,24.56,18.19,64.84,63.41,32.92,15.58,68.13,69.99,46.15,81.01,20.38,17.05,18.78,70.21,16.3,49.51,53.61,45.69,53.15,52.21,42.18,59.75,38.87,69.78,35.2,55.22,37.72,47.84,6.71,33.24,42.13,46.42,73.37,56.68,22.59,14.76,46.36,25.99,65.3,54.13,48.93,37.33,36.33,39.9,50.66,34.57,46.82,66.48,33.5,53.66,19.14,42.28,60.22,58.78,63.65,33.04,63.61,58.38,51.91,41.21,28.77,25.18,63.95,31.13,61.13,36.68,50.82,65.45,0.0,31.67,37.96,19.17,15.85,18.75,27.48,34.68,21.4,49.7,28.08,35.15,38.56,15.39,16.35,73.28,71.89,58.28,67.85,41.03,33.38,50.09,10.18,7.57,34.29
28.86,63.52,36.49,52.66,47.82,50.75,46.95,75.19,19.72,45.6,32.02,41.42,14.69,35.72,30.1,7.59,16.18,50.64,27.78,60.55,69.47,54.27,61.81,38.36,53.32,21.09,29.46,40.1,83.8,8.45,34.29,58.84,60.69,21.68,71.71,42.83,24.19,54.81,60.92,29.24,69.9,74.0,66.91,73.54,79.24,22.38,48.4,28.44,60.48,24.48,43.86,42.21,69.06,27.12,22.53,17.66,33.91,64.07,77.07,27.57,41.85,37.14,46.38,56.0,74.52,69.32,38.8,33.35,29.19,72.01,55.79,67.2,86.87,37.55,44.36,31.93,69.36,80.61,49.49,84.04,53.43,54.31,36.4,37.02,61.6,33.75,26.79,84.33,35.62,81.51,57.07,41.1,56.15,31.67,0.0,13.49,20.96,22.26,7.94,11.65,61.31,55.53,25.23,10.21,13.76,19.69,33.88,18.91,94.29,92.89,85.33,88.85,68.82,8.91,25.62,44.4,39.99,55.65
27.2,69.81,26.86,58.95,54.11,56.45,53.24,80.19,20.05,35.97,34.37,50.52,8.15,42.01,20.47,12.61,27.32,44.5,34.07,66.84,78.87,44.64,55.67,44.65,59.61,32.23,35.75,30.47,93.19,6.23,40.58,52.69,54.55,12.05,65.57,50.17,35.33,64.21,54.77,35.53,79.3,83.4,87.04,82.94,88.3,12.75,37.67,18.81,54.34,22.82,37.72,57.62,75.36,33.42,22.79,8.03,24.28,57.93,86.46,38.72,49.19,33.11,55.78,49.86,83.92,78.72,44.37,31.69,27.59,81.06,62.08,76.6,96.26,48.93,38.22,43.07,69.8,90.01,43.35,93.44,62.83,48.17,27.87,30.88,70.99,44.89,37.93,93.73,56.38,90.91,66.47,34.96,50.01,37.96,13.49,0.0,32.1,27.32,23.01,17.94,67.61,61.82,15.6,21.35,18.79,13.15,40.17,25.21,103.07,101.68,94.45,89.55,75.11,13.91,16.0,50.69,46.28,61.94
21.77,60.54,48.35,43.08,38.24,36.52,37.37,67.73,14.03,47.21,32.09,27.19,29.67,26.14,39.66,26.19,7.79,52.75,15.71,62.87,55.24,67.19,61.86,20.37,43.74,9.13,22.46,41.72,69.57,27.05,10.2,58.89,60.74,40.29,71.76,28.61,7.81,40.58,60.97,19.66,55.67,59.77,69.23,59.31,80.15,30.32,50.5,27.01,60.53,23.34,45.97,28.47,66.08,10.81,21.38,36.27,34.56,64.12,62.84,13.35,27.63,37.11,32.15,56.05,60.3,55.09,28.09,27.09,28.05,65.01,49.05,52.98,72.64,24.26,44.41,17.7,55.14,66.39,49.54,69.82,39.2,54.36,35.26,42.66,47.37,19.52,15.94,70.11,21.89,67.29,42.84,41.57,56.2,19.17,20.96,32.1,0.0,12.74,18.09,24.76,46.31,45.93,43.84,16.22,23.29,26.7,26.87,25.11,79.61,78.22,82.58,74.17,52.65,27.52,44.23,34.81,30.39,48.63
23.08,50.6,49.65,39.74,34.89,34.34,34.03,64.39,15.33,48.52,32.18,28.41,28.52,22.8,40.96,21.42,9.09,50.8,12.37,47.63,56.76,58.2,72.04,22.54,40.4,14.0,19.12,43.02,71.09,22.28,18.47,69.06,70.92,35.51,81.94,28.06,17.98,42.1,71.15,16.32,57.19,61.29,53.99,60.83,68.9,31.62,48.56,28.31,70.71,24.64,44.02,38.65,56.14,11.31,22.69,31.49,35.87,74.3,64.36,23.52,27.08,37.3,33.67,66.23,61.81,56.61,38.27,24.02,29.35,61.66,42.87,54.49,74.16,34.43,54.59,27.88,50.58,67.9,59.72,71.33,40.72,64.54,36.56,37.18,48.89,29.7,19.7,71.62,32.07,68.8,44.36,41.26,66.38,15.85,22.26,27.32,12.74,0.0,8.11,16.84,43.0,42.63,39.06,17.52,24.59,28.0,23.56,8.98,80.96,79.57,75.01,75.52,49.34,22.74,39.45,31.5,27.08,45.32
38.38,50.6,46.01,39.74,34.89,37.24,34.03,61.8,19.55,55.12,45.16,31.31,24.21,22.8,39.62,17.11,13.32,65.82,14.85,47.63,59.65,80.26,74.93,25.44,40.4,18.23,16.54,49.62,73.98,17.97,21.37,71.96,73.81,31.2,84.83,30.96,20.88,45.0,74.04,16.32,60.08,64.19,53.99,63.72,66.32,31.9,63.58,37.96,73.61,34.0,59.04,41.55,56.14,14.2,32.05,27.18,43.43,77.19,67.25,26.42,29.97,50.19,36.56,69.13,64.71,59.51,41.16,40.16,38.71,59.08,42.87,57.39,77.05,37.33,57.48,30.77,50.58,70.8,62.61,74.23,43.61,67.43,45.92,55.74,51.78,32.59,29.01,74.52,34.96,71.7,47.25,54.64,69.28,18.75,7.94,23.01,18.09,8.11,0.0,12.53,48.39,42.61,34.75,7.98,23.28,29.21,20.96,5.99,83.86,82.47,72.41,67.52,55.9,18.43,35.14,31.48,27.07,42.73
33.31,58.83,40.94,47.97,43.13,45.98,42.26,56.1,24.16,50.04,36.46,40.05,19.14,31.53,34.55,12.03,19.98,55.09,23.59,55.86,66.25,58.72,66.25,34.18,48.63,24.89,25.27,44.55,82.72,12.89,30.1,63.28,65.13,26.13,76.15,39.69,29.62,53.73,65.36,25.06,63.93,72.92,62.95,72.46,64.21,26.83,52.84,32.88,64.93,28.93,48.31,50.28,64.38,22.94,26.97,22.11,38.36,68.52,75.99,35.16,38.71,41.59,45.3,60.45,73.44,68.24,43.25,37.79,33.64,56.97,51.1,59.06,85.79,46.06,48.81,39.51,58.82,79.53,53.93,82.96,52.35,58.75,40.85,41.47,59.02,41.33,30.59,69.92,43.7,80.43,55.99,45.55,60.6,27.48,11.65,17.94,24.76,16.84,12.53,0.0,47.58,50.82,29.68,14.01,18.21,24.14,29.7,14.73,79.69,75.8,70.28,65.39,55.21,13.36,30.07,40.22,35.8,41.92
74.04,18.66,102.78,16.16,8.65,43.69,15.18,20.0,53.03,101.65,72.65,49.07,68.8,26.62,84.22,61.7,46.79,93.31,33.94,10.94,25.33,107.75,102.42,38.33,8.46,51.71,33.96,96.15,46.16,62.56,44.7,99.45,101.3,75.79,112.32,46.87,44.21,24.34,101.53,29.17,27.13,36.36,15.17,33.96,17.95,76.5,91.06,66.01,101.09,62.34,86.53,69.03,18.89,37.52,60.39,71.77,93.43,104.68,29.04,49.75,46.92,77.67,39.64,96.61,36.89,31.68,68.65,67.65,67.05,13.48,19.74,17.88,49.23,64.82,84.97,48.25,16.39,28.23,90.1,46.41,28.98,94.92,89.69,83.22,23.68,60.51,52.34,23.33,62.45,43.88,25.89,82.13,96.76,34.68,61.31,67.61,46.31,43.0,48.39,47.58,0.0,20.77,79.33,55.21,67.86,65.69,22.78,42.38,33.09,29.54,24.02,18.79,6.35,59.59,79.72,28.46,23.91,11.38
64.94,23.76,93.68,7.52,15.48,23.1,8.37,39.53,52.66,92.55,63.55,39.97,63.02,26.24,89.42,55.92,46.42,84.21,33.57,26.1,25.79,98.65,93.32,22.93,18.19,53.64,31.66,87.05,43.39,56.78,45.02,90.35,92.2,70.01,103.22,28.1,52.83,8.46,92.43,28.8,23.47,33.59,32.45,33.13,38.98,86.79,81.97,82.36,91.99,68.05,77.43,59.94,29.3,37.15,71.59,65.99,84.33,95.58,36.66,44.35,28.14,68.57,20.86,87.51,34.12,28.91,59.55,58.55,73.82,34.5,10.64,18.6,46.46,55.72,75.87,39.15,18.36,40.21,81.0,43.64,15.33,85.82,80.59,74.12,18.56,51.41,50.35,34.75,53.35,41.11,12.55,73.03,87.66,21.4,55.53,61.82,45.93,42.63,42.61,50.82,20.77,0.0,73.56,54.84,62.1,65.32,26.01,36.62,45.39,44.0,48.79,40.38,32.72,62.83,73.96,11.21,16.85,26.62
29.93,97.01,11.26,70.69,65.85,72.99,64.98,92.28,23.21,25.06,30.23,63.66,19.6,53.75,4.87,24.35,31.56,30.57,45.81,99.34,91.71,33.73,48.07,56.39,71.35,34.25,47.49,19.56,106.04,21.83,52.32,45.1,46.95,16.55,57.97,65.08,58.36,77.06,47.18,47.27,92.14,96.25,105.7,95.78,100.38,8.47,26.76,14.53,46.74,23.94,30.13,50.02,102.55,45.16,18.92,10.23,9.96,50.33,99.31,54.33,64.1,26.21,68.62,42.26,96.77,91.57,36.77,34.42,23.45,93.15,85.52,89.45,109.11,41.34,30.62,58.68,91.61,102.86,35.75,106.29,75.67,40.57,17.84,23.29,83.84,54.49,39.95,106.58,48.78,103.76,79.31,27.36,42.41,49.7,25.23,15.6,43.84,39.06,34.75,29.68,79.33,73.56,0.0,33.09,30.53,24.6,51.92,36.95,115.67,114.28,118.64,110.23,86.85,26.0,7.04,62.44,58.02,73.68
20.87,70.03,41.5,51.97,47.12,46.01,46.25,76.61,10.15,40.37,24.03,36.68,22.55,35.02,37.96,15.45,11.44,42.65,24.59,59.85,64.73,50.06,53.82,34.77,52.62,16.36,31.34,34.87,79.06,16.31,30.7,50.85,52.7,29.54,63.72,38.1,19.45,50.08,52.93,28.55,65.16,69.27,66.21,68.8,81.13,30.24,40.41,20.16,52.49,16.49,35.87,37.47,75.57,23.53,14.54,25.52,27.72,56.08,72.33,22.84,37.12,29.15,41.64,48.01,69.79,64.59,37.09,25.36,21.2,73.89,58.54,62.47,82.13,33.26,36.37,27.19,64.63,75.88,41.5,79.31,48.69,46.32,28.41,29.03,56.86,29.01,22.05,79.6,30.89,76.78,52.33,33.11,48.16,28.08,10.21,21.35,16.22,17.52,7.98,14.01,55.21,54.84,33.09,0.0,8.86,17.18,35.78,13.97,89.55,88.16,92.52,84.11,61.57,16.77,33.48,43.72,39.31,57.55
18.41,75.43,39.04,59.23,54.38,51.41,53.51,80.81,9.26,37.91,21.57,42.08,16.23,42.28,30.35,6.55,17.62,40.19,34.34,67.11,70.14,47.59,51.36,41.84,59.88,20.31,36.02,32.41,84.46,14.06,37.77,48.38,50.24,26.98,61.26,43.5,26.52,55.48,50.46,35.81,70.57,74.67,73.47,74.2,88.92,21.01,37.95,17.7,50.03,14.03,33.41,34.19,80.97,30.6,12.08,22.96,25.26,53.62,77.73,29.47,42.52,26.69,47.05,45.55,75.19,69.99,28.35,22.89,18.74,81.68,63.95,67.87,87.53,27.09,33.91,33.83,70.03,81.28,39.04,84.71,54.09,43.86,25.95,26.57,62.26,34.41,26.01,85.0,32.95,82.18,57.73,30.65,45.7,35.15,13.76,18.79,23.29,24.59,23.28,18.21,67.86,62.1,30.53,8.86,0.0,13.26,40.45,25.48,94.63,93.24,97.61,89.19,75.38,14.53,30.92,50.97,46.55,62.21
19.82,78.84,40.45,72.56,57.6,54.82,56.73,86.74,12.67,39.31,22.98,45.49,8.74,45.5,29.47,10.14,21.03,41.6,35.07,81.17,73.54,49.0,52.77,45.25,63.1,23.71,41.82,33.82,87.87,19.99,41.18,49.79,51.65,21.05,62.67,46.91,29.93,58.89,51.87,39.03,73.97,78.08,87.53,77.61,98.45,21.75,39.36,19.11,51.44,15.44,34.82,35.6,84.38,34.01,13.49,17.03,26.67,55.03,81.14,32.88,45.93,28.1,50.45,46.96,78.6,73.4,29.76,24.3,20.15,87.61,67.35,71.28,90.94,28.5,35.32,37.23,73.44,84.69,40.44,88.12,57.5,45.27,27.36,27.98,65.67,37.82,29.41,88.41,34.36,85.59,61.14,32.06,47.11,38.56,19.69,13.15,26.7,28.0,29.21,24.14,65.69,65.32,24.6,17.18,13.26,0.0,46.26,31.41,98.04,96.65,101.01,92.6,86.58,20.46,24.99,54.2,49.79,68.03
50.45,34.0,79.19,23.14,18.3,25.5,17.43,36.21,33.59,78.06,49.06,35.19,41.37,7.34,56.79,34.27,27.36,69.71,14.5,31.03,41.42,84.15,78.82,19.04,23.8,32.27,7.86,72.56,59.01,35.13,25.26,75.85,77.7,48.36,88.72,34.84,24.77,25.35,77.93,9.87,39.1,49.22,39.47,48.76,40.72,49.06,67.47,46.57,77.5,42.9,62.93,45.44,39.54,18.08,40.95,44.34,54.13,81.08,52.28,30.31,26.45,54.08,46.16,73.02,49.74,44.54,45.05,44.05,47.61,33.49,26.27,34.22,62.08,41.22,61.37,34.66,33.98,55.83,66.5,59.26,35.51,71.32,66.1,59.63,34.18,36.49,32.9,46.44,38.85,56.73,32.41,58.54,73.17,15.39,33.88,40.17,26.87,23.56,20.96,29.7,22.78,26.01,51.92,35.78,40.45,46.26,0.0,14.97,56.2,52.31,46.79,41.9,30.28,35.6,52.31,16.76,12.34,17.11
40.57,44.61,48.21,33.75,28.9,34.84,28.03,55.81,27.31,57.31,47.3,28.91,26.4,16.81,41.82,19.3,21.08,67.96,12.75,41.63,52.02,82.4,77.07,23.04,34.4,25.99,10.54,51.81,69.62,20.16,23.5,74.1,75.95,33.39,86.97,28.56,23.02,34.08,76.18,10.33,49.71,59.83,47.99,59.36,60.33,34.1,65.71,40.15,75.74,36.2,61.18,43.68,50.15,11.8,34.24,29.37,45.62,79.33,62.89,28.56,27.58,52.32,34.17,71.26,60.35,55.15,43.3,42.3,40.9,53.09,36.87,44.83,72.69,39.47,59.62,32.91,44.59,66.44,64.75,69.87,41.21,69.57,48.12,57.87,44.79,34.73,31.15,55.6,37.1,67.34,43.02,56.78,71.41,16.35,18.91,25.21,25.11,8.98,5.99,14.73,42.38,36.62,36.95,13.97,25.48,31.41,14.97,0.0,65.4,71.93,66.42,61.52,49.9,20.63,37.34,25.49,21.08,36.74
86.32,20.79,115.06,34.02,37.06,55.97,43.59,27.74,85.37,113.93,84.93,61.35,101.01,55.03,110.8,97.17,81.36,105.59,76.55,24.6,25.07,120.03,114.7,65.47,34.31,75.02,67.38,108.43,37.56,98.03,66.4,111.73,113.58,121.25,124.6,59.15,74.21,52.31,113.81,57.58,30.46,28.41,18.41,22.47,17.55,108.16,103.34,103.74,113.37,89.43,98.81,81.31,15.86,70.36,92.97,113.71,105.71,116.96,20.14,65.73,59.2,89.95,51.92,108.89,35.88,30.68,80.93,79.93,95.2,23.12,34.86,31.55,48.29,77.1,97.25,60.53,27.47,16.73,102.38,45.47,47.88,107.2,101.97,95.5,35.3,72.79,71.73,10.22,74.73,42.94,41.14,94.41,109.04,73.28,94.29,103.07,79.61,80.96,83.86,79.69,33.09,45.39,115.67,89.55,94.63,98.04,56.2,65.4,0.0,6.38,16.82,15.18,28.06,91.72,127.1,58.12,52.34,44.86
84.93,19.4,113.67,32.63,35.67,54.58,42.19,20.42,83.98,112.54,83.54,59.96,99.62,53.63,109.41,95.78,79.96,104.2,75.15,23.21,23.68,118.64,113.31,64.08,32.92,73.63,63.49,107.04,36.16,94.23,65.01,110.33,112.19,119.85,123.21,57.76,72.82,50.91,112.41,56.18,29.07,27.02,17.02,21.07,11.97,106.77,101.95,102.35,111.98,88.04,97.42,79.92,14.47,68.97,91.58,112.32,104.31,115.57,18.75,64.33,57.81,88.56,50.53,107.5,34.49,29.29,79.54,78.53,93.81,20.24,33.47,30.16,46.9,75.7,95.86,59.14,26.08,15.34,100.99,44.08,46.48,105.81,100.58,94.11,33.91,71.4,70.34,8.83,73.34,41.55,39.75,93.02,107.65,71.89,92.89,101.68,78.22,79.57,82.47,75.8,29.54,44.0,114.28,88.16,93.24,96.65,52.31,71.93,6.38,0.0,11.24,13.79,24.45,87.78,125.7,56.73,50.95,40.91
89.3,24.19,118.04,33.12,32.25,58.95,38.77,14.9,88.34,116.9,87.9,64.32,95.99,50.21,113.77,88.89,84.33,108.56,65.95,19.03,28.05,123.0,117.67,68.45,26.08,77.99,57.98,111.41,40.53,88.72,69.37,114.7,116.55,102.98,127.57,62.13,77.19,55.28,116.78,52.77,33.44,31.39,15.89,25.44,6.46,111.14,106.32,106.71,116.35,92.4,101.78,84.29,19.26,73.34,95.95,98.96,108.68,119.93,23.12,68.7,62.17,92.93,54.89,111.87,38.85,33.65,83.9,82.9,98.18,14.72,38.26,34.95,51.27,80.07,100.22,63.51,30.87,19.71,105.35,48.44,50.85,110.17,104.95,98.48,38.28,75.77,74.7,14.81,77.7,45.92,44.12,97.38,112.02,58.28,85.33,94.45,82.58,75.01,72.41,70.28,24.02,48.79,118.64,92.52,97.61,101.01,46.79,66.42,16.82,11.24,0.0,9.36,18.93,82.26,106.85,61.04,47.51,35.4
80.88,15.78,109.62,29.01,32.02,50.54,38.54,15.11,79.93,108.49,79.49,55.91,95.58,49.98,105.36,83.99,75.92,100.15,71.11,18.79,19.63,114.59,109.26,60.03,25.85,69.58,53.09,102.99,32.12,83.83,60.96,106.29,108.14,98.08,119.16,53.72,68.77,46.87,108.37,52.53,25.02,22.97,12.6,17.03,6.67,102.73,97.91,98.3,107.94,83.99,93.37,75.88,10.85,64.92,87.53,108.28,100.27,111.52,14.7,60.29,53.76,84.51,46.48,103.46,30.44,25.24,75.49,74.49,89.76,8.82,29.85,26.54,42.85,71.66,91.81,55.09,22.46,11.3,96.94,40.03,42.44,101.76,96.54,90.06,29.87,67.36,66.29,6.4,69.29,37.5,35.71,88.97,103.6,67.85,88.85,89.55,74.17,75.52,67.52,65.39,18.79,40.38,110.23,84.11,89.19,92.6,41.9,61.52,15.18,13.79,9.36,0.0,13.7,77.37,101.95,52.63,47.28,30.5
74.87,17.07,103.61,19.94,15.0,44.52,21.52,13.51,73.91,102.47,73.48,49.89,76.31,32.96,99.34,69.21,53.14,94.13,40.29,5.85,24.7,108.57,103.24,54.02,12.9,63.57,41.46,96.98,47.15,73.64,54.95,100.27,102.12,83.3,113.14,47.7,62.76,29.59,102.35,35.51,28.13,37.36,10.08,28.87,12.86,96.71,91.89,92.28,101.92,77.97,87.35,69.86,13.8,43.87,81.52,79.28,94.25,105.5,27.46,54.27,47.75,78.5,40.46,97.44,37.88,32.68,69.47,68.47,83.75,8.39,22.19,18.87,50.22,65.64,85.79,49.08,14.8,23.14,90.92,47.4,29.81,95.74,90.52,84.05,24.68,61.34,60.27,18.24,63.27,44.87,26.71,82.95,97.59,41.03,68.82,75.11,52.65,49.34,55.9,55.21,6.35,32.72,86.85,61.57,75.38,86.58,30.28,49.9,28.06,24.45,18.93,13.7,0.0,67.19,87.22,42.46,30.26,18.88
29.63,70.82,37.26,59.96,55.11,51.88,54.24,68.08,20.48,46.36,32.78,45.95,15.46,37.43,30.87,8.35,22.74,51.41,29.49,67.84,78.23,55.04,62.57,40.08,60.61,27.66,31.17,40.87,95.83,8.19,36.0,59.6,61.45,22.45,72.47,45.59,30.75,59.63,61.68,30.96,75.92,86.03,74.94,85.57,76.19,23.15,49.16,29.2,61.25,25.25,44.63,45.41,76.36,28.84,23.29,18.43,34.68,64.84,89.1,34.14,44.61,37.91,51.2,56.77,86.56,81.36,39.57,34.11,29.96,68.96,63.08,71.04,98.9,38.31,45.13,38.49,70.8,92.65,50.25,96.08,58.25,55.07,37.17,37.79,71.0,40.31,33.35,81.91,44.17,93.55,69.23,41.87,56.92,33.38,8.91,13.91,27.52,22.74,18.43,13.36,59.59,62.83,26.0,16.77,14.53,20.46,35.6,20.63,91.72,87.78,82.26,77.37,67.19,0.0,27.21,46.94,42.53,53.97
32.18,81.95,18.3,71.09,66.24,68.59,65.37,92.67,30.18,32.1,37.48,74.36,19.99,54.14,11.91,24.75,39.45,37.6,46.2,78.97,102.41,40.77,58.77,56.79,71.74,44.37,47.88,26.6,116.74,22.22,52.71,55.8,57.65,6.64,45.78,62.3,47.46,87.76,57.88,47.67,102.84,106.95,85.33,106.48,100.78,15.86,33.8,21.91,57.44,31.19,40.83,60.72,87.49,45.55,25.89,10.79,17.0,61.03,110.01,50.85,61.32,36.22,79.32,52.96,107.47,102.27,47.47,36.66,30.69,93.54,74.21,100.15,119.81,52.04,41.32,55.2,81.93,113.56,46.45,116.99,86.37,51.27,24.87,33.99,94.54,65.19,50.07,117.28,59.48,114.46,90.01,38.06,53.11,50.09,25.62,16.0,44.23,39.45,35.14,30.07,79.72,73.96,7.04,33.48,30.92,24.99,52.31,37.34,127.1,125.7,106.85,101.95,87.22,27.21,0.0,62.83,58.41,74.07
48.85,34.35,77.6,18.11,20.38,11.88,11.25,47.17,41.53,76.46,47.46,23.95,51.89,14.26,73.33,44.79,35.29,68.12,22.44,36.69,33.44,82.56,77.23,11.72,25.88,37.55,20.53,70.96,47.77,45.65,19.94,74.26,76.11,58.88,87.13,20.97,32.71,8.59,76.34,17.67,33.87,37.97,43.04,37.51,58.35,59.58,65.88,66.27,75.91,51.96,61.34,43.85,39.89,21.5,48.89,54.86,68.24,79.49,41.04,27.43,21.01,52.48,16.05,71.43,38.49,33.29,43.46,42.46,57.73,45.09,21.23,31.17,50.84,39.63,59.78,22.23,28.95,44.58,64.91,48.01,13.89,69.73,64.51,58.04,25.57,35.33,34.26,48.3,37.26,45.48,21.04,56.94,71.57,10.18,44.4,50.69,34.81,31.5,31.48,40.22,28.46,11.21,62.44,43.72,50.97,54.2,16.76,25.49,58.12,56.73,61.04,52.63,42.46,46.94,62.83,0.0,5.63,28.07
53.97,31.53,82.71,20.67,15.82,14.37,10.77,42.61,37.12,81.58,52.58,23.28,47.48,9.85,62.89,40.38,30.88,73.24,18.03,28.56,39.07,87.68,82.35,9.89,21.33,35.79,16.12,76.08,53.4,41.24,18.11,79.38,81.23,54.47,92.25,23.46,28.3,14.22,81.46,13.25,39.5,43.6,34.92,43.14,41.44,55.17,71.0,50.1,81.02,46.43,66.46,48.97,37.07,19.67,44.48,50.45,57.66,84.61,46.67,33.84,17.3,57.6,18.54,76.54,44.12,38.92,48.58,47.58,51.14,39.89,23.8,31.75,56.47,44.75,64.9,21.68,31.51,50.21,70.03,53.64,19.52,74.85,69.62,63.15,31.2,40.01,36.43,42.52,42.38,51.11,26.67,62.06,76.69,7.57,39.99,46.28,30.39,27.08,27.07,35.8,23.91,16.85,58.02,39.31,46.55,49.79,12.34,21.08,52.34,50.95,47.51,47.28,30.26,42.53,58.41,5.63,0.0,23.52
72.21,26.82,100.95,18.65,13.91,50.83,18.04,24.81,55.36,99.82,70.82,56.2,63.14,26.22,78.55,56.04,49.12,91.48,36.27,24.22,33.49,105.92,100.59,37.94,16.62,54.03,28.3,94.32,59.62,56.9,47.02,97.62,99.47,70.13,110.49,54.01,46.54,30.19,99.7,28.77,35.29,49.83,28.07,49.36,29.32,70.83,89.24,68.34,99.27,64.67,84.7,67.21,32.36,39.85,62.72,66.11,75.9,102.85,37.21,52.08,54.05,75.84,46.77,94.79,50.35,45.15,66.82,65.82,69.38,22.09,26.87,26.04,62.69,62.99,83.14,55.38,24.55,39.94,88.27,59.87,36.12,93.09,87.86,81.39,34.79,58.25,54.67,35.04,60.62,57.34,33.02,80.3,94.93,34.29,55.65,61.94,48.63,45.32,42.73,41.92,11.38,26.62,73.68,57.55,62.21,68.03,17.11,36.74,44.86,40.91,35.4,30.5,18.88,53.97,74.07,28.07,23.52,0.0
