0.0,29.76,53.87,55.57,72.68,16.11,33.63,32.63,46.74,49.69,54.62,50.58,61.17,38.85,59.94,53.44,47.64,53.59,28.45,45.61,55.29,8.57,56.19,36.29,51.53,39.41,42.93,7.12,57.12,30.17,33.0,89.94,37.51,29.53,52.92,59.52,42.96,35.23,49.6,30.01,48.52,45.62,30.37,41.66,47.16,41.4,50.18,21.8,58.55,43.8,40.7,41.01,57.81,38.23,62.15,25.07,42.53,46.7,60.82,45.61,30.21,55.67,32.83,29.46,34.97,51.42,32.86,54.4,72.42,50.66,48.56,33.94,27.16,47.08,53.3,52.33,42.96,47.04,45.38,39.53,52.75,52.27,45.2,58.13,54.56,52.59,42.44,29.2,40.3,52.62,18.98,13.67,33.83,5.79,19.23,14.23,17.09,27.54,29.64,19.77,62.18,21.97,20.77,67.22,44.98,53.78,64.91,62.19,66.94,65.32,67.1,88.81,82.99,73.2,66.29
29.76,0.0,29.51,27.62,93.36,38.97,47.22,8.27,67.42,25.33,67.76,25.61,36.81,10.89,35.58,56.93,63.55,53.2,9.53,21.02,53.03,21.2,76.87,29.04,72.21,36.7,63.61,27.51,31.36,39.13,57.03,65.58,53.01,7.62,46.54,35.17,25.43,55.91,25.24,50.69,57.83,34.42,10.25,32.47,35.96,57.38,22.23,44.66,41.92,29.33,23.17,29.82,38.18,13.45,35.31,47.93,19.44,67.38,81.5,21.53,15.38,44.47,27.86,50.14,21.16,41.63,15.33,30.04,48.06,29.97,40.44,24.21,22.19,28.38,42.1,34.8,27.92,46.29,21.02,60.21,36.12,35.64,27.67,78.81,75.24,73.27,59.53,50.25,51.13,65.55,41.85,28.94,36.43,32.62,16.66,22.44,16.08,35.75,52.51,27.98,45.54,7.79,21.33,40.38,16.89,29.42,40.55,34.01,38.92,40.96,42.74,64.45,58.63,93.88,86.97
53.87,29.51,0.0,19.15,117.47,63.08,71.32,21.65,91.52,11.09,92.72,23.46,18.67,30.9,6.89,81.89,88.51,78.16,39.05,27.42,77.99,45.31,100.97,56.41,96.32,62.52,87.72,51.61,22.9,63.23,81.14,42.17,79.28,28.88,71.72,13.38,36.82,80.01,6.15,74.79,82.79,56.5,33.68,57.43,62.59,83.65,19.14,68.77,51.91,50.9,40.58,54.78,35.23,28.9,26.85,72.04,32.61,91.49,105.61,28.5,42.76,68.77,55.24,74.25,43.44,51.62,35.76,8.25,24.65,35.04,65.4,49.17,49.57,33.46,60.45,40.08,46.92,71.26,11.26,84.32,46.11,45.63,40.09,102.92,99.35,97.38,85.8,74.36,77.99,90.51,65.95,53.04,63.81,56.73,40.76,46.55,40.19,59.86,76.61,52.09,55.54,35.32,46.74,31.92,19.71,14.9,22.42,22.48,24.45,17.55,21.8,41.04,35.22,117.98,111.07
55.57,27.62,19.15,0.0,104.94,65.66,60.21,25.53,78.68,8.06,85.55,9.27,19.28,21.91,22.49,74.72,81.34,70.99,29.97,13.66,70.82,47.0,88.44,46.86,92.25,49.82,80.93,53.31,8.4,56.44,74.34,52.49,66.13,30.57,57.53,22.08,20.78,73.22,13.17,68.0,71.93,42.31,24.69,44.73,48.39,70.94,5.38,65.11,37.72,36.71,25.8,44.73,20.72,19.92,12.35,72.88,20.57,78.96,93.08,14.31,33.2,54.58,45.68,67.45,31.79,37.43,26.2,16.96,34.97,20.85,54.54,37.53,40.01,19.27,46.26,25.89,32.73,60.4,16.36,71.79,31.92,31.44,25.9,98.85,94.94,84.85,72.65,67.56,64.25,83.34,68.54,55.63,51.7,58.42,42.46,48.24,41.88,53.07,74.07,47.85,41.34,33.09,39.15,17.41,16.6,15.88,23.02,11.81,16.72,27.87,29.66,51.37,45.55,105.45,98.54
72.68,93.36,117.47,104.94,0.0,58.26,46.76,96.23,28.52,109.1,31.53,97.51,120.31,94.45,123.53,43.92,35.35,46.0,80.72,94.63,46.97,76.58,18.33,63.87,23.95,58.81,35.58,76.86,104.05,55.67,41.93,153.53,39.32,93.13,58.2,123.12,89.89,36.16,113.19,48.27,42.9,69.14,86.48,64.33,66.6,40.73,103.27,51.17,82.18,74.31,79.14,70.73,103.37,91.49,111.18,49.71,92.54,29.99,12.29,95.83,77.29,63.85,67.04,45.45,75.1,74.93,81.88,118.0,136.01,97.59,60.61,69.41,70.66,92.76,71.05,90.8,80.48,52.74,108.98,36.98,83.22,87.25,85.9,25.44,26.74,24.95,34.87,52.36,46.36,39.56,55.37,66.61,57.74,66.89,82.82,70.92,80.69,63.01,62.09,68.4,81.22,85.57,77.91,114.82,97.93,116.91,124.05,112.84,118.99,128.91,130.7,152.41,146.59,9.69,7.77
16.11,38.97,63.08,65.66,58.26,0.0,19.22,41.84,32.32,58.9,40.2,57.18,70.37,48.05,69.14,39.03,33.22,39.18,35.71,52.22,40.87,22.19,41.77,34.46,37.12,33.3,28.52,20.29,63.72,15.75,21.93,99.15,23.1,38.74,41.95,68.73,49.57,20.81,58.81,15.59,34.11,44.35,39.58,36.62,45.24,26.99,59.39,7.38,57.28,42.53,39.9,39.74,64.58,47.43,68.75,12.3,49.13,32.29,46.41,52.22,34.41,47.59,27.99,15.05,33.7,50.15,39.47,63.61,81.62,57.27,42.45,32.67,25.89,53.97,52.03,52.02,41.69,32.62,54.59,25.12,51.48,51.0,47.11,43.72,40.15,38.18,28.03,14.78,25.88,38.21,6.21,10.03,29.39,10.32,28.44,16.53,26.3,23.09,15.23,17.82,60.91,31.18,29.97,76.03,54.18,62.98,74.12,71.4,76.15,74.53,76.31,98.02,92.2,58.78,51.87
33.63,47.22,71.32,60.21,46.76,19.22,0.0,50.08,20.5,64.37,26.65,52.78,75.58,48.31,77.39,24.37,19.67,18.06,34.58,49.9,20.95,30.44,30.27,19.14,25.61,14.09,22.11,36.74,59.32,9.53,22.53,107.39,7.96,46.98,22.73,76.98,45.16,17.93,67.05,9.1,19.45,27.13,40.33,19.6,26.03,12.33,58.54,13.58,42.78,29.58,34.41,25.16,58.64,46.76,66.45,21.34,47.81,20.78,34.9,51.1,32.56,28.38,21.76,14.49,30.37,32.92,37.15,71.85,89.87,52.86,23.23,24.68,24.52,48.03,34.81,46.07,35.75,13.4,62.83,13.61,39.14,41.71,41.17,32.21,28.64,26.67,14.47,16.03,6.67,24.65,20.29,27.02,13.01,27.75,36.68,24.77,34.54,16.87,22.53,22.25,41.46,39.42,31.77,70.09,53.2,71.23,79.32,68.11,74.26,82.77,84.55,106.26,100.44,47.28,40.37
32.63,8.27,21.65,25.53,96.23,41.84,50.08,0.0,70.28,17.47,76.73,28.95,28.94,14.51,27.72,65.21,69.75,61.47,17.81,22.77,61.3,24.07,79.73,38.31,75.08,45.98,66.48,30.37,29.28,42.0,59.9,57.72,58.04,7.64,54.82,27.3,29.87,58.78,17.38,53.56,69.54,42.7,15.43,40.74,44.24,62.41,23.98,47.53,45.77,37.6,27.02,38.09,41.51,17.07,33.23,50.8,25.65,70.25,84.37,26.78,23.65,52.75,34.86,53.01,29.87,45.48,22.19,22.18,40.2,35.22,48.71,32.48,29.19,33.63,54.32,40.26,34.21,54.57,13.16,63.08,39.97,39.5,31.53,81.68,78.11,76.14,64.56,53.12,56.75,74.74,44.71,31.8,43.42,35.49,19.52,25.31,18.95,38.62,55.37,30.85,49.4,14.08,25.5,38.3,12.75,21.55,32.69,29.97,34.72,33.1,34.88,56.59,50.77,96.75,89.83
46.74,67.42,91.52,78.68,28.52,32.32,20.5,70.28,0.0,82.84,13.41,71.25,94.05,68.51,97.59,25.8,17.23,27.88,54.78,68.37,28.85,50.64,12.02,37.61,8.98,32.56,8.48,50.92,77.79,29.73,14.84,127.59,13.06,67.19,35.81,97.18,63.63,9.06,87.25,22.01,21.59,43.09,60.53,38.08,41.62,14.47,77.01,25.22,59.78,48.05,52.88,43.63,77.11,65.23,84.92,22.62,66.28,8.19,16.66,69.57,51.03,41.45,41.96,18.35,48.84,48.89,55.62,92.05,110.07,71.33,35.86,43.15,44.72,66.5,48.66,64.54,54.22,26.48,83.03,10.45,54.22,60.18,59.64,15.58,12.01,8.43,8.61,24.05,20.1,21.44,28.27,40.66,31.48,40.95,56.88,44.97,54.74,37.07,36.14,42.46,58.82,59.62,51.97,88.56,71.67,91.43,97.79,86.58,92.73,102.97,104.75,126.46,120.65,29.04,22.13
49.69,25.33,11.09,8.06,109.1,58.9,64.37,17.47,82.84,0.0,88.66,12.38,15.2,24.58,14.43,77.83,84.44,74.09,32.64,16.33,73.92,41.12,91.55,49.96,95.36,52.93,84.03,47.43,11.81,59.54,77.45,44.43,69.24,24.7,60.63,14.01,23.89,76.32,5.1,71.1,75.04,45.41,27.36,47.83,51.5,74.04,8.05,64.58,40.82,39.81,28.9,47.84,24.14,22.58,15.76,67.86,23.67,82.06,96.18,17.41,36.31,57.68,48.79,70.56,34.9,40.53,29.3,8.89,26.91,23.95,57.65,40.63,43.12,22.37,49.36,28.99,35.83,63.5,8.3,74.89,35.02,34.54,29.01,101.96,98.05,87.95,75.75,70.67,67.36,86.45,61.77,48.86,54.81,52.55,36.58,42.37,36.0,56.17,72.43,47.9,44.45,31.14,42.25,20.83,15.53,7.81,18.95,12.5,17.42,19.81,21.59,43.3,37.48,108.56,101.65
54.62,67.76,92.72,85.55,31.53,40.2,26.65,76.73,13.41,88.66,0.0,72.59,95.39,69.36,98.61,14.34,5.77,16.42,58.15,69.72,17.38,58.01,14.97,40.06,8.65,31.3,20.47,58.8,79.14,37.1,26.82,128.61,21.26,74.56,28.62,98.2,67.58,21.05,88.45,30.21,13.32,39.56,61.38,38.92,37.02,18.26,78.35,33.11,52.6,49.39,54.22,41.14,79.47,66.57,87.29,34.6,67.63,7.03,19.61,70.91,52.38,34.26,46.19,29.51,50.19,45.35,56.97,93.07,111.09,74.94,31.03,45.1,48.09,68.87,41.47,66.91,55.57,23.56,84.23,18.92,53.63,57.67,62.0,15.25,11.34,15.12,8.85,34.3,22.15,9.98,41.37,48.55,36.88,48.83,64.25,52.34,61.04,44.4,44.03,49.83,51.63,66.99,55.35,90.93,73.01,91.99,103.19,87.92,95.1,103.99,105.77,127.48,121.67,31.98,25.14
50.58,25.61,23.46,9.27,97.51,57.18,52.78,28.95,71.25,12.38,72.59,0.0,23.59,19.92,26.8,66.24,72.85,62.5,25.29,10.13,62.33,42.01,79.96,38.37,83.77,41.34,72.44,48.32,8.91,47.96,65.86,56.81,57.65,28.58,49.04,26.39,12.3,64.74,17.48,59.52,63.45,33.82,20.01,36.24,39.91,62.45,7.82,56.63,29.23,28.22,17.31,36.25,13.35,13.15,13.95,64.4,12.66,70.47,84.59,6.4,24.72,46.09,37.2,58.97,23.31,28.94,17.71,21.27,39.28,12.37,46.06,29.04,31.53,10.78,37.77,17.4,24.24,51.91,20.67,63.3,23.43,22.95,17.42,90.37,86.46,76.36,64.16,59.08,55.77,74.86,60.06,47.15,43.22,53.43,37.28,43.25,36.36,44.58,65.58,39.36,32.86,28.41,30.67,19.01,16.19,20.19,27.33,16.12,22.39,32.19,33.97,55.68,49.86,96.97,90.06
61.17,36.81,18.67,19.28,120.31,70.37,75.58,28.94,94.05,15.2,95.39,23.59,0.0,35.79,18.77,89.04,95.65,85.3,43.85,27.54,85.13,52.6,102.76,61.17,106.57,64.14,95.24,58.91,22.34,70.76,88.66,48.77,80.45,36.17,71.84,7.68,35.1,87.54,16.58,82.32,86.25,56.62,38.57,59.04,62.71,85.25,19.26,76.06,52.03,51.02,40.11,59.05,23.52,33.79,14.82,79.33,34.88,93.27,107.39,28.62,47.52,68.89,60.0,81.77,46.11,51.74,40.51,10.42,31.25,28.77,68.86,51.84,54.33,33.58,60.57,34.0,47.04,74.71,19.77,86.1,46.23,40.65,40.22,113.17,109.26,99.16,86.96,81.88,78.57,97.66,73.25,60.34,66.02,64.02,48.06,53.84,47.48,67.38,83.91,59.38,55.66,42.62,53.47,20.21,27.0,8.12,7.43,8.15,9.61,24.15,19.0,47.64,41.83,119.77,112.86
38.85,10.89,30.9,21.91,94.45,48.05,48.31,14.51,68.51,24.58,69.36,19.92,35.79,0.0,36.97,58.53,65.14,54.8,13.25,15.33,54.62,30.28,77.96,30.64,73.31,38.3,64.71,36.59,25.67,40.22,58.12,66.97,54.61,13.85,48.14,36.56,17.96,57.0,26.63,51.78,59.43,36.02,7.97,34.06,37.56,58.98,16.53,48.89,38.31,30.93,19.56,31.42,32.48,7.76,29.62,57.01,13.75,68.47,82.59,15.84,16.98,46.07,29.46,51.23,22.42,38.02,14.74,31.43,49.45,24.28,42.04,25.81,23.79,22.69,46.86,31.2,26.75,47.89,22.41,61.31,32.52,32.04,24.07,79.91,76.33,74.36,61.12,51.34,52.73,67.15,50.93,38.02,38.03,41.7,25.74,31.52,25.16,36.84,57.85,31.63,41.94,16.37,22.93,34.69,11.19,30.81,39.53,28.32,33.23,42.35,44.13,65.84,60.02,94.97,88.06
59.94,35.58,6.89,22.49,123.53,69.14,77.39,27.72,97.59,14.43,98.61,26.8,18.77,36.97,0.0,92.26,98.87,88.52,45.11,30.76,88.35,51.37,107.04,62.48,102.39,67.36,93.79,57.68,26.24,69.3,87.21,35.55,85.35,34.95,75.06,13.46,38.32,86.08,12.22,80.86,89.47,59.84,39.75,62.26,65.93,88.47,22.48,74.84,55.25,54.24,43.33,62.27,38.57,34.97,30.19,78.11,38.68,97.56,111.68,31.84,48.83,72.11,61.31,80.32,49.33,54.96,41.82,8.33,18.03,38.39,72.08,55.06,55.64,36.8,63.79,43.42,50.26,77.93,17.33,90.39,49.45,48.97,43.44,108.99,105.42,103.45,91.86,80.42,81.79,100.88,72.02,59.11,69.24,62.8,46.83,52.62,46.25,65.93,82.68,58.16,58.88,41.39,52.81,35.26,25.78,14.98,22.5,22.56,24.53,10.93,15.19,34.42,28.6,124.05,117.14
53.44,56.93,81.89,74.72,43.92,39.03,24.37,65.21,25.8,77.83,14.34,66.24,89.04,58.53,92.26,0.0,10.12,8.04,47.33,58.89,6.56,51.32,27.36,29.24,21.04,20.48,28.29,57.63,68.31,33.9,32.64,117.78,20.99,63.35,17.79,87.37,56.75,25.78,77.62,28.15,6.69,28.73,50.56,28.09,26.19,12.04,67.53,31.93,41.77,38.57,43.4,30.32,68.65,55.74,76.46,37.2,56.8,19.42,32.0,60.08,41.55,23.44,35.36,27.93,39.36,34.52,46.14,82.25,100.26,64.11,20.21,34.27,37.26,58.04,30.64,56.08,44.74,15.19,73.4,19.79,42.81,46.85,51.18,27.64,23.73,27.51,14.76,33.12,15.35,12.13,40.2,47.37,26.06,47.65,56.51,45.66,50.21,33.58,42.85,43.14,40.81,55.08,44.52,80.1,62.18,81.16,92.36,77.1,84.27,93.16,94.94,116.66,110.84,44.38,37.53
47.64,63.55,88.51,81.34,35.35,33.22,19.67,69.75,17.23,84.44,5.77,72.85,95.65,65.14,98.87,10.12,0.0,12.21,53.94,65.5,13.17,51.03,18.8,35.85,12.47,27.09,20.44,51.82,74.92,30.12,25.21,124.4,14.28,67.58,24.4,93.98,63.37,17.93,84.24,23.23,9.1,35.34,57.17,34.7,32.81,11.28,74.14,26.13,48.38,45.18,50.01,36.93,75.26,62.36,83.07,29.77,63.41,10.85,23.43,66.7,48.16,30.05,40.87,22.53,45.97,41.14,52.75,88.86,106.88,70.73,26.82,40.89,43.88,64.66,37.26,62.7,51.35,17.75,80.02,11.94,49.42,53.46,57.79,19.07,15.16,18.95,6.06,27.32,15.17,5.76,34.39,41.57,31.57,41.85,57.27,45.36,55.13,37.46,37.05,42.85,47.42,60.01,51.13,86.71,68.8,87.78,98.97,83.71,90.88,99.78,101.56,123.27,117.45,35.81,28.96
53.59,53.2,78.16,70.99,46.0,39.18,18.06,61.47,27.88,74.09,16.42,62.5,85.3,54.8,88.52,8.04,12.21,0.0,43.59,55.16,6.97,47.59,29.45,25.5,23.12,16.74,28.44,53.9,64.57,27.58,32.79,114.05,21.14,59.62,14.06,83.63,53.02,25.93,73.89,28.3,6.84,24.99,46.82,24.36,22.46,12.19,63.79,32.08,38.03,34.83,39.66,26.58,64.91,52.01,72.72,37.35,53.07,21.5,34.08,56.35,37.82,19.7,31.62,28.08,35.63,30.79,42.4,78.51,96.53,60.38,16.47,30.54,33.53,54.31,26.91,52.35,41.0,9.37,69.67,19.94,39.07,43.11,47.44,29.72,25.81,29.6,16.84,33.27,14.69,14.21,40.35,44.17,22.32,47.8,52.77,41.92,46.48,29.84,43.0,39.41,37.07,51.35,40.78,76.36,58.45,77.43,88.63,73.36,80.53,89.43,91.21,112.92,107.1,46.46,39.61
28.45,9.53,39.05,29.97,80.72,35.71,34.58,17.81,54.78,32.64,58.15,25.29,43.85,13.25,45.11,47.33,53.94,43.59,0.0,21.22,43.42,19.89,64.23,19.19,59.58,26.85,50.98,26.19,34.62,26.49,44.39,75.11,42.53,17.15,40.64,44.7,20.46,43.27,34.77,38.05,48.22,28.52,5.28,24.56,30.06,46.91,24.59,35.16,36.95,24.3,18.2,23.91,35.31,13.13,39.65,42.93,19.13,54.74,68.86,21.21,10.35,38.57,15.73,37.5,16.12,34.31,10.36,39.58,57.59,28.16,34.53,16.84,10.06,24.58,36.2,29.83,22.95,36.69,30.56,47.57,31.15,30.67,22.7,66.18,62.6,60.63,49.05,37.61,41.24,55.94,38.59,25.68,24.3,31.31,16.55,21.13,14.24,23.11,44.12,17.9,40.57,7.68,8.54,44.72,19.25,38.95,47.59,36.38,41.29,50.49,52.27,73.98,68.17,81.24,74.33
45.61,21.02,27.42,13.66,94.63,52.22,49.9,22.77,68.37,16.33,69.72,10.13,27.54,15.33,30.76,58.89,65.5,55.16,21.22,0.0,54.98,37.05,78.14,33.41,76.42,39.52,67.48,43.36,17.42,42.99,60.9,60.76,55.83,23.98,52.43,30.34,12.79,59.77,21.43,54.55,59.79,37.2,15.94,34.42,43.29,58.79,8.28,51.67,32.61,31.6,17.81,31.78,22.7,9.08,21.37,59.43,8.58,68.65,82.77,8.06,19.76,49.47,32.24,54.01,20.43,32.32,12.75,25.22,43.23,16.5,42.4,26.17,26.57,14.91,41.16,21.54,22.58,48.25,21.24,61.49,26.82,26.34,18.65,83.02,79.11,74.54,62.34,54.12,53.95,67.51,55.09,42.18,40.8,48.47,33.2,38.29,31.4,39.62,60.62,34.4,36.24,24.34,25.7,26.43,10.02,24.14,31.28,20.07,24.98,36.14,37.92,59.63,53.81,95.15,88.24
55.29,53.03,77.99,70.82,46.97,40.87,20.95,61.3,28.85,73.92,17.38,62.33,85.13,54.62,88.35,6.56,13.17,6.97,43.42,54.98,0.0,47.42,30.41,25.33,24.09,16.57,30.13,53.72,64.4,30.47,34.49,113.88,22.84,59.44,13.88,83.46,52.85,27.63,73.72,29.99,8.54,24.82,46.65,24.18,22.29,13.88,63.62,33.77,37.86,34.66,39.49,26.41,64.74,51.84,72.55,39.04,52.89,22.47,35.05,56.18,37.64,19.53,31.45,29.77,35.45,30.62,42.23,78.34,96.36,60.21,16.3,30.36,33.36,54.14,26.74,52.18,40.83,12.26,69.5,21.64,38.9,42.94,47.27,30.69,26.78,30.56,17.8,34.97,17.58,15.18,42.04,44.0,22.15,49.5,52.6,41.75,46.31,29.67,44.69,39.23,36.9,51.17,40.61,76.19,58.28,77.26,88.45,73.19,80.36,89.26,91.04,112.75,106.93,47.42,40.57
8.57,21.2,45.31,47.0,76.58,22.19,30.44,24.07,50.64,41.12,58.01,42.01,52.6,30.28,51.37,51.32,51.03,47.59,19.89,37.05,47.42,0.0,60.09,27.72,55.43,30.85,46.84,6.31,48.55,22.35,40.25,81.37,38.39,20.97,44.35,50.96,34.39,39.13,41.03,33.91,49.89,37.05,21.81,33.1,38.59,42.77,41.62,27.88,49.99,35.23,32.13,32.45,49.24,29.66,53.58,31.15,33.96,50.6,64.72,37.05,21.64,47.1,24.27,33.36,26.4,42.85,24.3,45.84,63.85,42.09,39.99,25.37,18.6,38.52,44.73,43.77,34.4,40.68,36.82,43.43,44.19,43.71,36.64,62.04,58.46,56.49,44.91,33.47,37.1,55.09,25.07,12.16,25.27,11.42,10.66,5.66,8.53,18.97,35.73,11.2,53.61,13.41,12.2,58.65,36.41,45.21,56.34,53.63,58.38,56.75,58.53,80.24,74.43,77.1,70.19
56.19,76.87,100.97,88.44,18.33,41.77,30.27,79.73,12.02,91.55,14.97,79.96,102.76,77.96,107.04,27.36,18.8,29.45,64.23,78.14,30.41,60.09,0.0,47.38,7.4,42.32,19.09,60.37,87.56,39.18,25.44,137.04,22.82,76.63,41.64,106.63,73.4,19.66,96.7,31.78,26.34,52.58,69.98,47.84,50.05,24.23,86.77,34.67,65.62,57.81,62.64,54.17,86.87,74.99,94.69,33.22,76.05,13.5,5.57,79.33,60.8,47.29,50.55,28.95,58.61,58.38,65.39,101.5,119.52,81.1,44.06,52.91,54.17,76.27,54.5,74.31,63.99,36.24,92.48,20.49,66.66,70.7,69.4,8.89,10.18,8.45,18.37,35.87,29.86,23.0,38.87,50.11,41.24,50.4,66.33,54.42,64.19,46.52,45.59,51.9,64.66,69.07,61.42,98.33,81.43,100.41,107.56,96.34,102.5,112.42,114.2,135.91,130.09,17.95,11.94
36.29,29.04,56.41,46.86,63.87,34.46,19.14,38.31,37.61,49.96,40.06,38.37,61.17,30.64,62.48,29.24,35.85,25.5,19.19,33.41,25.33,27.72,47.38,0.0,42.73,8.76,39.22,34.03,44.91,17.65,35.55,92.48,25.07,35.21,22.26,62.07,30.76,35.04,52.14,29.21,30.13,13.99,22.66,6.47,17.09,29.44,42.05,26.32,29.65,16.44,20.91,12.02,45.59,30.26,49.95,34.09,30.33,37.89,52.01,33.41,15.6,22.1,8.75,28.66,14.71,19.79,20.66,56.94,74.96,38.46,17.91,11.54,9.13,34.99,21.67,33.03,22.7,18.6,47.92,30.73,26.01,28.58,28.12,49.33,45.75,43.79,31.59,28.77,23.19,37.85,37.33,24.42,7.81,32.3,28.37,22.18,22.08,10.1,35.28,16.64,28.33,27.19,16.38,57.04,36.7,57.77,64.92,53.7,58.39,67.86,69.64,91.35,85.54,64.39,57.48
51.53,72.21,96.32,92.25,23.95,37.12,25.61,75.08,8.98,95.36,8.65,83.77,106.57,73.31,102.39,21.04,12.47,23.12,59.58,76.42,24.09,55.43,7.4,42.73,0.0,38.0,16.05,55.72,85.84,34.52,22.4,132.39,18.17,71.98,35.32,101.97,74.28,16.62,92.05,27.13,20.02,46.26,65.33,45.62,43.72,19.15,85.05,30.02,59.3,56.09,60.92,47.84,86.17,73.27,93.99,30.18,74.33,6.76,12.03,77.61,59.08,40.96,45.89,26.42,56.89,52.05,63.67,96.85,114.87,81.64,37.73,51.8,49.51,75.57,48.17,73.61,62.27,30.42,87.83,15.83,60.33,64.37,68.7,7.67,5.5,10.7,13.07,31.21,25.21,16.68,35.83,45.46,36.59,45.75,61.68,49.77,59.54,41.87,40.94,47.25,58.33,64.42,56.77,97.63,79.71,98.69,109.89,94.62,101.8,107.77,109.55,131.26,125.44,24.41,17.56
39.41,36.7,62.52,49.82,58.81,33.3,14.09,45.98,32.56,52.93,31.3,41.34,64.14,38.3,67.36,20.48,27.09,16.74,26.85,39.52,16.57,30.85,42.32,8.76,38.0,0.0,34.17,37.16,48.94,20.65,34.58,98.41,20.01,42.88,13.5,68.0,34.78,29.98,58.25,26.77,21.37,13.42,30.32,9.22,11.94,20.37,48.15,27.66,29.07,19.19,24.03,14.78,48.25,36.37,56.07,35.43,37.43,32.84,46.96,40.71,22.18,16.21,14.88,26.55,19.99,19.21,26.77,62.87,80.89,42.48,9.15,14.29,16.79,37.65,21.09,35.69,25.37,9.84,54.03,25.67,24.54,31.33,30.78,44.6,40.7,38.73,26.45,30.11,18.4,29.09,34.38,27.43,5.58,35.31,36.03,25.18,29.74,13.1,36.62,22.67,27.75,34.85,24.04,59.71,42.81,61.79,68.94,57.72,63.88,73.79,75.57,97.28,91.47,59.33,52.42
42.93,63.61,87.72,80.93,35.58,28.52,22.11,66.48,8.48,84.03,20.47,72.44,95.24,64.71,93.79,28.29,20.44,28.44,50.98,67.48,30.13,46.84,19.09,39.22,16.05,34.17,0.0,47.12,78.98,25.92,11.03,123.79,14.67,63.38,37.52,93.37,64.83,7.1,83.45,19.06,23.3,44.81,56.73,39.68,43.33,16.18,76.12,21.42,61.5,49.66,55.16,45.24,79.84,64.33,84.02,18.81,64.4,15.25,23.72,67.48,49.67,43.16,38.16,14.55,48.96,50.6,54.73,88.25,106.27,72.53,37.57,44.76,40.91,69.24,50.37,67.28,56.96,28.19,79.23,8.5,55.94,61.79,62.37,22.65,19.07,15.49,15.24,20.25,21.81,25.42,24.47,36.86,33.09,37.15,53.08,41.17,50.94,33.27,32.34,38.65,60.53,55.82,48.17,91.29,70.77,87.63,98.99,87.77,92.46,99.17,100.95,122.66,116.84,36.1,29.19
7.12,27.51,51.61,53.31,76.86,20.29,36.74,30.37,50.92,47.43,58.8,48.32,58.91,36.59,57.68,57.63,51.82,53.9,26.19,43.36,53.72,6.31,60.37,34.03,55.72,37.16,47.12,0.0,54.86,28.66,37.19,87.68,41.7,27.28,50.66,57.27,40.7,39.41,47.34,34.19,56.2,43.36,28.11,39.41,44.9,49.08,47.93,25.98,56.29,41.54,38.44,38.75,55.55,35.97,59.89,29.25,40.27,50.88,65.0,43.35,27.95,53.41,30.58,33.64,32.71,49.16,30.6,52.14,70.16,48.4,46.3,31.68,24.91,44.82,51.04,50.07,40.7,46.99,43.12,43.72,50.5,50.02,42.94,62.32,58.74,56.78,46.63,33.38,43.41,56.81,23.17,18.47,31.57,9.97,16.97,11.97,14.83,25.28,33.83,17.51,59.92,19.71,18.51,64.96,42.72,51.52,62.65,59.94,64.68,63.06,64.84,86.55,80.74,77.38,70.47
57.12,31.36,22.9,8.4,104.05,63.72,59.32,29.28,77.79,11.81,79.14,8.91,22.34,25.67,26.24,68.31,74.92,64.57,34.62,17.42,64.4,48.55,87.56,44.91,85.84,48.94,78.98,54.86,0.0,54.5,72.4,56.24,64.19,34.32,55.59,25.83,18.84,71.28,16.92,66.06,69.99,40.37,28.14,42.79,46.45,68.99,9.13,63.17,35.77,34.77,23.86,42.79,9.49,21.28,7.8,70.94,21.49,77.02,91.14,14.52,31.26,52.63,43.74,65.51,29.85,35.48,24.26,20.7,38.72,14.73,52.6,35.58,38.07,17.32,44.32,19.97,30.78,58.46,20.11,69.85,29.98,29.5,23.96,96.91,93.0,82.91,70.71,65.62,62.31,81.4,66.6,53.69,49.76,59.97,46.6,49.8,42.9,51.12,72.12,45.9,39.4,37.74,37.21,12.87,20.35,19.62,24.34,15.55,16.25,31.62,33.4,55.11,49.3,103.51,96.6
30.17,39.13,63.23,56.44,55.67,15.75,9.53,42.0,29.73,59.54,37.1,47.96,70.76,40.22,69.3,33.9,30.12,27.58,26.49,42.99,30.47,22.35,39.18,17.65,34.52,20.65,25.92,28.66,54.5,0.0,19.34,99.3,17.48,38.9,34.16,68.89,40.34,18.22,58.96,13.0,28.98,29.83,32.24,22.31,32.93,21.86,51.63,10.11,48.06,33.3,30.67,27.86,55.35,39.85,59.53,17.88,39.91,29.69,43.81,42.99,25.19,36.86,13.68,12.45,24.47,35.63,30.24,63.76,81.78,48.04,29.8,23.45,16.43,44.75,37.51,42.79,32.47,22.93,54.74,22.52,42.26,41.78,37.88,41.12,37.55,35.58,24.0,12.56,16.19,34.18,16.83,18.93,15.07,24.28,28.59,16.69,26.45,8.78,19.06,14.17,51.68,31.34,23.68,66.81,46.29,63.14,74.5,63.28,67.98,74.68,76.46,98.17,92.36,56.19,49.28
33.0,57.03,81.14,74.34,41.93,21.93,22.53,59.9,14.84,77.45,26.82,65.86,88.66,58.12,87.21,32.64,25.21,32.79,44.39,60.9,34.49,40.25,25.44,35.55,22.4,34.58,11.03,37.19,72.4,19.34,0.0,117.21,15.09,56.8,41.87,86.79,58.24,9.52,76.86,13.76,27.66,47.62,50.15,40.1,46.52,20.54,69.53,14.84,65.96,50.07,48.58,45.66,73.26,57.75,77.43,8.37,57.81,21.61,30.08,60.89,43.09,47.52,31.58,7.97,42.38,53.42,48.15,81.67,99.68,65.94,43.73,41.35,34.33,62.65,54.73,60.69,50.37,32.55,72.65,14.85,60.16,59.68,55.79,29.0,25.43,21.85,20.02,13.67,26.01,30.19,14.02,26.93,33.5,27.21,46.49,34.59,44.36,26.68,25.76,32.07,64.89,49.24,41.58,84.71,64.19,81.04,92.4,81.19,85.88,92.59,94.37,116.08,110.26,42.45,35.54
89.94,65.58,42.17,52.49,153.53,99.15,107.39,57.72,127.59,44.43,128.61,56.81,48.77,66.97,35.55,117.78,124.4,114.05,75.11,60.76,113.88,81.37,137.04,92.48,132.39,98.41,123.79,87.68,56.24,99.3,117.21,0.0,115.35,64.95,105.07,43.46,68.32,116.08,42.22,110.86,119.47,89.84,69.75,92.26,95.93,118.47,52.48,104.84,85.25,84.24,73.33,92.27,68.57,64.97,60.19,108.11,68.68,127.56,141.68,61.84,78.83,102.11,91.31,110.32,79.33,84.96,71.82,38.34,18.84,68.39,102.08,85.06,85.64,66.8,93.79,73.42,80.26,107.93,47.33,120.39,79.45,78.98,73.44,138.99,135.42,133.45,121.87,110.42,111.79,130.88,102.02,89.11,99.24,92.8,76.83,82.62,76.26,95.93,112.68,88.16,88.88,71.39,82.81,65.26,55.78,44.98,52.5,52.56,54.53,25.04,33.4,13.47,14.95,154.05,147.14
37.51,53.01,79.28,66.13,39.32,23.1,7.96,58.04,13.06,69.24,21.26,57.65,80.45,54.61,85.35,20.99,14.28,21.14,42.53,55.83,22.84,38.39,22.82,25.07,18.17,20.01,14.67,41.7,64.19,17.48,15.09,115.35,0.0,54.94,28.61,84.93,51.09,10.49,75.01,11.73,16.08,33.05,46.63,25.53,31.95,8.95,64.46,16.0,48.71,35.5,40.33,31.09,64.56,52.68,72.38,19.64,53.74,13.34,27.46,57.02,38.49,34.26,28.24,12.4,36.3,38.85,43.08,79.81,97.83,58.79,29.16,30.6,32.47,53.96,40.73,52.0,41.68,19.29,70.79,6.17,45.07,47.64,47.09,24.77,21.2,19.23,9.08,17.19,11.44,19.26,24.27,31.44,18.93,31.72,44.64,32.73,42.5,24.83,26.92,30.21,51.63,47.38,39.73,76.02,59.12,78.1,85.25,74.03,80.19,90.73,92.51,114.22,108.4,39.84,32.93
29.53,7.62,28.88,30.57,93.13,38.74,46.98,7.64,67.19,24.7,74.56,28.58,36.17,13.85,34.95,63.35,67.58,59.62,17.15,23.98,59.44,20.97,76.63,35.21,71.98,42.88,63.38,27.28,34.32,38.9,56.8,64.95,54.94,0.0,54.17,34.53,26.62,55.68,24.61,50.46,66.44,42.05,14.78,40.59,43.58,59.32,25.19,44.43,45.12,36.95,26.37,37.44,41.14,16.42,38.28,47.7,22.41,67.15,81.27,24.5,23.0,52.09,31.76,49.91,29.22,44.83,21.54,29.41,47.43,32.94,48.06,32.86,26.09,31.35,53.66,38.0,33.55,52.71,20.39,59.98,39.32,38.84,30.88,78.58,75.01,73.04,61.46,50.02,53.65,71.64,41.62,28.71,40.32,32.39,16.43,22.21,15.85,35.52,52.28,27.75,48.75,10.98,22.4,43.34,19.98,28.78,39.92,37.2,41.95,40.33,42.11,63.82,58.0,93.65,86.74
52.92,46.54,71.72,57.53,58.2,41.95,22.73,54.82,35.81,60.63,28.62,49.04,71.84,48.14,75.06,17.79,24.4,14.06,40.64,52.43,13.88,44.35,41.64,22.26,35.32,13.5,37.52,50.66,55.59,34.16,41.87,105.07,28.61,54.17,0.0,74.66,39.56,35.08,65.75,35.37,18.67,18.34,40.17,17.7,11.9,21.34,56.08,36.31,24.57,28.18,33.01,19.93,51.45,45.36,59.26,46.5,46.89,33.7,46.28,47.37,31.16,6.24,28.39,35.15,28.97,20.26,35.75,69.54,87.55,46.92,8.44,25.58,30.82,40.85,13.45,38.89,32.32,10.8,63.02,29.09,25.61,29.65,33.98,41.92,38.01,41.79,27.42,40.34,19.37,26.41,43.02,40.93,19.08,48.82,49.82,38.69,43.53,26.6,45.26,38.65,23.61,44.69,37.83,62.9,51.8,68.45,75.17,64.38,67.07,80.45,82.23,103.94,98.13,58.66,51.81
59.52,35.17,13.38,22.08,123.12,68.73,76.98,27.3,97.18,14.01,98.2,26.39,7.68,36.56,13.46,87.37,93.98,83.63,44.7,30.34,83.46,50.96,106.63,62.07,101.97,68.0,93.37,57.27,25.83,68.89,86.79,43.46,84.93,34.53,74.66,0.0,37.89,85.66,11.79,80.44,89.04,59.42,39.32,61.84,65.5,88.04,22.05,74.41,54.82,53.82,42.91,61.84,28.79,34.54,20.09,77.68,38.25,97.13,111.25,31.42,48.4,71.68,60.88,79.89,48.9,54.53,41.4,6.25,25.96,34.03,71.65,54.63,55.21,36.37,63.37,39.27,49.83,77.51,16.9,89.96,49.03,48.55,43.01,108.56,104.99,103.02,91.44,80.0,81.36,100.45,71.59,58.68,68.81,62.37,46.4,52.19,45.83,65.5,82.25,57.73,58.45,40.96,52.38,25.47,25.35,12.89,11.77,14.49,14.87,18.86,11.41,42.35,36.53,123.63,116.71
42.96,25.43,36.82,20.78,89.89,49.57,45.16,29.87,63.63,23.89,67.58,12.3,35.1,17.96,38.32,56.75,63.37,53.02,20.46,12.79,52.85,34.39,73.4,30.76,74.28,34.78,64.83,40.7,18.84,40.34,58.24,68.32,51.09,26.62,39.56,37.89,0.0,57.12,28.99,51.9,54.04,24.41,17.6,28.63,30.5,53.04,19.33,49.01,19.82,18.81,9.7,26.84,19.53,11.2,23.87,56.78,7.33,62.86,76.98,10.62,17.1,36.68,29.58,51.35,15.69,19.53,10.1,32.78,50.8,12.38,36.65,21.43,23.91,8.81,28.36,12.71,11.22,42.5,28.33,55.69,14.02,13.54,5.86,80.96,77.05,68.75,56.55,51.46,48.15,65.45,52.44,39.53,35.6,45.82,32.44,35.64,28.75,36.97,57.97,31.75,23.45,23.58,23.05,28.94,17.11,31.7,38.84,27.63,32.32,43.7,45.48,67.19,61.37,89.35,82.44
35.23,55.91,80.01,73.22,36.16,20.81,17.93,58.78,9.06,76.32,21.05,64.74,87.54,57.0,86.08,25.78,17.93,25.93,43.27,59.77,27.63,39.13,19.66,35.04,16.62,29.98,7.1,39.41,71.28,18.22,9.52,116.08,10.49,55.68,35.08,85.66,57.12,0.0,75.74,11.95,20.8,43.03,49.02,35.5,40.82,13.67,68.41,13.72,58.99,45.47,47.45,41.06,72.13,56.63,76.31,14.08,56.69,15.83,24.3,59.77,41.97,40.66,30.46,6.84,41.25,48.82,47.02,80.54,98.56,64.82,35.07,40.23,33.21,61.53,47.86,59.57,49.25,25.68,71.52,5.99,55.04,57.61,54.66,23.22,19.65,16.07,12.73,12.54,19.3,22.91,19.73,29.15,28.9,29.44,45.37,33.47,43.23,25.56,24.63,30.95,58.03,48.12,40.46,83.59,63.07,79.92,91.28,80.06,84.76,91.46,93.24,114.95,109.14,36.68,29.76
49.6,25.24,6.15,13.17,113.19,58.81,67.05,17.38,87.25,5.1,88.45,17.48,16.58,26.63,12.22,77.62,84.24,73.89,34.77,21.43,73.72,41.03,96.7,52.14,92.05,58.25,83.45,47.34,16.92,58.96,76.86,42.22,75.01,24.61,65.75,11.79,28.99,75.74,0.0,70.52,78.52,50.52,29.41,53.15,56.6,79.38,13.15,64.49,45.92,44.92,34.01,50.51,29.24,24.63,20.86,67.77,28.34,87.22,101.34,22.52,38.49,62.78,50.97,69.98,39.16,45.63,31.48,6.68,24.7,29.06,61.13,44.9,45.3,27.47,54.47,34.1,40.93,66.98,6.98,80.05,40.13,39.65,34.11,98.65,95.08,93.11,81.52,70.08,73.72,86.24,61.68,48.77,59.53,52.45,36.49,42.28,35.91,55.59,72.34,47.81,49.55,31.05,42.46,25.93,15.44,9.19,20.32,17.61,22.36,17.6,19.38,41.09,35.27,113.71,106.8
30.01,50.69,74.79,68.0,48.27,15.59,9.1,53.56,22.01,71.1,30.21,59.52,82.32,51.78,80.86,28.15,23.23,28.3,38.05,54.55,29.99,33.91,31.78,29.21,27.13,26.77,19.06,34.19,66.06,13.0,13.76,110.86,11.73,50.46,35.37,80.44,51.9,11.95,70.52,0.0,23.23,39.81,43.8,32.29,38.71,16.11,63.19,8.5,59.62,42.26,42.23,37.84,66.91,51.41,71.09,17.81,51.47,22.29,36.41,54.55,36.75,41.01,25.24,6.87,36.03,45.6,41.8,75.32,93.34,59.6,35.91,35.01,27.99,56.31,47.49,54.35,44.03,26.04,66.3,15.12,53.82,53.34,49.44,33.73,30.15,28.18,18.04,9.69,19.3,28.21,16.76,23.93,25.69,24.22,40.15,28.25,38.01,20.34,19.41,25.73,58.39,42.9,35.24,78.37,57.85,74.7,86.06,74.84,79.53,86.24,88.02,109.73,103.92,48.79,41.88
48.52,57.83,82.79,71.93,42.9,34.11,19.45,69.54,21.59,75.04,13.32,63.45,86.25,59.43,89.47,6.69,9.1,6.84,48.22,59.79,8.54,49.89,26.34,30.13,20.02,21.37,23.3,56.2,69.99,28.98,27.66,119.47,16.08,66.44,18.67,89.04,54.04,20.8,78.52,23.23,0.0,29.62,51.45,28.99,27.07,7.12,68.42,27.01,42.65,39.46,44.29,31.21,65.85,56.64,73.67,32.28,57.7,18.4,30.98,60.98,42.45,24.32,36.25,23.01,40.26,35.42,47.03,83.14,101.16,61.32,21.09,35.17,38.16,55.25,31.52,53.29,45.64,13.01,74.3,14.87,43.69,47.73,48.38,26.62,22.71,26.49,11.54,28.2,10.43,11.11,35.28,42.45,26.95,42.73,56.13,44.23,51.11,34.47,37.93,41.71,41.69,58.88,45.41,77.31,63.08,82.06,89.57,77.99,81.48,94.06,95.84,117.55,111.73,43.35,36.51
45.62,34.42,56.5,42.31,69.14,44.35,27.13,42.7,43.09,45.41,39.56,33.82,56.62,36.02,59.84,28.73,35.34,24.99,28.52,37.2,24.82,37.05,52.58,13.99,46.26,13.42,44.81,43.36,40.37,29.83,47.62,89.84,33.05,42.05,18.34,59.42,24.41,43.03,50.52,39.81,29.62,0.0,28.05,7.52,6.08,28.63,40.86,38.51,15.65,10.41,19.17,7.05,36.23,33.24,44.04,46.27,31.67,44.64,57.22,32.15,19.04,11.82,20.93,39.59,16.85,5.8,23.63,54.31,72.33,31.7,12.23,13.46,18.7,25.63,7.68,23.67,14.14,18.09,52.67,36.38,11.13,17.97,18.76,52.86,48.95,49.19,34.71,40.95,26.66,37.35,47.23,34.32,18.62,42.2,37.7,32.07,31.41,22.28,47.46,26.53,14.34,32.57,25.71,47.68,41.45,53.23,59.94,49.16,51.85,65.23,67.01,88.72,82.91,69.59,62.75
30.37,10.25,33.68,24.69,86.48,39.58,40.33,15.43,60.53,27.36,61.38,20.01,38.57,7.97,39.75,50.56,57.17,46.82,5.28,15.94,46.65,21.81,69.98,22.66,65.33,30.32,56.73,28.11,28.14,32.24,50.15,69.75,46.63,14.78,40.17,39.32,17.6,49.02,29.41,43.8,51.45,28.05,0.0,26.09,29.59,51.01,19.31,40.92,34.09,22.96,15.34,23.44,32.58,7.85,33.17,48.54,13.85,60.5,74.62,15.93,9.01,38.1,21.49,43.26,14.78,33.8,8.96,34.21,52.23,25.3,34.06,17.83,15.82,21.73,35.73,26.97,21.55,39.92,25.19,53.33,28.29,27.81,19.85,71.93,68.36,66.39,53.15,43.37,44.75,59.17,42.45,29.54,30.05,33.23,17.26,23.05,16.69,28.87,49.87,23.65,37.72,8.4,14.96,38.24,13.97,33.59,42.31,31.1,36.01,45.13,46.91,68.62,62.8,87.0,80.08
41.66,32.47,57.43,44.73,64.33,36.62,19.6,40.74,38.08,47.83,38.92,36.24,59.04,34.06,62.26,28.09,34.7,24.36,24.56,34.42,24.18,33.1,47.84,6.47,45.62,9.22,39.68,39.41,42.79,22.31,40.1,92.26,25.53,40.59,17.7,61.84,28.63,35.5,53.15,32.29,28.99,7.52,26.09,0.0,10.62,27.99,43.06,30.98,23.18,14.1,18.93,7.19,43.16,31.28,50.97,38.75,32.33,38.36,52.48,35.62,17.08,15.63,13.41,32.07,14.89,13.32,21.67,57.78,75.8,37.38,11.6,9.2,14.5,32.55,15.2,30.6,20.27,17.45,48.94,31.19,18.65,26.23,25.69,52.22,48.31,44.25,32.05,33.43,23.65,36.71,37.7,29.79,11.1,37.68,33.74,27.55,27.45,14.76,39.94,22.01,21.86,30.61,21.75,54.61,37.72,56.7,63.84,52.63,58.78,68.7,70.48,92.19,86.37,64.85,57.94
47.16,35.96,62.59,48.39,66.6,45.24,26.03,44.24,41.62,51.5,37.02,39.91,62.71,37.56,65.93,26.19,32.81,22.46,30.06,43.29,22.29,38.59,50.05,17.09,43.72,11.94,43.33,44.9,46.45,32.93,46.52,95.93,31.95,43.58,11.9,65.5,30.5,40.82,56.6,38.71,27.07,6.08,29.59,10.62,0.0,27.15,46.95,39.6,20.95,16.49,22.43,9.35,42.31,34.77,50.13,47.37,37.76,42.1,54.68,38.24,20.58,6.05,24.03,38.49,18.39,11.88,25.17,60.4,78.42,37.78,8.32,15.0,20.24,31.71,8.57,29.75,20.23,16.61,52.43,34.9,17.21,24.06,24.84,50.32,46.41,47.71,33.23,42.05,25.18,34.81,46.32,35.85,17.52,43.74,39.24,33.61,32.94,25.38,48.56,28.07,19.99,34.11,27.25,53.77,41.21,59.32,66.03,55.25,57.94,71.32,73.1,94.81,88.99,67.06,60.21
41.4,57.38,83.65,70.94,40.73,26.99,12.33,62.41,14.47,74.04,18.26,62.45,85.25,58.98,88.47,12.04,11.28,12.19,46.91,58.79,13.88,42.77,24.23,29.44,19.15,20.37,16.18,49.08,68.99,21.86,20.54,118.47,8.95,59.32,21.34,88.04,53.04,13.67,79.38,16.11,7.12,28.63,51.01,27.99,27.15,0.0,67.42,19.89,45.32,38.46,43.3,30.22,64.86,55.64,72.67,25.16,56.7,14.67,28.79,59.98,41.45,26.98,32.61,15.89,39.26,34.42,46.04,82.14,100.16,60.32,21.39,34.98,36.85,54.25,34.19,52.29,44.64,12.01,75.16,7.75,39.75,46.6,47.39,25.75,21.84,20.56,6.08,21.08,9.43,16.26,28.16,35.33,23.31,35.61,49.01,37.1,46.87,29.2,30.81,34.59,44.35,51.75,44.1,76.31,62.08,81.06,88.57,76.99,80.48,93.06,94.84,116.55,110.74,41.16,34.25
50.18,22.23,19.14,5.38,103.27,59.39,58.54,23.98,77.01,8.05,78.35,7.82,19.26,16.53,22.48,67.53,74.14,63.79,24.59,8.28,63.62,41.62,86.77,42.05,85.05,48.15,76.12,47.93,9.13,51.63,69.53,52.48,64.46,25.19,56.08,22.05,19.33,68.41,13.15,63.19,68.42,40.86,19.31,43.06,46.95,67.42,0.0,60.3,36.26,35.25,24.34,40.41,20.38,14.54,13.08,68.07,18.24,77.29,91.41,12.85,28.39,53.12,40.87,62.64,29.07,35.97,21.39,16.93,34.95,19.4,51.03,34.8,35.2,17.81,44.8,24.43,31.27,56.89,16.34,70.12,30.46,29.98,24.45,91.65,87.75,83.18,70.98,62.75,62.58,76.14,62.27,49.36,49.44,53.04,37.08,42.86,36.5,48.25,69.26,43.04,39.89,27.71,34.34,18.15,11.22,15.85,23.0,11.78,16.7,27.85,29.63,51.34,45.53,103.78,96.87
21.8,44.66,68.77,65.11,51.17,7.38,13.58,47.53,25.22,64.58,33.11,56.63,76.06,48.89,74.84,31.93,26.13,32.08,35.16,51.67,33.77,27.88,34.67,26.32,30.02,27.66,21.42,25.98,63.17,10.11,14.84,104.84,16.0,44.43,36.31,74.41,49.01,13.72,64.49,8.5,27.01,38.51,40.92,30.98,39.6,19.89,60.3,0.0,56.73,41.98,39.34,36.54,64.03,48.52,68.2,9.61,48.58,25.19,39.31,51.66,33.86,41.95,22.35,7.95,33.15,44.3,38.92,69.3,87.31,56.71,36.81,32.12,25.1,53.42,46.18,51.46,41.14,26.98,60.28,18.02,50.93,50.45,46.56,36.62,33.05,31.08,20.93,7.69,20.24,31.11,8.55,15.72,23.75,16.01,34.12,22.22,31.99,17.45,11.2,23.51,60.36,36.87,32.35,75.48,54.96,68.67,79.81,71.96,76.65,80.22,82.0,103.71,97.89,51.69,44.77
58.55,41.92,51.91,37.72,82.18,57.28,42.78,45.77,59.78,40.82,52.6,29.23,52.03,38.31,55.25,41.77,48.38,38.03,36.95,32.61,37.86,49.99,65.62,29.65,59.3,29.07,61.5,56.29,35.77,48.06,65.96,85.25,48.71,45.12,24.57,54.82,19.82,58.99,45.92,59.62,42.65,15.65,34.09,23.18,20.95,45.32,36.26,56.73,0.0,15.6,22.65,21.29,31.64,30.94,39.45,64.37,27.08,57.68,70.26,27.56,29.23,21.62,37.18,58.95,24.36,10.77,26.51,49.72,67.74,27.1,27.99,28.24,31.51,21.03,13.3,19.07,12.51,34.78,48.08,53.07,5.8,9.84,14.17,65.9,61.99,65.77,51.4,59.05,43.35,50.39,60.03,47.12,34.28,55.01,50.51,44.88,44.21,37.93,65.56,39.34,8.39,39.99,38.52,43.09,36.86,48.64,55.35,44.57,47.26,60.64,62.42,84.13,78.31,82.63,75.78
43.8,29.33,50.9,36.71,74.31,42.53,29.58,37.6,48.05,39.81,49.39,28.22,51.02,30.93,54.24,38.57,45.18,34.83,24.3,31.6,34.66,35.23,57.81,16.44,56.09,19.19,49.66,41.54,34.77,33.3,50.07,84.24,35.5,36.95,28.18,53.82,18.81,45.47,44.92,42.26,39.46,10.41,22.96,14.1,16.49,38.46,35.25,41.98,15.6,0.0,13.88,8.27,30.63,29.94,38.44,49.74,26.07,48.33,62.45,26.55,13.95,20.81,22.55,42.04,11.39,7.83,18.17,48.71,66.73,26.1,22.07,12.87,16.88,20.03,16.67,18.07,6.83,27.93,47.07,41.16,9.81,12.37,13.16,62.69,58.79,54.22,42.02,44.43,33.62,47.18,45.4,32.49,21.07,40.38,35.88,30.25,29.58,24.73,50.93,24.71,19.23,27.48,23.89,42.08,35.85,47.63,54.34,43.56,46.25,59.63,61.41,83.12,77.31,74.82,67.91
40.7,23.17,40.58,25.8,79.14,39.9,34.41,27.02,52.88,28.9,54.22,17.31,40.11,19.56,43.33,43.4,50.01,39.66,18.2,17.81,39.49,32.13,62.64,20.91,60.92,24.03,55.16,38.44,23.86,30.67,48.58,73.33,40.33,26.37,33.01,42.91,9.7,47.45,34.01,42.23,44.29,19.17,15.34,18.93,22.43,43.3,24.34,39.34,22.65,13.88,0.0,16.28,24.55,14.45,28.89,47.11,12.35,53.16,67.28,15.63,11.97,29.57,19.91,41.69,7.1,22.48,7.83,37.79,55.81,17.4,26.9,12.83,14.24,13.82,25.43,17.51,7.18,32.76,32.11,45.99,16.97,16.49,11.94,67.52,63.62,59.05,46.85,41.79,38.46,52.01,42.77,29.86,25.9,37.74,30.18,27.62,26.48,27.3,48.3,22.08,26.4,21.32,20.79,33.96,20.88,36.71,43.86,32.64,37.33,48.71,50.49,72.2,66.39,79.66,72.74
41.01,29.82,54.78,44.73,70.73,39.74,25.16,38.09,43.63,47.84,41.14,36.25,59.05,31.42,62.27,30.32,36.93,26.58,23.91,31.78,26.41,32.45,54.17,12.02,47.84,14.78,45.24,38.75,42.79,27.86,45.66,92.27,31.09,37.44,19.93,61.84,26.84,41.06,50.51,37.84,31.21,7.05,23.44,7.19,9.35,30.22,40.41,36.54,21.29,8.27,16.28,0.0,38.66,28.63,46.47,42.88,29.69,42.49,58.81,34.58,14.44,17.45,17.54,36.2,12.25,11.43,19.02,56.74,74.76,34.12,13.82,8.85,14.09,28.05,13.31,26.09,14.86,19.68,46.29,35.32,16.76,20.4,21.18,54.44,50.54,48.38,36.3,37.56,28.25,38.93,42.62,29.71,15.23,37.59,33.09,27.46,26.8,18.89,44.07,21.92,19.97,27.97,21.1,50.11,35.07,55.66,62.37,51.59,54.28,67.66,69.44,91.15,85.33,71.18,64.33
57.81,38.18,35.23,20.72,103.37,64.58,58.64,41.51,77.11,24.14,79.47,13.35,23.52,32.48,38.57,68.65,75.26,64.91,35.31,22.7,64.74,49.24,86.87,45.59,86.17,48.25,79.84,55.55,9.49,55.35,73.26,68.57,64.56,41.14,51.45,28.79,19.53,72.13,29.24,66.91,65.85,36.23,32.58,43.16,42.31,64.86,20.38,64.03,31.64,30.63,24.55,38.66,0.0,25.72,9.61,71.88,22.18,77.47,91.59,17.83,31.95,48.49,44.68,66.45,31.86,31.34,24.95,30.11,51.05,7.05,48.46,37.6,39.01,11.53,40.17,12.28,26.64,54.31,32.44,70.3,25.83,18.93,19.81,92.76,88.86,83.36,71.16,66.56,62.77,77.25,67.54,54.63,50.21,62.51,47.29,52.38,43.59,52.06,73.06,46.84,35.26,38.43,37.9,13.25,28.76,27.81,25.51,18.78,17.42,43.95,40.11,67.44,61.62,103.97,97.05
38.23,13.45,28.9,19.92,91.49,47.43,46.76,17.07,65.23,22.58,66.57,13.15,33.79,7.76,34.97,55.74,62.36,52.01,13.13,9.08,51.84,29.66,74.99,30.26,73.27,36.37,64.33,35.97,21.28,39.85,57.75,64.97,52.68,16.42,45.36,34.54,11.2,56.63,24.63,51.41,56.64,33.24,7.85,31.28,34.77,55.64,14.54,48.52,30.94,29.94,14.45,28.63,25.72,0.0,26.31,56.39,6.99,65.52,79.64,9.07,16.62,47.88,29.1,50.87,17.3,30.73,9.62,29.43,47.45,17.51,39.26,23.03,23.43,15.93,39.56,22.55,21.63,45.12,20.41,58.35,25.22,24.74,17.06,79.88,75.98,71.41,59.21,50.98,50.81,64.37,50.31,37.4,37.67,41.08,25.12,30.9,24.54,36.48,57.49,31.27,34.65,16.25,22.57,31.38,9.19,28.81,37.53,26.32,31.23,40.35,42.13,63.84,58.03,92.01,85.1
62.15,35.31,26.85,12.35,111.18,68.75,66.45,33.23,84.92,15.76,87.29,13.95,14.82,29.62,30.19,76.46,83.07,72.72,39.65,21.37,72.55,53.58,94.69,49.95,93.99,56.07,84.02,59.89,7.8,59.53,77.43,60.19,72.38,38.28,59.26,20.09,23.87,76.31,20.86,71.09,73.67,44.04,33.17,50.97,50.13,72.67,13.08,68.2,39.45,38.44,28.89,46.47,9.61,26.31,0.0,75.97,26.52,85.28,99.4,19.56,36.29,56.3,48.77,70.54,34.88,39.15,29.29,21.41,42.67,14.86,56.27,40.62,43.1,19.35,47.98,20.1,34.45,62.12,24.06,78.11,33.64,26.74,27.63,100.58,96.67,91.17,78.97,70.65,70.58,85.07,71.63,58.72,58.03,65.01,51.63,54.83,47.94,56.16,77.16,50.94,43.07,42.77,42.24,6.3,24.3,19.11,16.81,10.08,8.72,35.57,31.41,59.06,53.24,111.78,104.87
25.07,47.93,72.04,72.88,49.71,12.3,21.34,50.8,22.62,67.86,34.6,64.4,79.33,57.01,78.11,37.2,29.77,37.35,42.93,59.43,39.04,31.15,33.22,34.09,30.18,35.43,18.81,29.25,70.94,17.88,8.37,108.11,19.64,47.7,46.5,77.68,56.78,14.08,67.77,17.81,32.28,46.27,48.54,38.75,47.37,25.16,68.07,9.61,64.37,49.74,47.11,42.88,71.88,56.39,75.97,0.0,56.45,29.39,37.86,59.53,41.72,52.08,30.21,12.52,41.01,52.17,46.78,72.57,90.59,64.58,44.67,39.98,32.96,61.29,54.05,59.33,49.01,37.1,63.55,20.07,58.8,58.32,54.42,36.78,33.21,29.63,24.57,11.62,28.11,34.75,6.09,19.0,31.61,19.28,37.4,25.49,35.26,25.32,17.85,26.78,68.22,40.14,38.93,83.35,63.14,71.94,83.08,80.36,84.51,83.49,85.27,106.98,101.16,50.23,43.32
42.53,19.44,32.61,20.57,92.54,49.13,47.81,25.65,66.28,23.67,67.63,12.66,34.88,13.75,38.68,56.8,63.41,53.07,19.13,8.58,52.89,33.96,76.05,30.33,74.33,37.43,64.4,40.27,21.49,39.91,57.81,68.68,53.74,22.41,46.89,38.25,7.33,56.69,28.34,51.47,57.7,31.67,13.85,32.33,37.76,56.7,18.24,48.58,27.08,26.07,12.35,29.69,22.18,6.99,26.52,56.45,0.0,65.51,79.63,8.58,16.67,44.02,29.15,50.92,18.34,26.87,9.67,33.14,51.16,15.03,39.25,24.08,23.48,11.46,35.7,20.04,17.12,45.11,24.12,58.34,21.36,20.88,13.19,79.87,75.97,71.4,59.2,51.03,50.8,64.36,52.01,39.1,38.25,45.39,31.11,35.21,28.31,36.54,57.54,31.32,30.78,22.25,22.62,31.59,12.9,31.48,38.63,27.41,34.97,44.06,45.84,67.55,61.73,92.01,85.09
46.7,67.38,91.49,78.96,29.99,32.29,20.78,70.25,8.19,82.06,7.03,70.47,93.27,68.47,97.56,19.42,10.85,21.5,54.74,68.65,22.47,50.6,13.5,37.89,6.76,32.84,15.25,50.88,77.02,29.69,21.61,127.56,13.34,67.15,33.7,97.13,62.86,15.83,87.22,22.29,18.4,44.64,60.5,38.36,42.1,14.67,77.29,25.19,57.68,48.33,53.16,42.49,77.47,65.52,85.28,29.39,65.51,0.0,18.14,69.85,51.31,39.34,41.06,21.59,49.12,50.43,55.9,92.02,110.04,71.61,36.11,43.43,44.68,66.78,46.55,64.83,54.5,27.16,83.0,11.0,58.71,62.75,59.92,13.36,9.79,9.91,9.47,26.38,20.38,15.06,33.46,40.63,31.76,40.91,56.85,44.94,54.71,37.04,36.11,42.42,56.72,59.59,51.94,88.84,71.95,90.93,98.07,86.86,93.01,102.94,104.72,126.43,120.61,30.51,23.6
60.82,81.5,105.61,93.08,12.29,46.41,34.9,84.37,16.66,96.18,19.61,84.59,107.39,82.59,111.68,32.0,23.43,34.08,68.86,82.77,35.05,64.72,5.57,52.01,12.03,46.96,23.72,65.0,91.14,43.81,30.08,141.68,27.46,81.27,46.28,111.25,76.98,24.3,101.34,36.41,30.98,57.22,74.62,52.48,54.68,28.79,91.41,39.31,70.26,62.45,67.28,58.81,91.59,79.64,99.4,37.86,79.63,18.14,0.0,83.97,65.43,51.92,55.18,33.59,63.24,63.01,70.02,106.14,124.16,85.73,48.69,57.55,58.8,80.9,59.13,78.94,68.62,40.88,97.12,25.12,71.29,75.33,74.04,13.52,14.82,13.09,23.01,40.5,34.5,27.64,43.51,54.75,45.88,55.03,70.97,59.06,68.83,51.15,50.23,56.54,69.3,73.71,66.06,102.96,86.07,105.05,112.19,100.98,107.13,117.06,118.84,140.55,134.73,12.59,5.9
45.61,21.53,28.5,14.31,95.83,52.22,51.1,26.78,69.57,17.41,70.91,6.4,28.62,15.84,31.84,60.08,66.7,56.35,21.21,8.06,56.18,37.05,79.33,33.41,77.61,40.71,67.48,43.35,14.52,42.99,60.89,61.84,57.02,24.5,47.37,31.42,10.62,59.77,22.52,54.55,60.98,32.15,15.93,35.62,38.24,59.98,12.85,51.66,27.56,26.55,15.63,34.58,17.83,9.07,19.56,59.53,8.58,69.85,83.97,0.0,19.75,44.41,32.23,54.01,21.63,27.26,12.75,26.3,44.32,10.68,44.38,27.36,26.56,9.1,36.09,15.72,22.56,50.23,25.24,61.62,21.75,21.27,15.74,88.69,84.78,74.68,62.48,54.11,54.09,73.18,55.09,42.18,41.54,48.47,33.2,38.29,31.4,39.62,60.62,34.4,31.18,24.33,25.7,24.62,14.02,25.22,32.37,21.15,26.07,37.22,39.0,60.71,54.9,95.29,88.38
30.21,15.38,42.76,33.2,77.29,34.41,32.56,23.65,51.03,36.31,52.38,24.72,47.52,16.98,48.83,41.55,48.16,37.82,10.35,19.76,37.64,21.64,60.8,15.6,59.08,22.18,49.67,27.95,31.26,25.19,43.09,78.83,38.49,23.0,31.16,48.4,17.1,41.97,38.49,36.75,42.45,19.04,9.01,17.08,20.58,41.45,28.39,33.86,29.23,13.95,11.97,14.44,31.95,16.62,36.29,41.72,16.67,51.31,65.43,19.75,0.0,29.09,14.43,36.2,5.77,21.54,7.0,43.29,61.31,24.8,25.06,8.83,8.76,21.22,26.72,24.09,13.77,30.91,34.27,44.15,23.56,23.08,19.18,65.68,61.77,57.21,45.01,36.31,36.61,50.17,37.29,24.38,24.06,32.26,22.28,22.88,15.99,21.81,42.81,16.59,32.98,13.53,10.3,41.36,23.05,44.12,51.26,40.05,44.74,54.21,55.99,77.7,71.88,77.81,70.9
55.67,44.47,68.77,54.58,63.85,47.59,28.38,52.75,41.45,57.68,34.26,46.09,68.89,46.07,72.11,23.44,30.05,19.7,38.57,49.47,19.53,47.1,47.29,22.1,40.96,16.21,43.16,53.41,52.63,36.86,47.52,102.11,34.26,52.09,6.24,71.68,36.68,40.66,62.78,41.01,24.32,11.82,38.1,15.63,6.05,26.98,53.12,41.95,21.62,20.81,29.57,17.45,48.49,47.88,56.3,52.08,44.02,39.34,51.92,44.41,29.09,0.0,29.04,40.8,26.9,14.4,33.68,66.58,84.6,43.97,8.45,23.51,28.75,37.89,10.5,35.93,22.74,16.45,64.94,34.73,22.66,26.7,31.03,47.56,43.66,47.44,33.06,45.99,25.01,32.05,48.67,44.37,21.79,52.25,47.75,42.12,41.45,29.31,50.91,36.58,20.66,42.62,35.76,59.95,53.72,65.5,72.21,61.43,64.12,77.5,79.28,100.99,95.17,64.3,57.45
32.83,27.86,55.24,45.68,67.04,27.99,21.76,34.86,41.96,48.79,46.19,37.2,60.0,29.46,61.31,35.36,40.87,31.62,15.73,32.24,31.45,24.27,50.55,8.75,45.89,14.88,38.16,30.58,43.74,13.68,31.58,91.31,28.24,31.76,28.39,60.88,29.58,30.46,50.97,25.24,36.25,20.93,21.49,13.41,24.03,32.61,40.87,22.35,37.18,22.55,19.91,17.54,44.68,29.1,48.77,30.21,29.15,41.06,55.18,32.23,14.43,29.04,0.0,24.69,13.72,26.73,19.48,55.77,73.79,37.28,24.03,12.69,5.67,33.99,28.61,32.03,21.71,24.72,46.75,33.89,31.5,31.02,27.13,52.49,48.92,46.95,34.75,24.8,26.36,43.98,29.06,20.42,9.3,28.3,24.91,18.17,18.62,10.3,31.3,13.18,40.93,24.2,12.92,56.05,35.53,56.6,63.74,52.53,57.22,66.69,68.47,90.18,84.36,67.56,60.65
29.46,50.14,74.25,67.45,45.45,15.05,14.49,53.01,18.35,70.56,29.51,58.97,81.77,51.23,80.32,27.93,22.53,28.08,37.5,54.01,29.77,33.36,28.95,28.66,26.42,26.55,14.55,33.64,65.51,12.45,7.97,110.32,12.4,49.91,35.15,79.89,51.35,6.84,69.98,6.87,23.01,39.59,43.26,32.07,38.49,15.89,62.64,7.95,58.95,42.04,41.69,36.2,66.45,50.87,70.54,12.52,50.92,21.59,33.59,54.01,36.2,40.8,24.69,0.0,35.49,45.39,41.26,74.78,92.8,59.06,35.69,34.46,27.44,55.76,47.27,53.8,43.48,25.82,65.76,12.83,53.27,52.79,48.9,33.02,29.45,25.36,17.34,6.78,19.09,27.51,16.22,23.39,25.47,23.67,39.61,27.7,37.47,19.79,18.87,25.18,58.17,42.35,34.7,77.82,57.3,74.15,85.51,74.3,78.99,85.7,87.48,109.19,103.37,45.97,39.06
34.97,21.16,43.44,31.79,75.1,33.7,30.37,29.87,48.84,34.9,50.19,23.31,46.11,22.42,49.33,39.36,45.97,35.63,16.12,20.43,35.45,26.4,58.61,14.71,56.89,19.99,48.96,32.71,29.85,24.47,42.38,79.33,36.3,29.22,28.97,48.9,15.69,41.25,39.16,36.03,40.26,16.85,14.78,14.89,18.39,39.26,29.07,33.15,24.36,11.39,7.1,12.25,31.86,17.3,34.88,41.01,18.34,49.12,63.24,21.63,5.77,26.9,13.72,35.49,0.0,18.98,7.68,43.79,61.8,23.39,22.87,6.64,8.05,21.18,24.53,19.22,8.9,28.72,34.95,41.96,18.69,18.21,14.31,63.49,59.58,55.01,42.81,35.59,34.42,47.98,36.57,23.66,21.87,31.55,27.05,21.42,20.75,21.1,42.1,15.88,28.11,19.3,15.06,43.24,23.73,42.71,49.85,38.64,47.41,54.71,56.49,78.2,72.38,75.62,68.71
51.42,41.63,51.62,37.43,74.93,50.15,32.92,45.48,48.89,40.53,45.35,28.94,51.74,38.02,54.96,34.52,41.14,30.79,34.31,32.32,30.62,42.85,58.38,19.79,52.05,19.21,50.6,49.16,35.48,35.63,53.42,84.96,38.85,44.83,20.26,54.53,19.53,48.82,45.63,45.6,35.42,5.8,33.8,13.32,11.88,34.42,35.97,44.3,10.77,7.83,22.48,11.43,31.34,30.73,39.15,52.17,26.87,50.43,63.01,27.26,21.54,14.4,26.73,45.39,18.98,0.0,26.22,49.43,67.45,26.82,18.03,19.26,24.49,20.74,10.26,18.78,9.26,23.89,47.79,42.17,6.25,13.09,13.88,58.65,54.74,54.98,40.5,46.75,32.45,43.14,53.02,40.11,24.42,47.99,43.49,37.86,37.2,28.07,53.25,32.33,10.63,39.7,31.51,42.8,36.57,48.35,55.06,44.28,46.97,60.35,62.13,83.84,78.02,75.39,68.54
32.86,15.33,35.76,26.2,81.88,39.47,37.15,22.19,55.62,29.3,56.97,17.71,40.51,14.74,41.82,46.14,52.75,42.4,10.36,12.75,42.23,24.3,65.39,20.66,63.67,26.77,54.73,30.6,24.26,30.24,48.15,71.82,43.08,21.54,35.75,41.4,10.1,47.02,31.48,41.8,47.03,23.63,8.96,21.67,25.17,46.04,21.39,38.92,26.51,18.17,7.83,19.02,24.95,9.62,29.29,46.78,9.67,55.9,70.02,12.75,7.0,33.68,19.48,41.26,7.68,26.22,0.0,36.29,54.3,17.8,29.64,13.41,13.82,14.22,35.13,19.47,13.15,35.5,27.27,48.73,20.79,20.31,12.34,70.27,66.36,61.79,49.59,41.36,41.2,54.76,42.34,29.43,28.05,35.72,22.34,25.54,18.65,26.87,47.87,21.65,30.21,13.48,12.95,34.35,16.05,37.11,44.26,33.04,37.73,47.2,48.98,70.69,64.88,82.4,75.49
54.4,30.04,8.25,16.96,118.0,63.61,71.85,22.18,92.05,8.89,93.07,21.27,10.42,31.43,8.33,82.25,88.86,78.51,39.58,25.22,78.34,45.84,101.5,56.94,96.85,62.87,88.25,52.14,20.7,63.76,81.67,38.34,79.81,29.41,69.54,6.25,32.78,80.54,6.68,75.32,83.14,54.31,34.21,57.78,60.4,82.14,16.93,69.3,49.72,48.71,37.79,56.74,30.11,29.43,21.41,72.57,33.14,92.02,106.14,26.3,43.29,66.58,55.77,74.78,43.79,49.43,36.29,0.0,20.84,32.83,66.53,49.51,50.09,31.25,58.24,37.87,44.71,72.38,11.78,84.84,43.9,43.42,37.89,103.44,99.87,97.9,86.31,74.87,76.24,95.33,66.47,53.56,63.69,57.25,41.28,47.07,40.7,60.38,77.13,52.6,53.33,35.84,47.26,26.79,20.23,6.64,14.16,14.23,16.19,13.74,13.83,37.23,31.41,118.5,111.59
72.42,48.06,24.65,34.97,136.01,81.62,89.87,40.2,110.07,26.91,111.09,39.28,31.25,49.45,18.03,100.26,106.88,96.53,57.59,43.23,96.36,63.85,119.52,74.96,114.87,80.89,106.27,70.16,38.72,81.78,99.68,18.84,97.83,47.43,87.55,25.96,50.8,98.56,24.7,93.34,101.16,72.33,52.23,75.8,78.42,100.16,34.95,87.31,67.74,66.73,55.81,74.76,51.05,47.45,42.67,90.59,51.16,110.04,124.16,44.32,61.31,84.6,73.79,92.8,61.8,67.45,54.3,20.84,0.0,50.87,84.56,67.54,68.12,49.28,76.27,55.9,62.74,90.41,29.81,102.87,61.93,61.45,55.92,121.47,117.9,115.93,104.34,92.9,94.27,113.36,84.5,71.59,81.72,75.28,59.31,65.1,58.73,78.41,95.16,70.64,71.36,53.87,65.29,47.74,38.26,27.46,34.98,35.04,37.01,7.52,15.88,17.71,11.89,136.53,129.62
50.66,29.97,35.04,20.85,97.59,57.27,52.86,35.22,71.33,23.95,74.94,12.37,28.77,24.28,38.39,64.11,70.73,60.38,28.16,16.5,60.21,42.09,81.1,38.46,81.64,42.48,72.53,48.4,14.73,48.04,65.94,68.39,58.79,32.94,46.92,34.03,12.38,64.82,29.06,59.6,61.32,31.7,25.3,37.38,37.78,60.32,19.4,56.71,27.1,26.1,17.4,34.12,7.05,17.51,14.86,64.58,15.03,71.61,85.73,10.68,24.8,43.97,37.28,59.06,23.39,26.82,17.8,32.83,50.87,0.0,43.92,29.13,31.61,5.08,35.64,7.75,22.1,49.78,32.25,63.39,21.3,14.39,15.28,88.23,84.32,76.45,64.25,59.16,55.85,72.72,60.14,47.23,43.3,53.52,40.14,43.34,36.45,44.67,65.67,39.45,30.72,31.28,30.75,18.5,22.46,31.76,30.76,24.02,22.67,43.76,45.54,67.26,61.44,97.06,90.14
48.56,40.44,65.4,54.54,60.61,42.45,23.23,48.71,35.86,57.65,31.03,46.06,68.86,42.04,72.08,20.21,26.82,16.47,34.53,42.4,16.3,39.99,44.06,17.91,37.73,9.15,37.57,46.3,52.6,29.8,43.73,102.08,29.16,48.06,8.44,71.65,36.65,35.07,61.13,35.91,21.09,12.23,34.06,11.6,8.32,21.39,51.03,36.81,27.99,22.07,26.9,13.82,48.46,39.26,56.27,44.67,39.25,36.11,48.69,44.38,25.06,8.45,24.03,35.69,22.87,18.03,29.64,66.53,84.56,43.92,0.0,19.47,24.71,37.86,14.44,35.9,28.25,10.86,56.91,29.15,23.36,30.21,30.99,44.33,40.42,41.95,27.47,39.26,19.42,28.82,43.52,36.58,14.73,44.46,43.71,34.33,37.42,22.25,45.76,32.55,27.03,38.59,31.72,59.92,45.69,64.67,72.18,60.6,64.09,76.67,78.45,100.16,94.34,61.07,54.22
33.94,24.21,49.17,37.53,69.41,32.67,24.68,32.48,43.15,40.63,45.1,29.04,51.84,25.81,55.06,34.27,40.89,30.54,16.84,26.17,30.36,25.37,52.91,11.54,51.8,14.29,44.76,31.68,35.58,23.45,41.35,85.06,30.6,32.86,25.58,54.63,21.43,40.23,44.9,35.01,35.17,13.46,17.83,9.2,15.0,34.98,34.8,32.12,28.24,12.87,12.83,8.85,37.6,23.03,40.62,39.98,24.08,43.43,57.55,27.36,8.83,23.51,12.69,34.46,6.64,19.26,13.41,49.51,67.54,29.13,19.47,0.0,7.02,26.91,21.14,24.95,14.63,23.63,40.68,36.26,22.44,23.94,20.05,58.4,54.49,49.32,37.12,34.57,28.72,42.89,35.55,22.64,16.17,30.52,26.02,20.39,19.72,20.07,41.07,14.85,31.86,22.36,14.03,48.97,29.46,48.44,55.59,44.37,53.14,60.44,62.22,83.93,78.11,69.92,63.01
27.16,22.19,49.57,40.01,70.66,25.89,24.52,29.19,44.72,43.12,48.09,31.53,54.33,23.79,55.64,37.26,43.88,33.53,10.06,26.57,33.36,18.6,54.17,9.13,49.51,16.79,40.91,24.91,38.07,16.43,34.33,85.64,32.47,26.09,30.82,55.21,23.91,33.21,45.3,27.99,38.16,18.7,15.82,14.5,20.24,36.85,35.2,25.1,31.51,16.88,14.24,14.09,39.01,23.43,43.1,32.96,23.48,44.68,58.8,26.56,8.76,28.75,5.67,27.44,8.05,24.49,13.82,50.09,68.12,31.61,24.71,7.02,0.0,28.32,26.38,26.36,16.04,26.63,41.08,37.51,25.83,25.35,21.46,56.11,52.54,50.57,38.99,27.55,31.18,45.88,28.77,15.86,14.24,23.74,19.24,13.61,12.95,13.05,34.05,8.08,35.26,18.53,7.25,50.38,29.86,50.93,58.07,46.86,51.55,61.02,62.8,84.51,78.69,71.18,64.27
47.08,28.38,33.46,19.27,92.76,53.97,48.03,33.63,66.5,22.37,68.87,10.78,33.58,22.69,36.8,58.04,64.66,54.31,24.58,14.91,54.14,38.52,76.27,34.99,75.57,37.65,69.24,44.82,17.32,44.75,62.65,66.8,53.96,31.35,40.85,36.37,8.81,61.53,27.47,56.31,55.25,25.63,21.73,32.55,31.71,54.25,17.81,53.42,21.03,20.03,13.82,28.05,11.53,15.93,19.35,61.29,11.46,66.78,80.9,9.1,21.22,37.89,33.99,55.76,21.18,20.74,14.22,31.25,49.28,5.08,37.86,26.91,28.32,0.0,29.57,9.42,16.03,43.71,30.67,59.7,15.23,14.75,9.21,82.16,78.25,72.76,60.56,55.95,52.16,66.65,56.93,44.02,39.61,51.9,36.56,41.78,32.87,41.46,62.46,36.24,24.65,27.7,27.17,22.99,20.88,30.18,35.25,26.11,27.16,42.18,43.96,65.67,59.85,93.36,86.45
53.3,42.1,60.45,46.26,71.05,52.03,34.81,54.32,48.66,49.36,41.47,37.77,60.57,46.86,63.79,30.64,37.26,26.91,36.2,41.16,26.74,44.73,54.5,21.67,48.17,21.09,50.37,51.04,44.32,37.51,54.73,93.79,40.73,53.66,13.45,63.37,28.36,47.86,54.47,47.49,31.52,7.68,35.73,15.2,8.57,34.19,44.8,46.18,13.3,16.67,25.43,13.31,40.17,39.56,47.98,54.05,35.7,46.55,59.13,36.09,26.72,10.5,28.61,47.27,24.53,10.26,35.13,58.24,76.27,35.64,14.44,21.14,26.38,29.57,0.0,27.62,21.05,23.65,56.62,41.94,14.34,18.38,22.71,54.77,50.86,54.65,40.27,48.63,32.22,39.26,54.9,41.99,26.3,49.88,45.38,39.75,39.08,29.96,55.14,34.21,12.34,40.25,33.39,51.63,45.4,57.18,63.9,53.11,55.8,69.18,70.96,92.67,86.86,71.51,64.66
52.33,34.8,40.08,25.89,90.8,52.02,46.07,40.26,64.54,28.99,66.91,17.4,34.0,31.2,43.42,56.08,62.7,52.35,29.83,21.54,52.18,43.77,74.31,33.03,73.61,35.69,67.28,50.07,19.97,42.79,60.69,73.42,52.0,38.0,38.89,39.27,12.71,59.57,34.1,54.35,53.29,23.67,26.97,30.6,29.75,52.29,24.43,51.46,19.07,18.07,17.51,26.09,12.28,22.55,20.1,59.33,20.04,64.83,78.94,15.72,24.09,35.93,32.03,53.8,19.22,18.78,19.47,37.87,55.9,7.75,35.9,24.95,26.36,9.42,27.62,0.0,14.07,41.75,37.29,57.74,13.27,6.96,7.25,80.2,76.29,70.8,58.6,53.99,50.2,64.69,54.97,42.06,37.65,49.94,41.93,39.82,38.24,39.5,60.5,34.28,22.69,33.07,32.54,23.74,27.5,36.8,36.0,29.26,27.91,48.8,50.58,72.29,66.48,91.4,84.49
42.96,27.92,46.92,32.73,80.48,41.69,35.75,34.21,54.22,35.83,55.57,24.24,47.04,26.75,50.26,44.74,51.35,41.0,22.95,22.58,40.83,34.4,63.99,22.7,62.27,25.37,56.96,40.7,30.78,32.47,50.37,80.26,41.68,33.55,32.32,49.83,11.22,49.25,40.93,44.03,45.64,14.14,21.55,20.27,20.23,44.64,31.27,41.14,12.51,6.83,7.18,14.86,26.64,21.63,34.45,49.01,17.12,54.5,68.62,22.56,13.77,22.74,21.71,43.48,8.9,9.26,13.15,44.71,62.74,22.1,28.25,14.63,16.04,16.03,21.05,14.07,0.0,34.1,38.12,47.33,6.71,9.28,9.09,68.87,64.96,60.39,48.19,43.59,39.8,53.36,44.57,31.66,27.25,39.54,35.04,29.41,28.75,29.09,50.09,23.87,16.13,26.07,23.05,38.01,26.9,43.56,50.27,39.49,42.18,55.56,57.34,79.05,73.23,81.0,74.09
47.04,46.29,71.26,60.4,52.74,32.62,13.4,54.57,26.48,63.5,23.56,51.91,74.71,47.89,77.93,15.19,17.75,9.37,36.69,48.25,12.26,40.68,36.24,18.6,30.42,9.84,28.19,46.99,58.46,22.93,32.55,107.93,19.29,52.71,10.8,77.51,42.5,25.68,66.98,26.04,13.01,18.09,39.92,17.45,16.61,12.01,56.89,26.98,34.78,27.93,32.76,19.68,54.31,45.12,62.12,37.1,45.11,27.16,40.88,50.23,30.91,16.45,24.72,25.82,28.72,23.89,35.5,72.38,90.41,49.78,10.86,23.63,26.63,43.71,23.65,41.75,34.1,0.0,62.77,19.76,29.22,36.06,36.85,37.02,33.11,32.57,18.09,31.02,10.04,21.35,33.7,37.27,15.42,41.15,45.87,35.02,39.58,22.94,35.93,32.5,33.82,44.44,33.88,65.77,51.55,70.53,78.03,66.46,69.94,82.53,84.31,106.02,100.2,53.17,46.26
45.38,21.02,11.26,16.36,108.98,54.59,62.83,13.16,83.03,8.3,84.23,20.67,19.77,22.41,17.33,73.4,80.02,69.67,30.56,21.24,69.5,36.82,92.48,47.92,87.83,54.03,79.23,43.12,20.11,54.74,72.65,47.33,70.79,20.39,63.02,16.9,28.33,71.52,6.98,66.3,74.3,52.67,25.19,48.94,52.43,75.16,16.34,60.28,48.08,47.07,32.11,46.29,32.44,20.41,24.06,63.55,24.12,83.0,97.12,25.24,34.27,64.94,46.75,65.76,34.95,47.79,27.27,11.78,29.81,32.25,56.91,40.68,41.08,30.67,56.62,37.29,38.12,62.77,0.0,75.83,42.36,41.88,34.19,94.43,90.86,88.89,77.31,65.87,69.5,82.02,57.46,44.55,55.32,48.24,32.27,38.06,31.7,51.37,68.12,43.6,51.78,26.83,38.25,29.13,11.22,12.38,23.52,20.8,25.55,22.71,24.49,46.2,40.38,109.5,102.58
39.53,60.21,84.32,71.79,36.98,25.12,13.61,63.08,10.45,74.89,18.92,63.3,86.1,61.31,90.39,19.79,11.94,19.94,47.57,61.49,21.64,43.43,20.49,30.73,15.83,25.67,8.5,43.72,69.85,22.52,14.85,120.39,6.17,59.98,29.09,89.96,55.69,5.99,80.05,15.12,14.87,36.38,53.33,31.19,34.9,7.75,70.12,18.02,53.07,41.16,45.99,35.32,70.3,58.35,78.11,20.07,58.34,11.0,25.12,61.62,44.15,34.73,33.89,12.83,41.96,42.17,48.73,84.84,102.87,63.39,29.15,36.26,37.51,59.7,41.94,57.74,47.33,19.76,75.83,0.0,47.44,53.29,52.75,22.43,18.86,16.89,6.74,19.21,13.31,16.92,25.72,33.46,24.59,33.74,49.68,37.77,47.54,29.87,28.94,35.25,52.04,52.42,44.77,81.67,64.78,83.76,90.9,79.69,85.84,95.77,97.55,119.26,113.44,37.5,30.59
52.75,36.12,46.11,31.92,83.22,51.48,39.14,39.97,54.22,35.02,53.63,23.43,46.23,32.52,49.45,42.81,49.42,39.07,31.15,26.82,38.9,44.19,66.66,26.01,60.33,24.54,55.94,50.5,29.98,42.26,60.16,79.45,45.07,39.32,25.61,49.03,14.02,55.04,40.13,53.82,43.69,11.13,28.29,18.65,17.21,39.75,30.46,50.93,5.8,9.81,16.97,16.76,25.83,25.22,33.64,58.8,21.36,58.71,71.29,21.75,23.56,22.66,31.5,53.27,18.69,6.25,20.79,43.9,61.93,21.3,23.36,22.44,25.83,15.23,14.34,13.27,6.71,29.22,42.36,47.44,0.0,7.58,8.37,66.93,63.03,60.31,45.83,53.26,37.78,51.42,54.24,41.33,30.64,49.21,44.71,39.08,38.42,34.29,59.76,33.54,9.42,34.19,32.72,37.29,31.06,42.84,49.55,38.77,41.46,54.84,56.62,78.33,72.52,83.67,76.82
52.27,35.64,45.63,31.44,87.25,51.0,41.71,39.5,60.18,34.54,57.67,22.95,40.65,32.04,48.97,46.85,53.46,43.11,30.67,26.34,42.94,43.71,70.7,28.58,64.37,31.33,61.79,50.02,29.5,41.78,59.68,78.98,47.64,38.84,29.65,48.55,13.54,57.61,39.65,53.34,47.73,17.97,27.81,26.23,24.06,46.6,29.98,50.45,9.84,12.37,16.49,20.4,18.93,24.74,26.74,58.32,20.88,62.75,75.33,21.27,23.08,26.7,31.02,52.79,18.21,13.09,20.31,43.42,61.45,14.39,30.21,23.94,25.35,14.75,18.38,6.96,9.28,36.06,41.88,53.29,7.58,0.0,7.63,70.5,66.6,65.88,53.68,52.51,45.28,54.99,53.49,40.58,32.73,48.47,43.97,38.34,37.67,36.39,59.02,32.8,12.99,33.45,31.98,30.42,30.32,42.1,42.68,38.03,34.59,54.1,55.88,77.59,71.77,87.24,80.39
45.2,27.67,40.09,25.9,85.9,47.11,41.17,31.53,59.64,29.01,62.0,17.42,40.22,24.07,43.44,51.18,57.79,47.44,22.7,18.65,47.27,36.64,69.4,28.12,68.7,30.78,62.37,42.94,23.96,37.88,55.79,73.44,47.09,30.88,33.98,43.01,5.86,54.66,34.11,49.44,48.38,18.76,19.85,25.69,24.84,47.39,24.45,46.56,14.17,13.16,11.94,21.18,19.81,17.06,27.63,54.42,13.19,59.92,74.04,15.74,19.18,31.03,27.13,48.9,14.31,13.88,12.34,37.89,55.92,15.28,30.99,20.05,21.46,9.21,22.71,7.25,9.09,36.85,34.19,52.75,8.37,7.63,0.0,75.38,71.47,65.98,53.78,49.17,45.38,59.87,50.15,37.24,32.83,45.12,34.68,35.0,30.99,34.68,55.68,29.46,17.87,25.82,25.29,31.15,22.97,36.7,43.41,32.63,35.32,48.7,50.48,72.19,66.37,86.58,79.67
58.13,78.81,102.92,98.85,25.44,43.72,32.21,81.68,15.58,101.96,15.25,90.37,113.17,79.91,108.99,27.64,19.07,29.72,66.18,83.02,30.69,62.04,8.89,49.33,7.67,44.6,22.65,62.32,96.91,41.12,29.0,138.99,24.77,78.58,41.92,108.56,80.96,23.22,98.65,33.73,26.62,52.86,71.93,52.22,50.32,25.75,91.65,36.62,65.9,62.69,67.52,54.44,92.76,79.88,100.58,36.78,79.87,13.36,13.52,88.69,65.68,47.56,52.49,33.02,63.49,58.65,70.27,103.44,121.47,88.23,44.33,58.4,56.11,82.16,54.77,80.2,68.87,37.02,94.43,22.43,66.93,70.5,75.38,0.0,8.89,15.72,19.67,37.81,31.81,23.28,42.43,52.06,43.19,52.35,68.28,56.37,66.14,48.47,47.54,53.85,64.94,71.02,63.37,104.23,86.31,105.29,116.49,101.22,108.4,114.37,116.15,137.86,132.04,25.9,19.05
54.56,75.24,99.35,94.94,26.74,40.15,28.64,78.11,12.01,98.05,11.34,86.46,109.26,76.33,105.42,23.73,15.16,25.81,62.6,79.11,26.78,58.46,10.18,45.75,5.5,40.7,19.07,58.74,93.0,37.55,25.43,135.42,21.2,75.01,38.01,104.99,77.05,19.65,95.08,30.15,22.71,48.95,68.36,48.31,46.41,21.84,87.75,33.05,61.99,58.79,63.62,50.54,88.86,75.98,96.67,33.21,75.97,9.79,14.82,84.78,61.77,43.66,48.92,29.45,59.58,54.74,66.36,99.87,117.9,84.32,40.42,54.49,52.54,78.25,50.86,76.29,64.96,33.11,90.86,18.86,63.03,66.6,71.47,8.89,0.0,13.73,15.76,34.24,28.24,19.37,38.86,48.49,39.62,48.77,64.71,52.8,62.57,44.89,43.97,50.28,61.03,67.45,59.8,100.32,82.4,101.38,112.58,97.31,104.49,110.8,112.58,134.29,128.47,27.19,20.34
52.59,73.27,97.38,84.85,24.95,38.18,26.67,76.14,8.43,87.95,15.12,76.36,99.16,74.36,103.45,27.51,18.95,29.6,60.63,74.54,30.56,56.49,8.45,43.79,10.7,38.73,15.49,56.78,82.91,35.58,21.85,133.45,19.23,73.04,41.79,103.02,68.75,16.07,93.11,28.18,26.49,49.19,66.39,44.25,47.71,20.56,83.18,31.08,65.77,54.22,59.05,48.38,83.36,71.41,91.17,29.63,71.4,9.91,13.09,74.68,57.21,47.44,46.95,25.36,55.01,54.98,61.79,97.9,115.93,76.45,41.95,49.32,50.57,72.76,54.65,70.8,60.39,32.57,88.89,16.89,60.31,65.88,65.98,15.72,13.73,0.0,14.78,32.27,26.27,23.15,35.28,46.52,37.65,46.8,62.74,50.83,60.6,42.93,42.0,48.31,64.81,65.48,57.83,94.73,77.84,96.82,103.96,92.75,98.9,108.83,110.61,132.32,126.5,25.47,18.55
42.44,59.53,85.8,72.65,34.87,28.03,14.47,64.56,8.61,75.75,8.85,64.16,86.96,61.12,91.86,14.76,6.06,16.84,49.05,62.34,17.8,44.91,18.37,31.59,13.07,26.45,15.24,46.63,70.71,24.0,20.02,121.87,9.08,61.46,27.42,91.44,56.55,12.73,81.52,18.04,11.54,34.71,53.15,32.05,33.23,6.08,70.98,20.93,51.4,42.02,46.85,36.3,71.16,59.21,78.97,24.57,59.2,9.47,23.01,62.48,45.01,33.06,34.75,17.34,42.81,40.5,49.59,86.31,104.34,64.25,27.47,37.12,38.99,60.56,40.27,58.6,48.19,18.09,77.31,6.74,45.83,53.68,53.78,19.67,15.76,14.78,0.0,22.12,13.37,11.05,29.2,36.37,26.37,36.66,52.08,40.17,49.94,32.26,31.85,37.65,50.43,54.82,47.17,83.46,66.56,85.54,92.69,81.47,87.62,98.17,99.95,121.66,115.84,35.39,28.48
29.2,50.25,74.36,67.56,52.36,14.78,16.03,53.12,24.05,70.67,34.3,59.08,81.88,51.34,80.42,33.12,27.32,33.27,37.61,54.12,34.97,33.47,35.87,28.77,31.21,30.11,20.25,33.38,65.62,12.56,13.67,110.42,17.19,50.02,40.34,80.0,51.46,12.54,70.08,9.69,28.2,40.95,43.37,33.43,42.05,21.08,62.75,7.69,59.05,44.43,41.79,37.56,66.56,50.98,70.65,11.62,51.03,26.38,40.5,54.11,36.31,45.99,24.8,6.78,35.59,46.75,41.36,74.87,92.9,59.16,39.26,34.57,27.55,55.95,48.63,53.99,43.59,31.02,65.87,19.21,53.26,52.51,49.17,37.81,34.24,32.27,22.12,0.0,24.28,32.3,11.94,23.13,26.19,23.41,39.71,27.81,37.58,19.9,18.61,25.29,62.8,42.46,34.8,77.93,57.41,74.26,85.62,74.41,79.1,85.8,87.58,109.29,103.48,52.88,45.97
40.3,51.13,77.99,64.25,46.36,25.88,6.67,56.75,20.1,67.36,22.15,55.77,78.57,52.73,81.79,15.35,15.17,14.69,41.24,53.95,17.58,37.1,29.86,23.19,25.21,18.4,21.81,43.41,62.31,16.19,26.01,111.79,11.44,53.65,19.37,81.36,48.15,19.3,73.72,19.3,10.43,26.66,44.75,23.65,25.18,9.43,62.58,20.24,43.35,33.62,38.46,28.25,62.77,50.81,70.58,28.11,50.8,20.38,34.5,54.09,36.61,25.01,26.36,19.09,34.42,32.45,41.2,76.24,94.27,55.85,19.42,28.72,31.18,52.16,32.22,50.2,39.8,10.04,69.5,13.31,37.78,45.28,45.38,31.81,28.24,26.27,13.37,24.28,0.0,20.15,26.96,33.69,17.05,34.41,43.35,31.44,41.21,24.57,29.2,28.92,42.38,46.09,38.44,74.14,57.24,76.22,83.37,72.15,78.31,88.22,90.0,111.71,105.9,46.8,39.88
52.62,65.55,90.51,83.34,39.56,38.21,24.65,74.74,21.44,86.45,9.98,74.86,97.66,67.15,100.88,12.13,5.76,14.21,55.94,67.51,15.18,55.09,23.0,37.85,16.68,29.09,25.42,56.81,81.4,34.18,30.19,130.88,19.26,71.64,26.41,100.45,65.45,22.91,86.24,28.21,11.11,37.35,59.17,36.71,34.81,16.26,76.14,31.11,50.39,47.18,52.01,38.93,77.25,64.37,85.07,34.75,64.36,15.06,27.64,73.18,50.17,32.05,43.98,27.51,47.98,43.14,54.76,95.33,113.36,72.72,28.82,42.89,45.88,66.65,39.26,64.69,53.36,21.35,82.02,16.92,51.42,54.99,59.87,23.28,19.37,23.15,11.05,32.3,20.15,0.0,39.38,46.55,34.67,46.83,62.25,50.35,58.83,42.19,42.03,47.83,49.43,65.0,53.14,88.72,70.8,89.78,100.98,85.71,92.89,101.78,103.56,125.27,119.46,40.02,33.17
18.98,41.85,65.95,68.54,55.37,6.21,20.29,44.71,28.27,61.77,41.37,60.06,73.25,50.93,72.02,40.2,34.39,40.35,38.59,55.09,42.04,25.07,38.87,37.33,35.83,34.38,24.47,23.17,66.6,16.83,14.02,102.02,24.27,41.62,43.02,71.59,52.44,19.73,61.68,16.76,35.28,47.23,42.45,37.7,46.32,28.16,62.27,8.55,60.03,45.4,42.77,42.62,67.54,50.31,71.63,6.09,52.01,33.46,43.51,55.09,37.29,48.67,29.06,16.22,36.57,53.02,42.34,66.47,84.5,60.14,43.52,35.55,28.77,56.93,54.9,54.97,44.57,33.7,57.46,25.72,54.24,53.49,50.15,42.43,38.86,35.28,29.2,11.94,26.96,39.38,0.0,12.91,30.56,13.2,31.31,19.4,29.17,24.27,16.4,20.69,63.78,34.05,32.85,78.91,57.06,65.86,76.99,74.27,79.02,77.4,79.18,100.89,95.08,55.88,48.97
13.67,28.94,53.04,55.63,66.61,10.03,27.02,31.8,40.66,48.86,48.55,47.15,60.34,38.02,59.11,47.37,41.57,44.17,25.68,42.18,44.0,12.16,50.11,24.42,45.46,27.43,36.86,18.47,53.69,18.93,26.93,89.11,31.44,28.71,40.93,58.68,39.53,29.15,48.77,23.93,42.45,34.32,29.54,29.79,35.85,35.33,49.36,15.72,47.12,32.49,29.86,29.71,54.63,37.4,58.72,19.0,39.1,40.63,54.75,42.18,24.38,44.37,20.42,23.39,23.66,40.11,29.43,53.56,71.59,47.23,36.58,22.64,15.86,44.02,41.99,42.06,31.66,37.27,44.55,33.46,41.33,40.58,37.24,52.06,48.49,46.52,36.37,23.13,33.69,46.55,12.91,0.0,21.85,7.88,18.4,6.49,16.26,15.56,23.57,7.78,50.87,21.14,19.94,66.0,44.15,52.95,64.08,61.36,66.11,64.49,66.27,87.98,82.17,67.12,60.21
33.83,36.43,63.81,51.7,57.74,29.39,13.01,43.42,31.48,54.81,36.88,43.22,66.02,38.03,69.24,26.06,31.57,22.32,24.3,40.8,22.15,25.27,41.24,7.81,36.59,5.58,33.09,31.57,49.76,15.07,33.5,99.24,18.93,40.32,19.08,68.81,35.6,28.9,59.53,25.69,26.95,18.62,30.05,11.1,17.52,23.31,49.44,23.75,34.28,21.07,25.9,15.23,50.21,37.67,58.03,31.61,38.25,31.76,45.88,41.54,24.06,21.79,9.3,25.47,21.87,24.42,28.05,63.69,81.72,43.3,14.73,16.17,14.24,39.61,26.3,37.65,27.25,15.42,55.32,24.59,30.64,32.73,32.83,43.19,39.62,37.65,26.37,26.19,17.05,34.67,30.56,21.85,0.0,29.73,31.51,19.6,27.18,7.52,32.7,17.08,32.96,32.76,21.49,61.59,44.69,63.67,70.82,59.6,65.76,75.67,77.45,99.16,93.35,58.26,51.34
5.79,32.62,56.73,58.42,66.89,10.32,27.75,35.49,40.95,52.55,48.83,53.43,64.02,41.7,62.8,47.65,41.85,47.8,31.31,48.47,49.5,11.42,50.4,32.3,45.75,35.31,37.15,9.97,59.97,24.28,27.21,92.8,31.72,32.39,48.82,62.37,45.82,29.44,52.45,24.22,42.73,42.2,33.23,37.68,43.74,35.61,53.04,16.01,55.01,40.38,37.74,37.59,62.51,41.08,65.01,19.28,45.39,40.91,55.03,48.47,32.26,52.25,28.3,23.67,31.55,47.99,35.72,57.25,75.28,53.52,44.46,30.52,23.74,51.9,49.88,49.94,39.54,41.15,48.24,33.74,49.21,48.47,45.12,52.35,48.77,46.8,36.66,23.41,34.41,46.83,13.2,7.88,29.73,0.0,22.08,14.38,19.95,23.44,23.86,15.67,58.76,24.83,23.62,73.88,47.83,56.63,67.77,65.05,69.8,68.18,69.96,91.67,85.85,67.41,60.5
19.23,16.66,40.76,42.46,82.82,28.44,36.68,19.52,56.88,36.58,64.25,37.28,48.06,25.74,46.83,56.51,57.27,52.77,16.55,33.2,52.6,10.66,66.33,28.37,61.68,36.03,53.08,16.97,46.6,28.59,46.49,76.83,44.64,16.43,49.82,46.4,32.44,45.37,36.49,40.15,56.13,37.7,17.26,33.74,39.24,49.01,37.08,34.12,50.51,35.88,30.18,33.09,47.29,25.12,51.63,37.4,31.11,56.85,70.97,33.2,22.28,47.75,24.91,39.61,27.05,43.49,22.34,41.28,59.31,40.14,43.71,26.02,19.24,36.56,45.38,41.93,35.04,45.87,32.27,49.68,44.71,43.97,34.68,68.28,64.71,62.74,52.08,39.71,43.35,62.25,31.31,18.4,31.51,22.08,0.0,11.91,6.29,25.22,41.97,17.44,52.56,8.86,12.84,56.7,31.87,40.67,51.8,49.08,53.83,52.21,53.99,75.7,69.89,83.34,76.43
14.23,22.44,46.55,48.24,70.92,16.53,24.77,25.31,44.97,42.37,52.34,43.25,53.84,31.52,52.62,45.66,45.36,41.92,21.13,38.29,41.75,5.66,54.42,22.18,49.77,25.18,41.17,11.97,49.8,16.69,34.59,82.62,32.73,22.21,38.69,52.19,35.64,33.47,42.28,28.25,44.23,32.07,23.05,27.55,33.61,37.1,42.86,22.22,44.88,30.25,27.62,27.46,52.38,30.9,54.83,25.49,35.21,44.94,59.06,38.29,22.88,42.12,18.17,27.7,21.42,37.86,25.54,47.07,65.1,43.34,34.33,20.39,13.61,41.78,39.75,39.82,29.41,35.02,38.06,37.77,39.08,38.34,35.0,56.37,52.8,50.83,40.17,27.81,31.44,50.35,19.4,6.49,19.6,14.38,11.91,0.0,9.77,13.31,30.06,5.54,48.63,14.65,13.44,59.89,37.65,46.45,57.59,54.87,59.62,58.0,59.78,81.49,75.67,71.44,64.52
17.09,16.08,40.19,41.88,80.69,26.3,34.54,18.95,54.74,36.0,61.04,36.36,47.48,25.16,46.25,50.21,55.13,46.48,14.24,31.4,46.31,8.53,64.19,22.08,59.54,29.74,50.94,14.83,42.9,26.45,44.36,76.26,42.5,15.85,43.53,45.83,28.75,43.23,35.91,38.01,51.11,31.41,16.69,27.45,32.94,46.87,36.5,31.99,44.21,29.58,26.48,26.8,43.59,24.54,47.94,35.26,28.31,54.71,68.83,31.4,15.99,41.45,18.62,37.47,20.75,37.2,18.65,40.7,58.73,36.45,37.42,19.72,12.95,32.87,39.08,38.24,28.75,39.58,31.7,47.54,38.42,37.67,30.99,66.14,62.57,60.6,49.94,37.58,41.21,58.83,29.17,16.26,27.18,19.95,6.29,9.77,0.0,23.08,39.83,15.31,47.96,8.29,6.55,53.0,31.29,40.09,51.22,48.51,53.26,51.63,53.41,75.13,69.31,81.2,74.29
27.54,35.75,59.86,53.07,63.01,23.09,16.87,38.62,37.07,56.17,44.4,44.58,67.38,36.84,65.93,33.58,37.46,29.84,23.11,39.62,29.67,18.97,46.52,10.1,41.87,13.1,33.27,25.28,51.12,8.78,26.68,95.93,24.83,35.52,26.6,65.5,36.97,25.56,55.59,20.34,34.47,22.28,28.87,14.76,25.38,29.2,48.25,17.45,37.93,24.73,27.3,18.89,52.06,36.48,56.16,25.32,36.54,37.04,51.15,39.62,21.81,29.31,10.3,19.79,21.1,28.07,26.87,60.38,78.41,44.67,22.25,20.07,13.05,41.46,29.96,39.5,29.09,22.94,51.37,29.87,34.29,36.39,34.68,48.47,44.89,42.93,32.26,19.9,24.57,42.19,24.27,15.56,7.52,23.44,25.22,13.31,23.08,0.0,26.41,10.79,36.61,27.96,20.31,63.43,42.91,59.76,71.13,59.91,64.6,71.31,73.09,94.8,88.98,63.53,56.62
29.64,52.51,76.61,74.07,62.09,15.23,22.53,55.37,36.14,72.43,44.03,65.58,83.91,57.85,82.68,42.85,37.05,43.0,44.12,60.62,44.69,35.73,45.59,35.28,40.94,36.62,32.34,33.83,72.12,19.06,25.76,112.68,26.92,52.28,45.26,82.25,57.97,24.63,72.34,19.41,37.93,47.46,49.87,39.94,48.56,30.81,69.26,11.2,65.56,50.93,48.3,44.07,73.06,57.49,77.16,17.85,57.54,36.11,50.23,60.62,42.81,50.91,31.3,18.87,42.1,53.25,47.87,77.13,95.16,65.67,45.76,41.07,34.05,62.46,55.14,60.5,50.09,35.93,68.12,28.94,59.76,59.02,55.68,47.54,43.97,42.0,31.85,18.61,29.2,42.03,16.4,23.57,32.7,23.86,41.97,30.06,39.83,26.41,0.0,31.35,69.31,44.71,41.31,84.43,67.72,76.52,87.65,80.91,85.6,88.06,89.84,111.55,105.74,62.6,55.69
19.77,27.98,52.09,47.85,68.4,17.82,22.25,30.85,42.46,47.9,49.83,39.36,59.38,31.63,58.16,43.14,42.85,39.41,17.9,34.4,39.23,11.2,51.9,16.64,47.25,22.67,38.65,17.51,45.9,14.17,32.07,88.16,30.21,27.75,38.65,57.73,31.75,30.95,47.81,25.73,41.71,26.53,23.65,22.01,28.07,34.59,43.04,23.51,39.34,24.71,22.08,21.92,46.84,31.27,50.94,26.78,31.32,42.42,56.54,34.4,16.59,36.58,13.18,25.18,15.88,32.33,21.65,52.6,70.64,39.45,32.55,14.85,8.08,36.24,34.21,34.28,23.87,32.5,43.6,35.25,33.54,32.8,29.46,53.85,50.28,48.31,37.65,25.29,28.92,47.83,20.69,7.78,17.08,15.67,17.44,5.54,15.31,10.79,31.35,0.0,43.09,20.19,15.09,58.21,37.69,51.99,63.13,54.69,59.38,63.53,65.31,87.03,81.21,68.92,62.01
62.18,45.54,55.54,41.34,81.22,60.91,41.46,49.4,58.82,44.45,51.63,32.86,55.66,41.94,58.88,40.81,47.42,37.07,40.57,36.24,36.9,53.61,64.66,28.33,58.33,27.75,60.53,59.92,39.4,51.68,64.89,88.88,51.63,48.75,23.61,58.45,23.45,58.03,49.55,58.39,41.69,14.34,37.72,21.86,19.99,44.35,39.89,60.36,8.39,19.23,26.4,19.97,35.26,34.65,43.07,68.22,30.78,56.72,69.3,31.18,32.98,20.66,40.93,58.17,28.11,10.63,30.21,53.33,71.36,30.72,27.03,31.86,35.26,24.65,12.34,22.69,16.13,33.82,51.78,52.04,9.42,12.99,17.87,64.94,61.03,64.81,50.43,62.8,42.38,49.43,63.78,50.87,32.96,58.76,52.56,48.63,47.96,36.61,69.31,43.09,0.0,43.61,42.15,46.72,40.48,52.27,58.98,48.2,50.89,64.27,66.05,87.76,81.94,81.67,74.82
21.97,7.79,35.32,33.09,85.57,31.18,39.42,14.08,59.62,31.14,66.99,28.41,42.62,16.37,41.39,55.08,60.01,51.35,7.68,24.34,51.17,13.41,69.07,27.19,64.42,34.85,55.82,19.71,37.74,31.34,49.24,71.39,47.38,10.98,44.69,40.96,23.58,48.12,31.05,42.9,58.88,32.57,8.4,30.61,34.11,51.75,27.71,36.87,39.99,27.48,21.32,27.97,38.43,16.25,42.77,40.14,22.25,59.59,73.71,24.33,13.53,42.62,24.2,42.35,19.3,39.7,13.48,35.84,53.87,31.28,38.59,22.36,18.53,27.7,40.25,33.07,26.07,44.44,26.83,52.42,34.19,33.45,25.82,71.02,67.45,65.48,54.82,42.46,46.09,65.0,34.05,21.14,32.76,24.83,8.86,14.65,8.29,27.96,44.71,20.19,43.61,0.0,14.84,47.84,22.37,35.22,46.36,39.5,44.41,46.77,48.55,70.26,64.44,86.09,79.17
20.77,21.33,46.74,39.15,77.91,29.97,31.77,25.5,51.97,42.25,55.35,30.67,53.47,22.93,52.81,44.52,51.13,40.78,8.54,25.7,40.61,12.2,61.42,16.38,56.77,24.04,48.17,18.51,37.21,23.68,41.58,82.81,39.73,22.4,37.83,52.38,23.05,40.46,42.46,35.24,45.41,25.71,14.96,21.75,27.25,44.1,34.34,32.35,38.52,23.89,20.79,21.1,37.9,22.57,42.24,38.93,22.62,51.94,66.06,25.7,10.3,35.76,12.92,34.7,15.06,31.51,12.95,47.26,65.29,30.75,31.72,14.03,7.25,27.17,33.39,32.54,23.05,33.88,38.25,44.77,32.72,31.98,25.29,63.37,59.8,57.83,47.17,34.8,38.44,53.14,32.85,19.94,21.49,23.62,12.84,13.44,6.55,20.31,41.31,15.09,42.15,14.84,0.0,47.31,29.0,46.64,57.21,45.99,50.69,58.18,59.97,81.68,75.86,78.43,71.52
67.22,40.38,31.92,17.41,114.82,76.03,70.09,38.3,88.56,20.83,90.93,19.01,20.21,34.69,35.26,80.1,86.71,76.36,44.72,26.43,76.19,58.65,98.33,57.04,97.63,59.71,91.29,64.96,12.87,66.81,84.71,65.26,76.02,43.34,62.9,25.47,28.94,83.59,25.93,78.37,77.31,47.68,38.24,54.61,53.77,76.31,18.15,75.48,43.09,42.08,33.96,50.11,13.25,31.38,6.3,83.35,31.59,88.84,102.96,24.62,41.36,59.95,56.05,77.82,43.24,42.8,34.35,26.79,47.74,18.5,59.92,48.97,50.38,22.99,51.63,23.74,38.01,65.77,29.13,81.67,37.29,30.42,31.15,104.23,100.32,94.73,83.46,77.93,74.14,88.72,78.91,66.0,61.59,73.88,56.7,59.89,53.0,63.43,84.43,58.21,46.72,47.84,47.31,0.0,29.37,24.5,22.2,15.46,14.11,40.64,36.8,64.13,58.31,115.42,108.51
44.98,16.89,19.71,16.6,97.93,54.18,53.2,12.75,71.67,15.53,73.01,16.19,27.0,11.19,25.78,62.18,68.8,58.45,19.25,10.02,58.28,36.41,81.43,36.7,79.71,42.81,70.77,42.72,20.35,46.29,64.19,55.78,59.12,19.98,51.8,25.35,17.11,63.07,15.44,57.85,63.08,41.45,13.97,37.72,41.21,62.08,11.22,54.96,36.86,35.85,20.88,35.07,28.76,9.19,24.3,63.14,12.9,71.95,86.07,14.02,23.05,53.72,35.53,57.3,23.73,36.57,16.05,20.23,38.26,22.46,45.69,29.46,29.86,20.88,45.4,27.5,26.9,51.55,11.22,64.78,31.06,30.32,22.97,86.31,82.4,77.84,66.56,57.41,57.24,70.8,57.06,44.15,44.69,47.83,31.87,37.65,31.29,42.91,67.72,37.69,40.48,22.37,29.0,29.37,0.0,19.61,30.75,23.01,27.92,31.16,32.94,54.65,48.83,98.44,91.53
53.78,29.42,14.9,15.88,116.91,62.98,71.23,21.55,91.43,7.81,91.99,20.19,8.12,30.81,14.98,81.16,87.78,77.43,38.95,24.14,77.26,45.21,100.41,57.77,98.69,61.79,87.63,51.52,19.62,63.14,81.04,44.98,78.1,28.78,68.45,12.89,31.7,79.92,9.19,74.7,82.06,53.23,33.59,56.7,59.32,81.06,15.85,68.67,48.64,47.63,36.71,55.66,27.81,28.81,19.11,71.94,31.48,90.93,105.05,25.22,44.12,65.5,56.6,74.15,42.71,48.35,37.11,6.64,27.46,31.76,64.67,48.44,50.93,30.18,57.18,36.8,43.56,70.53,12.38,83.76,42.84,42.1,36.7,105.29,101.38,96.82,85.54,74.26,76.22,89.78,65.86,52.95,63.67,56.63,40.67,46.45,40.09,59.76,76.52,51.99,52.27,35.22,46.64,24.5,19.61,0.0,11.87,11.93,13.9,20.38,20.47,43.87,38.05,116.37,109.46
64.91,40.55,22.42,23.02,124.05,74.12,79.32,32.69,97.79,18.95,103.19,27.33,7.43,39.53,22.5,92.36,98.97,88.63,47.59,31.28,88.45,56.34,107.56,64.92,109.89,68.94,98.99,62.65,24.34,74.5,92.4,52.5,85.25,39.92,75.17,11.77,38.84,91.28,20.32,86.06,89.57,59.94,42.31,63.84,66.03,88.57,23.0,79.81,55.35,54.34,43.86,62.37,25.51,37.53,16.81,83.08,38.63,98.07,112.19,32.37,51.26,72.21,63.74,85.51,49.85,55.06,44.26,14.16,34.98,30.76,72.18,55.59,58.07,35.25,63.9,36.0,50.27,78.03,23.52,90.9,49.55,42.68,43.41,116.49,112.58,103.96,92.69,85.62,83.37,100.98,76.99,64.08,70.82,67.77,51.8,57.59,51.22,71.13,87.65,63.13,58.98,46.36,57.21,22.2,30.75,11.87,0.0,11.89,11.6,27.9,23.09,51.39,45.57,123.51,116.6
62.19,34.01,22.48,11.81,112.84,71.4,68.11,29.97,86.58,12.5,87.92,16.12,8.15,28.32,22.56,77.1,83.71,73.36,36.38,20.07,73.19,53.63,96.34,53.7,94.62,57.72,87.77,59.94,15.55,63.28,81.19,52.56,74.03,37.2,64.38,14.49,27.63,80.06,17.61,74.84,77.99,49.16,31.1,52.63,55.25,76.99,11.78,71.96,44.57,43.56,32.64,51.59,18.78,26.32,10.08,80.36,27.41,86.86,100.98,21.15,40.05,61.43,52.53,74.3,38.64,44.28,33.04,14.23,35.04,24.02,60.6,44.37,46.86,26.11,53.11,29.26,39.49,66.46,20.8,79.69,38.77,38.03,32.63,101.22,97.31,92.75,81.47,74.41,72.15,85.71,74.27,61.36,59.6,65.05,49.08,54.87,48.51,59.91,80.91,54.69,48.2,39.5,45.99,15.46,23.01,11.93,11.89,0.0,4.91,27.96,25.81,51.45,45.64,112.3,105.39
66.94,38.92,24.45,16.72,118.99,76.15,74.26,34.72,92.73,17.42,95.1,22.39,9.61,33.23,24.53,84.27,90.88,80.53,41.29,24.98,80.36,58.38,102.5,58.39,101.8,63.88,92.46,64.68,16.25,67.98,85.88,54.53,80.19,41.95,67.07,14.87,32.32,84.76,22.36,79.53,81.48,51.85,36.01,58.78,57.94,80.48,16.7,76.65,47.26,46.25,37.33,54.28,17.42,31.23,8.72,84.51,34.97,93.01,107.13,26.07,44.74,64.12,57.22,78.99,47.41,46.97,37.73,16.19,37.01,22.67,64.09,53.14,51.55,27.16,55.8,27.91,42.18,69.94,25.55,85.84,41.46,34.59,35.32,108.4,104.49,98.9,87.62,79.1,78.31,92.89,79.02,66.11,65.76,69.8,53.83,59.62,53.26,64.6,85.6,59.38,50.89,44.41,50.69,14.11,27.92,13.9,11.6,4.91,0.0,29.93,26.19,53.42,47.6,119.59,112.68
65.32,40.96,17.55,27.87,128.91,74.53,82.77,33.1,102.97,19.81,103.99,32.19,24.15,42.35,10.93,93.16,99.78,89.43,50.49,36.14,89.26,56.75,112.42,67.86,107.77,73.79,99.17,63.06,31.62,74.68,92.59,25.04,90.73,40.33,80.45,18.86,43.7,91.46,17.6,86.24,94.06,65.23,45.13,68.7,71.32,93.06,27.85,80.22,60.64,59.63,48.71,67.66,43.95,40.35,35.57,83.49,44.06,102.94,117.06,37.22,54.21,77.5,66.69,85.7,54.71,60.35,47.2,13.74,7.52,43.76,76.67,60.44,61.02,42.18,69.18,48.8,55.56,82.53,22.71,95.77,54.84,54.1,48.7,114.37,110.8,108.83,98.17,85.8,88.22,101.78,77.4,64.49,75.67,68.18,52.21,58.0,51.63,71.31,88.06,63.53,64.27,46.77,58.18,40.64,31.16,20.38,27.9,27.96,29.93,0.0,8.78,23.92,18.1,129.43,122.52
67.1,42.74,21.8,29.66,130.7,76.31,84.55,34.88,104.75,21.59,105.77,33.97,19.0,44.13,15.19,94.94,101.56,91.21,52.27,37.92,91.04,58.53,114.2,69.64,109.55,75.57,100.95,64.84,33.4,76.46,94.37,33.4,92.51,42.11,82.23,11.41,45.48,93.24,19.38,88.02,95.84,67.01,46.91,70.48,73.1,94.84,29.63,82.0,62.42,61.41,50.49,69.44,40.11,42.13,31.41,85.27,45.84,104.72,118.84,39.0,55.99,79.28,68.47,87.48,56.49,62.13,48.98,13.83,15.88,45.54,78.45,62.22,62.8,43.96,70.96,50.58,57.34,84.31,24.49,97.55,56.62,55.88,50.48,116.15,112.58,110.61,99.95,87.58,90.0,103.56,79.18,66.27,77.45,69.96,53.99,59.78,53.41,73.09,89.84,65.31,66.05,48.55,59.97,36.8,32.94,20.47,23.09,25.81,26.19,8.78,0.0,32.28,26.46,131.2,124.29
88.81,64.45,41.04,51.37,152.41,98.02,106.26,56.59,126.46,43.3,127.48,55.68,47.64,65.84,34.42,116.66,123.27,112.92,73.98,59.63,112.75,80.24,135.91,91.35,131.26,97.28,122.66,86.55,55.11,98.17,116.08,13.47,114.22,63.82,103.94,42.35,67.19,114.95,41.09,109.73,117.55,88.72,68.62,92.19,94.81,116.55,51.34,103.71,84.13,83.12,72.2,91.15,67.44,63.84,59.06,106.98,67.55,126.43,140.55,60.71,77.7,100.99,90.18,109.19,78.2,83.84,70.69,37.23,17.71,67.26,100.16,83.93,84.51,65.67,92.67,72.29,79.05,106.02,46.2,119.26,78.33,77.59,72.19,137.86,134.29,132.32,121.66,109.29,111.71,125.27,100.89,87.98,99.16,91.67,75.7,81.49,75.13,94.8,111.55,87.03,87.76,70.26,81.68,64.13,54.65,43.87,51.39,51.45,53.42,23.92,32.28,0.0,13.82,152.93,146.01
82.99,58.63,35.22,45.55,146.59,92.2,100.44,50.77,120.65,37.48,121.67,49.86,41.83,60.02,28.6,110.84,117.45,107.1,68.17,53.81,106.93,74.43,130.09,85.54,125.44,91.47,116.84,80.74,49.3,92.36,110.26,14.95,108.4,58.0,98.13,36.53,61.37,109.14,35.27,103.92,111.73,82.91,62.8,86.37,88.99,110.74,45.53,97.89,78.31,77.31,66.39,85.33,61.62,58.03,53.24,101.16,61.73,120.61,134.73,54.9,71.88,95.17,84.36,103.37,72.38,78.02,64.88,31.41,11.89,61.44,94.34,78.11,78.69,59.85,86.86,66.48,73.23,100.2,40.38,113.44,72.52,71.77,66.37,132.04,128.47,126.5,115.84,103.48,105.9,119.46,95.08,82.17,93.35,85.85,69.89,75.67,69.31,88.98,105.74,81.21,81.94,64.44,75.86,58.31,48.83,38.05,45.57,45.64,47.6,18.1,26.46,13.82,0.0,147.11,140.2
73.2,93.88,117.98,105.45,9.69,58.78,47.28,96.75,29.04,108.56,31.98,96.97,119.77,94.97,124.05,44.38,35.81,46.46,81.24,95.15,47.42,77.1,17.95,64.39,24.41,59.33,36.1,77.38,103.51,56.19,42.45,154.05,39.84,93.65,58.66,123.63,89.35,36.68,113.71,48.79,43.35,69.59,87.0,64.85,67.06,41.16,103.78,51.69,82.63,74.82,79.66,71.18,103.97,92.01,111.78,50.23,92.01,30.51,12.59,95.29,77.81,64.3,67.56,45.97,75.62,75.39,82.4,118.5,136.53,97.06,61.07,69.92,71.18,93.36,71.51,91.4,81.0,53.17,109.5,37.5,83.67,87.24,86.58,25.9,27.19,25.47,35.39,52.88,46.8,40.02,55.88,67.12,58.26,67.41,83.34,71.44,81.2,63.53,62.6,68.92,81.67,86.09,78.43,115.42,98.44,116.37,123.51,112.3,119.59,129.43,131.2,152.93,147.11,0.0,12.53
66.29,86.97,111.07,98.54,7.77,51.87,40.37,89.83,22.13,101.65,25.14,90.06,112.86,88.06,117.14,37.53,28.96,39.61,74.33,88.24,40.57,70.19,11.94,57.48,17.56,52.42,29.19,70.47,96.6,49.28,35.54,147.14,32.93,86.74,51.81,116.71,82.44,29.76,106.8,41.88,36.51,62.75,80.08,57.94,60.21,34.25,96.87,44.77,75.78,67.91,72.74,64.33,97.05,85.1,104.87,43.32,85.09,23.6,5.9,88.38,70.9,57.45,60.65,39.06,68.71,68.54,75.49,111.59,129.62,90.14,54.22,63.01,64.27,86.45,64.66,84.49,74.09,46.26,102.58,30.59,76.82,80.39,79.67,19.05,20.34,18.55,28.48,45.97,39.88,33.17,48.97,60.21,51.34,60.5,76.43,64.52,74.29,56.62,55.69,62.01,74.82,79.17,71.52,108.51,91.53,109.46,116.6,105.39,112.68,122.52,124.29,146.01,140.2,12.53,0.0
