0.0,11.59,12.57,12.59,21.66,18.11,25.46,5.92,13.53,11.22,7.91,12.67,10.31,12.71,1.15,8.56,14.68,6.73,12.84,18.41,18.66,17.76,11.91,18.35,18.63,19.6,25.27,12.46,27.05,20.0,6.42,2.24,17.57,17.67,5.74,20.75,18.75,6.07,16.46,14.89,13.74,17.5,24.49,5.06,13.57,23.64,23.67,16.85,15.36,13.91,9.43,17.5,6.84,19.63,17.52,16.29,17.88,4.32,16.35,14.61,20.13,4.84,19.79,3.38,14.93,25.85,7.01,12.64,3.82,6.62,16.19,9.93,8.48,7.9,10.79,14.97,10.19,15.55,10.77,13.55,17.01,14.37,14.47,11.47,9.24,8.05,20.11,20.95
11.59,0.0,1.89,19.92,16.97,17.55,24.07,13.25,6.23,18.55,15.24,20.01,17.64,20.05,10.74,15.89,7.38,14.85,13.91,14.97,14.65,13.07,14.33,11.05,13.94,14.91,22.7,12.24,21.29,15.32,14.77,10.25,15.9,10.37,13.86,16.06,11.45,13.4,9.17,15.69,12.62,16.93,19.99,13.18,13.83,18.95,18.86,13.41,13.86,11.12,16.76,10.21,14.18,14.94,13.16,15.03,18.28,12.44,11.83,15.4,15.44,12.96,15.1,11.5,12.01,21.04,14.34,15.72,8.31,5.86,8.89,2.64,4.81,3.74,0.81,7.68,1.9,8.26,3.47,1.96,9.72,7.07,11.7,15.37,16.58,15.39,16.09,16.26
12.57,1.89,0.0,20.89,17.95,18.52,25.04,14.22,7.21,19.53,16.22,20.98,18.61,21.02,11.72,16.86,8.36,15.82,14.89,15.95,15.63,14.05,15.3,12.03,14.92,15.89,23.68,13.21,22.26,16.29,15.75,11.22,16.87,11.35,14.84,17.04,12.43,14.37,10.14,16.66,13.6,17.91,20.97,14.16,14.8,19.92,19.83,14.39,14.84,12.09,17.73,11.18,15.15,15.92,14.13,16.01,19.25,13.41,12.81,16.38,16.42,13.94,16.08,12.47,12.98,22.01,15.31,16.7,9.28,6.83,9.87,3.61,5.78,4.72,1.78,8.65,2.88,9.23,4.45,3.85,10.69,8.05,12.67,16.35,17.55,16.36,17.07,17.23
12.59,19.92,20.89,0.0,18.32,14.76,21.5,8.11,21.66,1.37,4.97,1.8,6.96,1.54,11.89,5.21,22.81,10.93,9.49,15.06,15.32,14.41,8.57,15.43,15.28,16.25,21.31,9.11,23.09,16.66,9.67,10.89,14.22,11.74,10.73,17.4,14.1,8.3,14.02,11.55,10.39,14.15,17.21,9.26,10.22,20.29,16.08,13.5,12.01,10.56,8.49,14.0,6.69,16.29,14.17,12.95,15.5,8.7,13.0,11.26,16.78,11.45,16.44,9.98,11.58,21.89,6.08,11.58,11.95,14.75,24.32,18.06,16.61,16.03,18.92,23.1,18.32,23.68,18.9,21.68,13.77,15.15,11.12,8.12,4.0,7.12,16.76,17.6
21.66,16.97,17.95,18.32,0.0,8.45,10.3,17.02,12.29,16.71,13.87,18.16,12.18,18.2,20.79,12.89,13.44,19.83,10.46,2.9,1.94,4.38,10.88,8.45,3.3,6.46,8.93,9.45,7.52,6.87,18.58,19.79,6.8,8.58,19.63,1.42,7.13,17.2,9.53,7.1,9.25,7.84,10.9,18.17,10.38,5.18,13.87,4.98,6.02,8.69,13.32,7.02,15.6,4.62,3.22,5.93,14.55,17.6,4.27,9.55,6.99,20.35,6.65,18.89,7.27,7.26,14.98,9.87,21.11,18.66,14.95,15.29,17.61,16.55,16.29,13.73,15.7,14.31,15.14,19.06,9.28,10.66,9.9,11.92,14.73,15.43,1.96,1.87
18.11,17.55,18.52,14.76,8.45,0.0,5.58,13.68,12.28,13.37,10.54,14.82,8.84,14.86,17.45,9.55,13.44,16.49,7.12,4.43,6.62,7.43,7.54,8.45,8.3,9.27,7.3,6.62,9.09,9.68,15.24,16.46,1.87,7.17,16.3,8.41,7.12,13.87,9.53,3.5,5.51,0.79,3.73,14.83,7.04,13.01,2.6,4.47,3.98,5.84,9.58,7.02,12.26,9.31,5.48,2.72,2.02,14.27,5.17,4.92,9.8,17.01,9.46,15.55,5.94,7.89,11.64,6.13,17.52,18.66,14.95,15.29,17.61,16.54,16.29,13.73,15.69,14.31,15.14,19.05,9.28,10.66,7.05,8.59,11.39,11.69,5.75,14.06
25.46,24.07,25.04,21.5,10.3,5.58,0.0,17.16,19.95,19.29,15.98,20.74,15.03,20.78,24.17,15.74,21.11,23.21,13.31,9.66,11.48,12.42,13.73,16.12,11.34,14.5,1.96,12.81,3.74,14.9,20.93,23.17,7.72,14.02,23.02,10.5,14.79,20.18,17.19,8.74,11.7,6.33,1.82,21.55,13.23,6.11,2.84,9.71,9.21,12.69,12.36,14.69,15.74,12.66,12.76,7.96,5.81,20.99,10.41,10.15,15.03,23.73,14.69,22.27,12.79,3.0,14.7,10.99,24.24,27.04,22.61,22.96,28.89,28.32,23.96,21.4,23.36,21.98,22.81,26.72,16.94,18.33,13.9,14.77,17.31,14.48,11.82,9.11
5.92,13.25,14.22,8.11,17.02,13.68,17.16,0.0,15.01,6.81,3.5,8.26,5.89,8.3,5.24,4.14,16.17,4.28,8.42,14.0,14.25,13.35,7.5,14.37,14.22,15.19,20.99,8.04,22.77,15.59,3.03,4.24,13.16,10.67,4.09,16.34,13.04,1.66,17.95,10.48,9.33,13.09,20.21,2.62,9.16,19.23,19.4,12.44,10.95,9.5,5.01,12.93,2.43,15.22,13.1,11.88,13.47,2.06,11.94,10.2,15.72,4.8,15.38,3.34,10.52,21.57,2.6,8.23,5.31,8.11,17.68,11.42,9.97,9.39,12.27,16.46,11.68,17.04,12.26,15.04,18.5,15.85,10.06,7.06,4.83,3.64,15.69,16.53
13.53,6.23,7.21,21.66,12.29,12.28,19.95,15.01,0.0,20.49,17.18,21.94,10.82,21.98,12.67,11.53,1.44,16.78,9.1,10.16,9.84,8.26,9.52,6.24,9.13,10.1,17.89,7.43,16.48,10.51,16.71,12.18,11.09,5.56,15.8,11.25,6.64,15.33,4.36,10.88,7.81,12.12,15.18,15.12,9.02,14.14,14.05,8.6,9.05,6.31,14.36,5.4,16.11,10.13,8.35,10.22,13.47,14.37,7.02,10.59,10.63,14.9,10.29,13.43,7.2,16.23,16.27,10.91,10.24,7.79,2.95,4.42,6.74,5.68,5.42,1.73,4.83,2.31,4.28,8.19,4.9,2.26,6.89,10.56,18.51,17.32,11.28,11.45
11.22,18.55,19.53,1.37,16.71,13.37,19.29,6.81,20.49,0.0,3.6,1.45,5.59,1.49,10.52,3.84,21.44,9.56,8.12,13.7,13.95,13.05,7.2,14.07,13.92,14.89,19.94,7.74,21.73,15.29,8.31,9.52,12.85,10.37,9.36,16.04,12.74,6.93,12.66,10.18,9.03,12.79,15.84,7.9,8.86,18.93,14.71,12.14,10.65,9.2,7.13,12.63,5.33,14.92,12.8,11.58,14.13,7.33,11.64,9.89,15.42,10.08,15.08,8.62,10.22,20.53,4.71,10.21,10.58,13.38,22.95,16.7,15.24,14.66,17.55,21.74,16.95,22.32,17.53,20.32,12.41,13.79,9.76,6.76,2.64,5.76,15.39,16.23
7.91,15.24,16.22,4.97,13.87,10.54,15.98,3.5,17.18,3.6,0.0,5.08,2.71,5.12,7.23,0.96,18.16,6.27,5.24,10.82,11.07,10.17,4.32,11.19,11.04,12.01,16.66,4.86,18.44,12.41,5.02,6.24,9.98,7.49,6.08,13.16,9.86,3.65,9.78,7.3,6.15,9.91,12.96,4.61,5.98,16.05,11.83,9.26,7.77,6.32,3.84,9.75,2.04,12.04,9.92,8.7,11.25,4.05,8.76,7.02,12.54,6.79,12.2,5.33,7.34,17.24,1.42,7.33,7.3,10.1,19.67,13.41,11.96,11.38,14.27,18.45,13.67,19.03,14.25,17.03,9.53,10.91,6.88,3.88,1.65,2.47,12.51,13.35
12.67,20.01,20.98,1.8,18.16,14.82,20.74,8.26,21.94,1.45,5.08,0.0,7.07,1.44,12.0,5.32,22.92,11.04,9.6,15.18,15.43,14.53,8.68,15.55,15.4,16.37,21.42,9.22,23.21,16.77,9.79,11.0,14.33,11.85,10.84,17.52,14.22,8.41,14.14,11.66,10.51,14.27,17.32,9.38,10.34,20.41,16.19,13.62,12.13,10.68,8.61,14.11,6.81,16.4,14.28,13.06,15.61,8.81,13.12,11.37,16.9,11.56,16.56,10.1,11.7,22.01,6.19,11.69,12.06,14.86,24.43,18.18,16.72,16.14,19.03,23.22,18.43,23.8,19.01,21.8,13.89,15.27,11.24,8.24,4.12,7.24,16.87,17.71
10.31,17.64,18.61,6.96,12.18,8.84,15.03,5.89,10.82,5.59,2.71,7.07,0.0,7.06,9.65,1.75,11.97,8.69,1.84,9.1,9.35,8.45,1.69,9.47,9.32,10.29,15.99,3.15,16.67,10.69,7.44,8.65,8.26,5.78,8.49,11.44,8.14,6.06,8.06,5.58,4.43,8.19,11.24,7.03,3.07,14.33,10.11,7.54,6.05,4.6,6.26,8.04,4.46,10.32,8.21,6.98,9.53,6.46,7.04,5.3,10.82,9.21,10.48,7.75,5.62,16.57,3.84,5.61,9.71,12.51,13.48,15.83,14.37,13.79,16.68,12.26,16.08,12.84,16.66,19.45,7.81,9.19,5.16,4.03,3.59,4.89,10.8,11.64
12.71,20.05,21.02,1.54,18.2,14.86,20.78,8.3,21.98,1.49,5.12,1.44,7.06,0.0,12.01,5.34,22.94,11.05,9.62,15.19,15.44,14.54,8.69,15.56,15.41,16.38,21.44,9.24,23.22,16.78,9.8,11.02,14.35,11.87,10.86,17.53,14.23,8.43,14.15,11.67,10.52,14.28,17.33,9.39,10.35,20.42,16.2,13.63,12.14,10.69,8.62,14.13,6.82,16.41,14.3,13.07,15.62,8.83,13.13,11.39,16.91,11.57,16.57,10.11,11.71,22.02,6.2,11.7,12.08,14.88,24.45,18.19,16.74,16.16,19.04,23.23,18.45,23.81,19.03,21.81,13.9,15.28,11.25,8.25,4.13,7.25,16.89,17.73
1.15,10.74,11.72,11.89,20.79,17.45,24.17,5.24,12.67,10.52,7.23,12.0,9.65,12.01,0.0,7.84,13.82,6.01,12.12,17.69,17.94,17.04,11.2,17.49,17.91,18.88,24.55,11.74,26.34,19.29,5.7,1.37,16.85,16.81,5.02,20.03,17.88,5.35,15.6,14.17,13.02,16.78,23.77,4.35,12.85,22.92,22.96,16.13,14.64,13.19,8.71,16.64,6.13,18.92,16.8,15.57,17.16,3.6,15.63,13.89,19.41,4.12,19.07,2.66,14.21,25.14,6.29,11.92,2.96,5.76,15.32,9.07,7.61,7.04,9.92,14.11,9.33,14.69,9.9,12.69,16.15,13.5,13.75,10.75,8.53,7.34,19.39,20.23
8.56,15.89,16.86,5.21,12.89,9.55,15.74,4.14,11.53,3.84,0.96,5.32,1.75,5.34,7.84,0.0,12.72,6.94,4.28,9.85,10.11,9.2,3.36,10.22,10.07,11.05,16.74,3.9,17.42,11.45,5.68,6.9,9.01,6.53,6.74,12.19,8.89,4.31,8.81,6.34,5.18,8.94,12.0,5.28,5.01,15.08,10.87,8.29,6.81,5.35,4.51,8.79,2.71,11.08,8.96,7.74,10.29,4.71,7.8,6.05,11.57,7.46,11.23,5.99,6.38,17.33,2.09,6.37,7.96,10.76,14.23,14.08,12.62,12.04,14.93,13.02,14.33,13.6,14.91,17.7,8.56,9.95,5.92,2.91,1.84,3.14,11.55,12.39
14.68,7.38,8.36,22.81,13.44,13.44,21.11,16.17,1.44,21.44,18.16,22.92,11.97,22.94,13.82,12.72,0.0,17.93,10.25,11.31,10.99,9.41,10.67,7.4,10.28,11.25,19.04,8.58,17.63,11.66,17.86,13.33,12.24,6.72,16.95,12.4,7.79,16.49,5.51,12.03,8.97,13.28,16.33,16.27,10.17,15.29,15.2,9.75,10.2,7.46,15.51,6.55,17.26,11.29,9.5,11.38,14.62,15.52,8.18,11.75,11.78,16.05,11.44,14.58,8.35,17.38,17.43,12.06,11.39,8.94,1.92,5.58,7.89,6.83,6.58,0.93,5.98,1.28,5.43,9.34,6.06,3.41,8.04,11.71,19.66,18.47,12.44,12.6
6.73,14.85,15.82,10.93,19.83,16.49,23.21,4.28,16.78,9.56,6.27,11.04,8.69,11.05,6.01,6.94,17.93,0.0,11.22,16.79,17.04,16.14,10.3,17.16,17.01,17.98,23.64,10.84,25.42,18.39,2.11,5.03,15.95,13.47,1.5,19.13,15.83,2.97,20.02,13.27,12.12,15.88,22.86,2.1,11.95,22.02,22.05,15.23,13.74,12.29,7.81,15.73,5.23,18.01,15.9,14.67,16.26,2.97,14.73,12.99,18.51,3.34,18.17,3.18,13.31,24.22,5.39,11.02,7.37,10.17,19.74,13.49,12.03,11.45,14.34,18.53,13.74,19.11,14.32,17.11,20.56,17.92,12.85,9.85,7.62,6.43,18.49,19.33
12.84,13.91,14.89,9.49,10.46,7.12,13.31,8.42,9.1,8.12,5.24,9.6,1.84,9.62,12.12,4.28,10.25,11.22,0.0,7.38,7.63,6.73,1.31,7.75,7.6,8.57,14.27,2.22,14.95,8.97,10.0,11.22,6.54,4.06,11.06,9.72,6.42,8.63,6.34,3.86,2.71,6.47,9.52,9.59,1.23,12.61,8.39,5.82,4.33,2.88,7.34,6.32,7.02,8.6,6.49,5.26,7.81,9.03,5.32,3.58,9.1,11.77,8.76,10.31,3.9,14.85,6.4,3.89,12.28,15.08,11.76,12.1,14.42,13.36,13.1,10.54,12.51,11.12,11.95,15.87,6.09,7.47,3.44,3.34,6.15,7.45,9.08,9.92
18.41,14.97,15.95,15.06,2.9,4.43,9.66,14.0,10.16,13.7,10.82,15.18,9.1,15.19,17.69,9.85,11.31,16.79,7.38,0.0,4.05,4.86,7.48,5.88,5.73,6.7,10.66,6.06,12.44,7.11,15.18,16.4,3.0,6.01,16.24,2.9,4.55,13.81,6.96,3.9,5.85,4.03,7.09,14.77,6.98,6.5,5.96,1.9,2.96,5.29,9.92,4.45,12.2,6.74,2.91,2.13,5.38,14.21,2.6,4.81,7.23,16.96,6.89,15.49,4.64,11.24,11.59,6.48,18.54,16.08,12.38,12.72,15.04,13.97,13.72,11.16,13.12,11.74,12.57,16.48,6.71,8.09,6.5,8.53,11.33,12.04,1.69,3.81
18.66,14.65,15.63,15.32,1.94,6.62,11.48,14.25,9.84,13.95,11.07,15.43,9.35,15.44,17.94,10.11,10.99,17.04,7.63,4.05,0.0,1.91,7.71,5.98,2.28,4.5,8.94,6.29,7.53,4.9,15.41,16.63,5.0,6.11,16.47,1.88,4.65,14.04,7.06,5.31,6.08,6.04,10.92,15.0,7.21,5.19,7.96,3.18,4.22,5.52,10.15,4.55,12.44,3.45,1.42,4.14,7.38,14.44,2.47,6.39,5.03,17.19,4.69,15.72,4.79,7.28,11.82,6.71,18.64,16.18,12.48,12.82,15.14,14.07,13.82,11.26,13.22,11.84,12.67,16.58,6.81,8.19,6.73,8.76,11.56,12.27,1.54,2.5
17.76,13.07,14.05,14.41,4.38,7.43,12.42,13.35,8.26,13.05,10.17,14.53,8.45,14.54,17.04,9.2,9.41,16.14,6.73,4.86,1.91,0.0,6.75,4.33,1.22,2.76,9.98,5.33,8.57,3.16,14.45,15.67,5.92,4.46,15.51,3.34,3.0,13.08,5.41,5.72,5.12,6.96,11.95,14.04,6.25,6.23,8.89,3.44,3.89,4.57,9.19,2.9,11.48,2.39,2.07,5.06,8.31,13.48,2.94,5.43,3.29,16.23,2.95,14.76,3.14,8.32,10.86,5.75,16.99,14.54,10.83,11.17,13.49,12.42,12.17,9.61,11.57,10.19,11.02,14.93,5.16,6.54,5.78,7.8,10.61,11.31,3.37,3.54
11.91,14.33,15.3,8.57,10.88,7.54,13.73,7.5,9.52,7.2,4.32,8.68,1.69,8.69,11.2,3.36,10.67,10.3,1.31,7.48,7.71,6.75,0.0,8.17,8.02,8.99,14.69,1.84,15.37,9.39,9.08,10.29,6.96,4.47,10.13,10.14,6.84,7.7,6.76,4.28,3.13,6.89,9.94,8.67,2.96,13.03,8.81,6.24,4.75,3.3,7.76,6.73,6.1,9.02,6.91,5.68,8.23,8.11,5.74,4.0,9.52,10.85,9.18,9.39,4.32,15.27,5.48,4.31,11.36,14.16,12.18,12.52,16.01,15.44,13.52,10.96,12.92,11.54,12.37,16.29,6.51,7.89,3.86,2.42,5.23,6.53,9.49,10.34
18.35,11.05,12.03,15.43,8.45,8.45,16.12,14.37,6.24,14.07,11.19,15.55,9.47,15.56,17.49,10.22,7.4,17.16,7.75,5.88,5.98,4.33,8.17,0.0,5.31,6.28,14.07,4.42,12.66,6.69,14.21,17.02,7.27,2.56,20.63,7.43,2.82,12.83,3.5,7.06,6.47,8.31,11.36,13.8,6.01,10.32,10.23,4.78,5.23,3.3,10.54,1.58,11.23,6.32,4.53,6.41,9.65,13.23,3.21,6.78,6.81,19.74,6.47,18.27,3.38,12.41,10.61,7.09,15.08,12.63,8.92,9.26,11.58,10.52,10.26,7.7,9.67,8.29,9.12,13.03,3.25,4.63,3.88,7.55,10.36,12.65,7.47,7.63
18.63,13.94,14.92,15.28,3.3,8.3,11.34,14.22,9.13,13.92,11.04,15.4,9.32,15.41,17.91,10.07,10.28,17.01,7.6,5.73,2.28,1.22,8.02,5.31,0.0,4.17,8.76,7.01,7.35,4.58,16.13,17.35,5.98,6.14,17.19,2.12,4.68,14.76,7.09,7.4,6.8,7.02,10.73,15.72,7.94,5.01,13.7,5.12,5.57,6.25,10.87,4.58,13.16,2.33,2.4,5.11,14.39,15.16,3.45,7.11,4.7,17.91,4.36,16.44,4.82,7.1,12.54,7.43,18.67,16.22,12.51,12.85,15.17,14.1,13.85,11.29,13.25,11.87,12.7,16.61,6.84,8.22,7.46,9.48,12.29,12.99,3.44,2.32
19.6,14.91,15.89,16.25,6.46,9.27,14.5,15.19,10.1,14.89,12.01,16.37,10.29,16.38,18.88,11.05,11.25,17.98,8.57,6.7,4.5,2.76,8.99,6.28,4.17,0.0,12.04,7.19,10.63,2.44,16.31,17.53,7.78,6.32,17.37,5.4,3.49,14.94,7.26,7.57,6.98,8.82,14.01,15.9,8.11,8.29,10.74,5.3,5.75,6.42,11.05,4.76,13.33,2.04,4.68,6.92,10.16,15.34,4.8,7.29,2.57,18.08,2.23,16.62,5.0,10.37,12.71,7.6,18.84,16.39,12.68,13.02,15.34,14.28,14.03,11.47,13.43,12.05,12.88,16.79,7.01,8.4,7.63,9.66,12.46,13.17,5.98,5.59
25.27,22.7,23.68,21.31,8.93,7.3,1.96,20.99,17.89,19.94,16.66,21.42,15.99,21.44,24.55,16.74,19.04,23.64,14.27,10.66,8.94,9.98,14.69,14.07,8.76,12.04,0.0,13.31,1.98,13.14,21.43,23.67,8.22,14.86,23.52,8.74,13.4,20.68,15.81,9.23,12.2,6.83,2.93,22.05,13.73,4.35,5.63,10.21,9.71,13.19,12.86,13.3,16.24,10.9,11.0,8.46,6.31,21.49,10.91,10.65,13.27,24.23,12.93,22.77,13.29,1.23,15.2,11.49,24.74,27.54,21.23,21.57,23.89,22.82,22.57,20.01,21.97,20.59,21.42,25.34,15.56,16.94,14.4,15.27,17.81,14.98,10.06,7.35
12.46,12.24,13.21,9.11,9.45,6.62,12.81,8.04,7.43,7.74,4.86,9.22,3.15,9.24,11.74,3.9,8.58,10.84,2.22,6.06,6.29,5.33,1.84,4.42,7.01,7.19,13.31,0.0,13.58,7.61,9.58,10.8,6.13,2.38,10.64,8.35,5.05,8.21,4.67,3.46,1.7,6.06,9.12,9.17,2.13,11.24,7.99,4.45,3.93,1.21,6.93,2.96,6.61,7.23,5.12,4.86,7.41,8.61,3.95,3.17,7.73,11.36,7.39,9.89,2.6,13.33,5.99,3.49,11.86,14.66,10.09,10.43,12.75,11.68,11.43,8.87,10.83,9.45,10.28,14.2,4.42,5.8,1.74,2.93,5.74,7.03,7.71,8.55
27.05,21.29,22.26,23.09,7.52,9.09,3.74,22.77,16.48,21.73,18.44,23.21,16.67,23.22,26.34,17.42,17.63,25.42,14.95,12.44,7.53,8.57,15.37,12.66,7.35,10.63,1.98,13.58,0.0,11.02,23.19,25.44,9.99,12.74,25.28,6.62,11.28,22.45,13.68,11.0,13.96,8.6,4.74,23.82,15.5,3.87,7.4,11.97,11.47,12.84,14.63,11.18,18.0,8.78,8.88,10.22,8.08,23.25,11.22,12.42,11.15,26.0,10.81,24.53,11.42,1.63,16.97,13.26,26.5,29.3,19.1,19.45,21.76,20.7,20.45,17.89,19.85,18.47,19.3,23.21,13.43,14.82,14.05,17.04,19.58,16.75,7.94,5.23
20.0,15.32,16.29,16.66,6.87,9.68,14.9,15.59,10.51,15.29,12.41,16.77,10.69,16.78,19.29,11.45,11.66,18.39,8.97,7.11,4.9,3.16,9.39,6.69,4.58,2.44,13.14,7.61,11.02,0.0,16.62,17.84,8.09,6.63,17.68,5.71,1.76,15.25,7.58,7.88,7.29,9.13,14.32,16.21,8.42,8.6,11.06,5.61,6.06,6.73,11.36,5.07,13.65,2.38,4.99,7.23,10.48,15.65,5.11,7.6,1.99,18.4,1.21,16.93,5.31,10.68,13.03,7.92,19.16,16.7,13.0,13.34,15.66,14.59,14.34,11.78,13.74,12.36,13.19,17.1,7.33,8.71,7.94,9.97,12.77,13.48,6.3,5.91
6.42,14.77,15.75,9.67,18.58,15.24,20.93,3.03,16.71,8.31,5.02,9.79,7.44,9.8,5.7,5.68,17.86,2.11,10.0,15.18,15.41,14.45,9.08,14.21,16.13,16.31,21.43,9.58,23.19,16.62,0.0,4.72,14.68,12.2,1.9,17.86,14.56,1.7,19.51,12.0,10.85,14.61,20.37,1.79,10.68,20.75,19.56,13.96,12.47,11.02,6.54,14.46,3.08,16.74,14.63,13.4,17.83,2.66,13.46,11.72,17.24,3.73,16.9,3.82,12.04,21.73,4.12,9.75,6.86,9.66,19.23,12.98,11.52,10.94,13.83,18.02,13.23,18.6,13.81,16.6,20.05,17.41,11.58,8.58,6.35,5.16,17.22,18.06
2.24,10.25,11.22,10.89,19.79,16.46,23.17,4.24,12.18,9.52,6.24,11.0,8.65,11.02,1.37,6.9,13.33,5.03,11.22,16.4,16.63,15.67,10.29,17.02,17.35,17.53,23.67,10.8,25.44,17.84,4.72,0.0,15.78,16.35,3.95,18.96,17.43,4.28,15.15,13.11,11.95,15.71,22.7,3.28,11.78,21.85,21.89,15.06,13.57,12.12,7.64,16.19,5.06,17.85,15.73,14.51,16.09,2.53,14.56,12.82,18.34,3.05,18.0,1.59,13.14,24.07,5.22,10.85,2.5,5.3,14.87,8.62,7.16,6.58,9.47,13.65,8.87,14.24,9.45,12.24,15.69,13.05,12.68,9.68,7.46,6.27,18.32,19.16
17.57,15.9,16.87,14.22,6.8,1.87,7.72,13.16,11.09,12.85,9.98,14.33,8.26,14.35,16.85,9.01,12.24,15.95,6.54,3.0,5.0,5.92,6.96,7.27,5.98,7.78,8.22,6.13,9.99,8.09,14.68,15.78,0.0,6.96,15.75,6.78,5.5,13.32,7.9,2.96,4.96,1.17,4.93,14.29,6.5,11.69,3.8,2.85,3.43,5.29,9.03,5.4,11.72,7.68,3.86,1.56,3.22,13.72,3.55,4.37,8.18,16.47,7.84,15.0,5.59,9.09,11.1,5.59,16.97,17.03,13.32,13.66,15.98,14.92,14.67,12.11,14.07,12.69,13.52,17.43,7.65,9.04,6.5,8.04,10.85,11.15,4.13,9.0
17.67,10.37,11.35,11.74,8.58,7.17,14.02,10.67,5.56,10.37,7.49,11.85,5.78,11.87,16.81,6.53,6.72,13.47,4.06,6.01,6.11,4.46,4.47,2.56,6.14,6.32,14.86,2.38,12.74,6.63,12.2,16.35,6.96,0.0,13.23,7.54,2.93,10.8,2.8,4.65,2.77,7.25,10.31,11.76,3.97,10.43,9.18,4.26,4.71,1.26,8.13,1.34,9.19,6.43,4.64,5.88,8.6,11.2,3.32,4.36,6.92,13.95,6.58,12.48,2.17,12.52,8.58,4.68,14.38,11.93,8.22,8.56,10.88,9.82,9.57,7.01,8.97,7.59,8.42,12.33,2.55,3.94,1.84,5.52,8.32,10.24,7.58,7.74
5.74,13.86,14.84,10.73,19.63,16.3,23.02,4.09,15.8,9.36,6.08,10.84,8.49,10.86,5.02,6.74,16.95,1.5,11.06,16.24,16.47,15.51,10.13,20.63,17.19,17.37,23.52,10.64,25.28,17.68,1.9,3.95,15.75,13.23,0.0,18.93,15.63,2.76,19.06,13.08,11.92,15.68,22.66,1.9,11.75,21.82,21.85,15.03,13.55,12.09,7.61,15.53,5.03,17.82,15.7,14.48,16.07,2.77,14.54,12.79,18.31,2.62,17.97,2.46,13.12,24.03,5.19,10.82,6.41,9.21,18.78,12.53,11.07,10.49,13.38,17.57,12.78,18.15,13.36,16.15,19.6,16.96,12.66,9.65,7.43,6.24,18.29,19.13
20.75,16.06,17.04,17.4,1.42,8.41,10.5,16.34,11.25,16.04,13.16,17.52,11.44,17.53,20.03,12.19,12.4,19.13,9.72,2.9,1.88,3.34,10.14,7.43,2.12,5.4,8.74,8.35,6.62,5.71,17.86,18.96,6.78,7.54,18.93,0.0,6.21,16.29,8.62,8.93,8.33,7.82,9.99,17.25,9.46,4.26,12.96,4.96,7.1,7.78,12.4,6.11,14.69,3.71,3.21,5.92,13.64,16.69,4.25,8.64,6.08,19.44,5.74,17.97,6.35,6.35,14.07,8.96,20.2,17.75,14.04,14.38,16.7,15.63,15.38,12.82,14.78,13.4,14.23,18.14,8.37,9.75,8.99,11.01,13.82,14.52,1.99,1.57
18.75,11.45,12.43,14.1,7.13,7.12,14.79,13.04,6.64,12.74,9.86,14.22,8.14,14.23,17.88,8.89,7.79,15.83,6.42,4.55,4.65,3.0,6.84,2.82,4.68,3.49,13.4,5.05,11.28,1.76,14.56,17.43,5.5,2.93,15.63,6.21,0.0,12.06,3.88,5.72,5.13,6.96,10.02,13.02,5.23,8.98,8.89,3.44,3.89,3.23,9.19,1.37,10.46,3.44,3.19,5.06,8.31,12.46,1.86,5.43,3.04,15.21,2.27,13.74,2.04,11.06,9.84,5.75,15.46,13.01,9.3,9.64,11.96,10.9,10.64,8.08,10.05,8.67,9.5,13.41,3.63,5.01,4.26,6.78,9.59,11.31,6.12,6.28
6.07,13.4,14.37,8.3,17.2,13.87,20.18,1.66,15.33,6.93,3.65,8.41,6.06,8.43,5.35,4.31,16.49,2.97,8.63,13.81,14.04,13.08,7.7,12.83,14.76,14.94,20.68,8.21,22.45,15.25,1.7,4.28,13.32,10.8,2.76,16.29,12.06,0.0,18.13,10.63,9.48,13.24,19.62,2.08,9.31,19.38,18.81,12.59,11.1,9.65,5.16,13.08,2.58,15.37,13.25,12.03,13.62,1.99,12.09,10.35,15.87,4.99,15.53,3.52,10.67,20.99,2.75,8.38,5.49,8.29,17.86,11.6,10.15,9.57,12.46,16.64,11.86,17.22,12.44,15.22,18.68,16.04,10.21,7.21,4.98,3.79,15.84,16.68
16.46,9.17,10.14,14.02,9.53,9.53,17.19,17.95,4.36,12.66,9.78,14.14,8.06,14.15,15.6,8.81,5.51,20.02,6.34,6.96,7.06,5.41,6.76,3.5,7.09,7.26,15.81,4.67,13.68,7.58,19.51,15.15,7.9,2.8,19.06,8.62,3.88,18.13,0.0,8.15,5.09,9.4,12.46,18.02,6.29,11.41,11.32,5.88,6.33,3.58,11.63,2.67,11.51,7.41,5.62,7.5,10.74,17.27,4.3,7.87,7.9,17.8,7.57,16.33,4.47,13.5,10.9,8.19,13.14,10.69,6.98,7.32,9.64,8.58,8.33,5.77,7.73,6.35,7.18,11.09,2.18,2.7,4.16,7.84,10.64,13.75,8.56,8.72
14.89,15.69,16.66,11.55,7.1,3.5,8.74,10.48,10.88,10.18,7.3,11.66,5.58,11.67,14.17,6.34,12.03,13.27,3.86,3.9,5.31,5.72,4.28,7.06,7.4,7.57,9.23,3.46,11.0,7.88,12.0,13.11,2.96,4.65,13.08,8.93,5.72,10.63,8.15,0.0,2.33,2.89,5.94,11.65,3.86,10.95,4.81,2.3,1.35,2.66,6.39,4.65,9.08,6.94,4.16,2.03,3.6,11.08,3.0,1.74,7.44,13.83,7.1,12.37,2.76,10.1,8.46,2.95,14.34,16.29,12.58,12.92,15.24,14.18,13.92,11.37,13.33,11.95,12.78,16.69,6.91,8.29,3.87,5.4,8.21,8.51,5.06,8.26
13.74,12.62,13.6,10.39,9.25,5.51,11.7,9.33,7.81,9.03,6.15,10.51,4.43,10.52,13.02,5.18,8.97,12.12,2.71,5.85,6.08,5.12,3.13,6.47,6.8,6.98,12.2,1.7,13.96,7.29,10.85,11.95,4.96,2.77,11.92,8.33,5.13,9.48,5.09,2.33,0.0,4.9,7.96,10.42,2.63,11.04,6.82,4.25,2.76,1.59,5.77,4.75,7.85,7.03,4.92,3.69,6.24,9.85,3.75,2.01,7.53,12.6,7.19,11.14,2.85,13.29,7.23,2.33,13.1,14.18,10.47,10.82,13.13,12.07,11.82,9.26,11.22,9.84,10.67,14.58,4.8,6.19,2.8,4.17,6.98,7.89,7.51,8.35
17.5,16.93,17.91,14.15,7.84,0.79,6.33,13.09,12.12,12.79,9.91,14.27,8.19,14.28,16.78,8.94,13.28,15.88,6.47,4.03,6.04,6.96,6.89,8.31,7.02,8.82,6.83,6.06,8.6,9.13,14.61,15.71,1.17,7.25,15.68,7.82,6.96,13.24,9.4,2.89,4.9,0.0,3.54,14.22,6.43,12.83,2.41,3.86,3.36,5.23,8.96,6.41,11.65,8.69,4.86,2.11,1.83,13.65,4.56,4.31,9.19,16.4,8.85,14.94,5.33,7.7,11.03,5.52,16.9,18.04,14.33,14.67,16.99,15.93,15.68,13.12,15.08,13.7,14.53,18.44,8.66,10.05,6.44,7.97,10.78,11.08,5.14,10.01
24.49,19.99,20.97,17.21,10.9,3.73,1.82,20.21,15.18,15.84,12.96,17.32,11.24,17.33,23.77,12.0,16.33,22.86,9.52,7.09,10.92,11.95,9.94,11.36,10.73,14.01,2.93,9.12,4.74,14.32,20.37,22.7,4.93,10.31,22.66,9.99,10.02,19.62,12.46,5.94,7.96,3.54,0.0,21.58,9.43,8.89,1.69,6.86,6.36,8.23,12.39,9.41,15.76,13.49,7.86,5.11,2.97,21.01,7.56,7.31,15.86,23.76,15.52,22.29,8.33,3.87,14.73,11.02,24.26,27.06,17.33,17.67,28.92,18.93,18.68,16.12,18.08,16.7,17.53,21.44,11.66,13.05,9.44,10.97,13.78,14.51,12.65,9.94
5.06,13.18,14.16,9.26,18.17,14.83,21.55,2.62,15.12,7.9,4.61,9.38,7.03,9.39,4.35,5.28,16.27,2.1,9.59,14.77,15.0,14.04,8.67,13.8,15.72,15.9,22.05,9.17,23.82,16.21,1.79,3.28,14.29,11.76,1.9,17.25,13.02,2.08,18.02,11.65,10.42,14.22,21.58,0.0,10.29,20.36,20.38,13.57,12.08,10.63,6.14,14.06,3.56,16.35,14.23,13.01,14.6,1.3,13.07,11.32,16.85,3.19,16.51,2.46,11.65,22.56,3.72,9.36,5.71,8.51,18.08,11.82,10.37,9.79,12.68,16.86,12.08,17.44,12.66,15.44,18.9,16.26,11.19,8.19,5.96,4.77,16.82,17.66
13.57,13.83,14.8,10.22,10.38,7.04,13.23,9.16,9.02,8.86,5.98,10.34,3.07,10.35,12.85,5.01,10.17,11.95,1.23,6.98,7.21,6.25,2.96,6.01,7.94,8.11,13.73,2.13,15.5,8.42,10.68,11.78,6.5,3.97,11.75,9.46,5.23,9.31,6.29,3.86,2.63,6.43,9.43,10.29,0.0,12.52,8.31,5.74,4.25,2.8,7.26,6.23,7.77,8.52,6.4,5.18,7.73,9.78,5.24,3.49,9.02,12.53,8.68,11.06,3.82,14.77,7.16,3.81,13.03,15.83,11.68,12.02,14.34,13.27,13.02,10.46,12.42,11.04,11.87,15.78,6.01,7.39,3.36,4.1,6.9,8.2,8.99,9.83
23.64,18.95,19.92,20.29,5.18,13.01,6.11,19.23,14.14,18.93,16.05,20.41,14.33,20.42,22.92,15.08,15.29,22.02,12.61,6.5,5.19,6.23,13.03,10.32,5.01,8.29,4.35,11.24,3.87,8.6,20.75,21.85,11.69,10.43,21.82,4.26,8.98,19.38,11.41,10.95,11.04,12.83,8.89,20.36,12.52,0.0,10.51,9.39,9.84,10.52,15.14,8.85,17.43,6.45,6.55,11.01,11.19,19.43,8.89,11.38,8.82,22.18,8.48,20.71,9.09,3.6,16.81,11.7,22.94,20.49,16.78,17.12,19.44,18.37,18.12,15.56,17.52,16.14,16.97,20.88,11.11,12.49,11.73,13.75,16.56,17.26,5.61,2.9
23.67,18.86,19.83,16.08,13.87,2.6,2.84,19.4,14.05,14.71,11.83,16.19,10.11,16.2,22.96,10.87,15.2,22.05,8.39,5.96,7.96,8.89,8.81,10.23,13.7,10.74,5.63,7.99,7.4,11.06,19.56,21.89,3.8,9.18,21.85,12.96,8.89,18.81,11.32,4.81,6.82,2.41,1.69,20.38,8.31,10.51,0.0,5.73,5.23,7.1,10.8,8.28,14.18,10.56,6.73,3.98,1.84,19.43,6.43,6.18,11.06,22.17,10.72,20.71,7.2,6.55,13.14,9.43,22.68,25.48,16.2,16.54,18.86,17.8,17.55,14.99,16.95,15.57,16.4,20.31,10.53,11.92,8.31,9.84,12.65,12.92,7.01,12.72
16.85,13.41,14.39,13.5,4.98,4.47,9.71,12.44,8.6,12.14,9.26,13.62,7.54,13.63,16.13,8.29,9.75,15.23,5.82,1.9,3.18,3.44,6.24,4.78,5.12,5.3,10.21,4.45,11.97,5.61,13.96,15.06,2.85,4.26,15.03,4.96,3.44,12.59,5.88,2.3,4.25,3.86,6.86,13.57,5.74,9.39,5.73,0.0,1.21,3.76,8.38,2.91,10.67,5.2,2.03,1.99,5.23,12.67,1.42,3.07,5.69,15.42,5.36,13.95,3.1,11.29,10.05,4.94,17.0,14.55,10.84,11.18,13.5,12.43,12.18,9.62,11.58,10.2,11.03,14.95,5.17,6.55,4.97,6.99,9.8,10.5,3.25,6.51
15.36,13.86,14.84,12.01,6.02,3.98,9.21,10.95,9.05,10.65,7.77,12.13,6.05,12.14,14.64,6.81,10.2,13.74,4.33,2.96,4.22,3.89,4.75,5.23,5.57,5.75,9.71,3.93,11.47,6.06,12.47,13.57,3.43,4.71,13.55,7.1,3.89,11.1,6.33,1.35,2.76,3.36,6.36,12.08,4.25,9.84,5.23,1.21,0.0,2.89,6.77,3.1,9.46,5.39,2.78,2.15,4.71,11.46,1.61,2.12,5.89,14.21,5.55,12.75,3.29,10.57,8.84,3.33,14.72,14.74,11.03,11.37,13.69,12.63,12.37,9.81,11.78,10.39,11.23,15.14,5.36,6.74,4.1,5.78,8.59,8.89,4.3,6.7
13.91,11.12,12.09,10.56,8.69,5.84,12.69,9.5,6.31,9.2,6.32,10.68,4.6,10.69,13.19,5.35,7.46,12.29,2.88,5.29,5.52,4.57,3.3,3.3,6.25,6.42,13.19,1.21,12.84,6.73,11.02,12.12,5.29,1.26,12.09,7.78,3.23,9.65,3.58,2.66,1.59,5.23,8.23,10.63,2.8,10.52,7.1,3.76,2.89,0.0,6.78,1.84,8.02,6.35,4.24,4.06,6.61,10.02,3.07,3.02,6.85,12.77,6.51,11.31,1.48,12.44,7.4,3.34,13.27,12.68,8.97,9.31,11.63,10.56,10.31,7.75,9.71,8.33,9.16,13.07,3.3,4.68,1.53,4.34,7.15,8.9,6.83,7.67
9.43,16.76,17.73,8.49,13.32,9.58,12.36,5.01,14.36,7.13,3.84,8.61,6.26,8.62,8.71,4.51,15.51,7.81,7.34,9.92,10.15,9.19,7.76,10.54,10.87,11.05,12.86,6.93,14.63,11.36,6.54,7.64,9.03,8.13,7.61,12.4,9.19,5.16,11.63,6.39,5.77,8.96,12.39,6.14,7.26,15.14,10.8,8.38,6.77,6.78,0.0,8.78,3.57,11.07,8.95,7.73,8.66,5.58,7.79,6.04,11.56,8.33,11.23,6.86,6.89,13.6,2.54,3.41,8.83,11.63,16.71,14.94,13.49,12.91,15.8,15.49,15.2,16.07,15.78,18.56,11.04,12.42,7.99,7.38,5.15,2.32,11.54,12.38
17.5,10.21,11.18,14.0,7.02,7.02,14.69,12.93,5.4,12.63,9.75,14.11,8.04,14.13,16.64,8.79,6.55,15.73,6.32,4.45,4.55,2.9,6.73,1.58,4.58,4.76,13.3,2.96,11.18,5.07,14.46,16.19,5.4,1.34,15.53,6.11,1.37,13.08,2.67,4.65,4.75,6.41,9.41,14.06,6.23,8.85,8.28,2.91,3.1,1.84,8.78,0.0,10.35,4.87,3.08,4.96,8.2,12.36,1.76,5.33,5.36,18.87,5.02,17.41,1.93,10.96,9.73,5.64,14.22,11.77,8.06,8.4,10.72,9.65,9.4,6.84,8.8,7.42,8.25,12.17,2.39,3.77,2.81,6.67,9.48,11.21,6.02,6.18
6.84,14.18,15.15,6.69,15.6,12.26,15.74,2.43,16.11,5.33,2.04,6.81,4.46,6.82,6.13,2.71,17.26,5.23,7.02,12.2,12.44,11.48,6.1,11.23,13.16,13.33,16.24,6.61,18.0,13.65,3.08,5.06,11.72,9.19,5.03,14.69,10.46,2.58,11.51,9.08,7.85,11.65,15.76,3.56,7.77,17.43,14.18,10.67,9.46,8.02,3.57,10.35,0.0,15.17,13.05,11.83,13.42,2.01,11.89,10.14,15.67,4.75,15.33,3.29,10.47,21.52,2.54,8.18,5.26,8.06,17.62,11.37,9.91,9.33,12.22,16.41,11.63,16.99,12.2,14.99,18.45,15.8,10.01,7.01,4.78,3.59,15.64,16.48
19.63,14.94,15.92,16.29,4.62,9.31,12.66,15.22,10.13,14.92,12.04,16.4,10.32,16.41,18.92,11.08,11.29,18.01,8.6,6.74,3.45,2.39,9.02,6.32,2.33,2.04,10.9,7.23,8.78,2.38,16.74,17.85,7.68,6.43,17.82,3.71,3.44,15.37,7.41,6.94,7.03,8.69,13.49,16.35,8.52,6.45,10.56,5.2,5.39,6.35,11.07,4.87,15.17,0.0,3.64,6.89,10.13,15.31,4.77,7.26,2.54,18.05,2.21,16.59,4.97,8.52,12.68,7.57,18.81,16.36,12.65,12.99,15.31,14.25,13.99,11.44,13.4,12.02,12.85,16.76,6.98,8.36,7.6,9.62,12.43,13.14,4.87,3.75
17.52,13.16,14.13,14.17,3.22,5.48,12.76,13.1,8.35,12.8,9.92,14.28,8.21,14.3,16.8,8.96,9.5,15.9,6.49,2.91,1.42,2.07,6.91,4.53,2.4,4.68,11.0,5.12,8.88,4.99,14.63,15.73,3.86,4.64,15.7,3.21,3.19,13.25,5.62,4.16,4.92,4.86,7.86,14.23,6.4,6.55,6.73,2.03,2.78,4.24,8.95,3.08,13.05,3.64,0.0,2.99,6.24,13.29,1.32,5.24,5.16,16.04,4.83,14.58,3.72,8.61,10.67,5.56,17.62,15.17,11.46,11.8,14.12,13.06,12.8,10.24,12.21,10.82,11.65,15.57,5.79,7.17,5.59,7.61,10.42,11.12,2.87,3.83
16.29,15.03,16.01,12.95,5.93,2.72,7.96,11.88,10.22,11.58,8.7,13.06,6.98,13.07,15.57,7.74,11.38,14.67,5.26,2.13,4.14,5.06,5.68,6.41,5.11,6.92,8.46,4.86,10.22,7.23,13.4,14.51,1.56,5.88,14.48,5.92,5.06,12.03,7.5,2.03,3.69,2.11,5.11,13.01,5.18,11.01,3.98,1.99,2.15,4.06,7.73,4.96,11.83,6.89,2.99,0.0,3.48,12.42,2.69,3.08,7.32,15.17,6.98,13.71,4.1,9.35,9.8,4.29,15.68,16.17,12.46,12.8,15.12,14.06,13.8,11.24,13.2,11.82,12.65,16.57,6.79,8.17,5.21,6.74,9.55,9.85,3.26,8.13
17.88,18.28,19.25,15.5,14.55,2.02,5.81,13.47,13.47,14.13,11.25,15.61,9.53,15.62,17.16,10.29,14.62,16.26,7.81,5.38,7.38,8.31,8.23,9.65,14.39,10.16,6.31,7.41,8.08,10.48,17.83,16.09,3.22,8.6,16.07,13.64,8.31,13.62,10.74,3.6,6.24,1.83,2.97,14.6,7.73,11.19,1.84,5.23,4.71,6.61,8.66,8.2,13.42,10.13,6.24,3.48,0.0,17.76,5.91,5.65,10.53,20.5,10.2,19.04,6.68,7.18,10.97,7.26,21.01,23.81,15.68,16.02,18.34,17.27,17.02,14.46,16.42,15.04,15.87,19.79,10.01,11.39,7.78,9.32,12.12,10.75,6.48,13.35
4.32,12.44,13.41,8.7,17.6,14.27,20.99,2.06,14.37,7.33,4.05,8.81,6.46,8.83,3.6,4.71,15.52,2.97,9.03,14.21,14.44,13.48,8.11,13.23,15.16,15.34,21.49,8.61,23.25,15.65,2.66,2.53,13.72,11.2,2.77,16.69,12.46,1.99,17.27,11.08,9.85,13.65,21.01,1.3,9.78,19.43,19.43,12.67,11.46,10.02,5.58,12.36,2.01,15.31,13.29,12.42,17.76,0.0,12.56,10.81,16.34,3.12,16.0,1.66,11.14,22.05,3.21,8.85,4.9,7.71,17.27,11.02,9.56,8.98,11.87,16.06,11.27,16.64,11.85,14.64,18.1,15.45,10.68,7.68,5.45,4.26,16.31,17.15
16.35,11.83,12.81,13.0,4.27,5.17,10.41,11.94,7.02,11.64,8.76,13.12,7.04,13.13,15.63,7.8,8.18,14.73,5.32,2.6,2.47,2.94,5.74,3.21,3.45,4.8,10.91,3.95,11.22,5.11,13.46,14.56,3.55,3.32,14.54,4.25,1.86,12.09,4.3,3.0,3.75,4.56,7.56,13.07,5.24,8.89,6.43,1.42,1.61,3.07,7.79,1.76,11.89,4.77,1.32,2.69,5.91,12.56,0.0,4.08,5.15,14.88,4.81,13.41,2.56,10.75,9.51,4.39,15.83,13.38,9.67,10.02,12.33,11.27,11.02,8.46,10.42,9.04,9.87,13.78,4.0,5.39,4.42,6.45,9.25,9.96,3.91,5.97
14.61,15.4,16.38,11.26,9.55,4.92,10.15,10.2,10.59,9.89,7.02,11.37,5.3,11.39,13.89,6.05,11.75,12.99,3.58,4.81,6.39,5.43,4.0,6.78,7.11,7.29,10.65,3.17,12.42,7.6,11.72,12.82,4.37,4.36,12.79,8.64,5.43,10.35,7.87,1.74,2.01,4.31,7.31,11.32,3.49,11.38,6.18,3.07,2.12,3.02,6.04,5.33,10.14,7.26,5.24,3.08,5.65,10.81,4.08,0.0,7.78,13.51,7.44,12.04,3.1,11.52,8.14,2.63,14.01,16.63,12.92,13.26,15.58,14.52,14.26,11.71,13.67,12.29,13.12,17.03,7.25,8.63,4.21,5.08,7.89,8.19,6.21,8.6
20.13,15.44,16.42,16.78,6.99,9.8,15.03,15.72,10.63,15.42,12.54,16.9,10.82,16.91,19.41,11.57,11.78,18.51,9.1,7.23,5.03,3.29,9.52,6.81,4.7,2.57,13.27,7.73,11.15,1.99,17.24,18.34,8.18,6.92,18.31,6.08,3.04,15.87,7.9,7.44,7.53,9.19,15.86,16.85,9.02,8.82,11.06,5.69,5.89,6.85,11.56,5.36,15.67,2.54,5.16,7.32,10.53,16.34,5.15,7.78,0.0,18.53,1.78,17.07,5.45,10.82,13.16,8.05,19.29,16.84,13.13,13.47,15.79,14.73,14.47,11.91,13.88,12.49,13.32,17.24,7.46,8.84,8.08,10.1,12.91,13.61,6.43,6.04
4.84,12.96,13.94,11.45,20.35,17.01,23.73,4.8,14.9,10.08,6.79,11.56,9.21,11.57,4.12,7.46,16.05,3.34,11.77,16.96,17.19,16.23,10.85,19.74,17.91,18.08,24.23,11.36,26.0,18.4,3.73,3.05,16.47,13.95,2.62,19.44,15.21,4.99,17.8,13.83,12.6,16.4,23.76,3.19,12.53,22.18,22.17,15.42,14.21,12.77,8.33,18.87,4.75,18.05,16.04,15.17,20.5,3.12,14.88,13.51,18.53,0.0,18.54,1.57,13.68,24.6,5.76,11.39,5.51,8.32,17.88,11.63,10.17,9.59,12.48,16.67,11.88,17.25,12.46,15.25,18.71,16.06,13.22,10.22,7.99,6.8,18.85,19.7
19.79,15.1,16.08,16.44,6.65,9.46,14.69,15.38,10.29,15.08,12.2,16.56,10.48,16.57,19.07,11.23,11.44,18.17,8.76,6.89,4.69,2.95,9.18,6.47,4.36,2.23,12.93,7.39,10.81,1.21,16.9,18.0,7.84,6.58,17.97,5.74,2.27,15.53,7.57,7.1,7.19,8.85,15.52,16.51,8.68,8.48,10.72,5.36,5.55,6.51,11.23,5.02,15.33,2.21,4.83,6.98,10.2,16.0,4.81,7.44,1.78,18.54,0.0,16.73,5.11,10.48,12.82,7.71,18.95,16.5,12.79,13.13,15.45,14.39,14.13,11.58,13.54,12.16,12.99,16.9,7.12,8.5,7.74,9.76,12.57,13.27,6.09,5.7
3.38,11.5,12.47,9.98,18.89,15.55,22.27,3.34,13.43,8.62,5.33,10.1,7.75,10.11,2.66,5.99,14.58,3.18,10.31,15.49,15.72,14.76,9.39,18.27,16.44,16.62,22.77,9.89,24.53,16.93,3.82,1.59,15.0,12.48,2.46,17.97,13.74,3.52,16.33,12.37,11.14,14.94,22.29,2.46,11.06,20.71,20.71,13.95,12.75,11.31,6.86,17.41,3.29,16.59,14.58,13.71,19.04,1.66,13.41,12.04,17.07,1.57,16.73,0.0,12.22,23.14,4.29,9.92,4.05,6.85,16.42,10.16,8.71,8.13,11.02,15.2,10.42,15.78,11.0,13.78,17.24,14.6,11.76,8.75,6.53,5.34,17.39,18.23
14.93,12.01,12.98,11.58,7.27,5.94,12.79,10.52,7.2,10.22,7.34,11.7,5.62,11.71,14.21,6.38,8.35,13.31,3.9,4.64,4.79,3.14,4.32,3.38,4.82,5.0,13.29,2.6,11.42,5.31,12.04,13.14,5.59,2.17,13.12,6.35,2.04,10.67,4.47,2.76,2.85,5.33,8.33,11.65,3.82,9.09,7.2,3.1,3.29,1.48,6.89,1.93,10.47,4.97,3.72,4.1,6.68,11.14,2.56,3.1,5.45,13.68,5.11,12.22,0.0,11.19,8.05,3.5,13.92,13.58,9.87,10.21,12.53,11.47,11.21,8.65,10.62,9.23,10.06,13.98,4.2,5.58,2.88,4.99,7.8,9.06,6.25,6.41
25.85,21.04,22.01,21.89,7.26,7.89,3.0,21.57,16.23,20.53,17.24,22.01,16.57,22.02,25.14,17.33,17.38,24.22,14.85,11.24,7.28,8.32,15.27,12.41,7.1,10.37,1.23,13.33,1.63,10.68,21.73,24.07,9.09,12.52,24.03,6.35,11.06,20.99,13.5,10.1,13.29,7.7,3.87,22.56,14.77,3.6,6.55,11.29,10.57,12.44,13.6,10.96,21.52,8.52,8.61,9.35,7.18,22.05,10.75,11.52,10.82,24.6,10.48,23.14,11.19,0.0,15.68,11.97,25.21,28.01,18.85,19.19,21.51,20.45,20.19,17.63,19.6,18.22,19.05,22.96,13.18,14.56,13.8,15.75,18.29,15.46,7.68,4.97
7.01,14.34,15.31,6.08,14.98,11.64,14.7,2.6,16.27,4.71,1.42,6.19,3.84,6.2,6.29,2.09,17.43,5.39,6.4,11.59,11.82,10.86,5.48,10.61,12.54,12.71,15.2,5.99,16.97,13.03,4.12,5.22,11.1,8.58,5.19,14.07,9.84,2.75,10.9,8.46,7.23,11.03,14.73,3.72,7.16,16.81,13.14,10.05,8.84,7.4,2.54,9.73,2.54,12.68,10.67,9.8,10.97,3.21,9.51,8.14,13.16,5.76,12.82,4.29,8.05,15.68,0.0,5.75,6.41,9.21,18.78,12.52,11.07,10.49,13.37,17.56,12.78,18.14,13.36,16.14,10.6,16.96,7.96,4.95,2.73,1.16,13.88,14.72
12.64,15.72,16.7,11.58,9.87,6.13,10.99,8.23,10.91,10.21,7.33,11.69,5.61,11.7,11.92,6.37,12.06,11.02,3.89,6.48,6.71,5.75,4.31,7.09,7.43,7.6,11.49,3.49,13.26,7.92,9.75,10.85,5.59,4.68,10.82,8.96,5.75,8.38,8.19,2.95,2.33,5.52,11.02,9.36,3.81,11.7,9.43,4.94,3.33,3.34,3.41,5.64,8.18,7.57,5.56,4.29,7.26,8.85,4.39,2.63,8.05,11.39,7.71,9.92,3.5,11.97,5.75,0.0,12.08,14.88,13.29,13.64,15.95,14.89,14.64,12.08,14.04,12.66,13.49,17.4,7.62,9.01,4.58,5.45,8.26,5.56,8.13,8.97
3.82,8.31,9.28,11.95,21.11,17.52,24.24,5.31,10.24,10.58,7.3,12.06,9.71,12.08,2.96,7.96,11.39,7.37,12.28,18.54,18.64,16.99,11.36,15.08,18.67,18.84,24.74,11.86,26.5,19.16,6.86,2.5,16.97,14.38,6.41,20.2,15.46,5.49,13.14,14.34,13.1,16.9,24.26,5.71,13.03,22.94,22.68,17.0,14.72,13.27,8.83,14.22,5.26,18.81,17.62,15.68,21.01,4.9,15.83,14.01,19.29,5.51,18.95,4.05,13.92,25.21,6.41,12.08,0.0,3.51,13.08,6.82,5.37,4.79,7.67,11.86,7.08,12.44,7.66,10.44,13.9,11.26,14.09,11.09,8.87,7.68,20.28,20.44
6.62,5.86,6.83,14.75,18.66,18.66,27.04,8.11,7.79,13.38,10.1,14.86,12.51,14.88,5.76,10.76,8.94,10.17,15.08,16.08,16.18,14.54,14.16,12.63,16.22,16.39,27.54,14.66,29.3,16.7,9.66,5.3,17.03,11.93,9.21,17.75,13.01,8.29,10.69,16.29,14.18,18.04,27.06,8.51,15.83,20.49,25.48,14.55,14.74,12.68,11.63,11.77,8.06,16.36,15.17,16.17,23.81,7.71,13.38,16.63,16.84,8.32,16.5,6.85,13.58,28.01,9.21,14.88,3.51,0.0,10.45,4.2,2.74,2.16,5.05,9.24,4.45,9.82,5.03,7.82,11.27,8.63,13.26,13.83,11.6,10.41,17.65,17.82
16.19,8.89,9.87,24.32,14.95,14.95,22.61,17.68,2.95,22.95,19.67,24.43,13.48,24.45,15.32,14.23,1.92,19.74,11.76,12.38,12.48,10.83,12.18,8.92,12.51,12.68,21.23,10.09,19.1,13.0,19.23,14.87,13.32,8.22,18.78,14.04,9.3,17.86,6.98,12.58,10.47,14.33,17.33,18.08,11.68,16.78,16.2,10.84,11.03,8.97,16.71,8.06,17.62,12.65,11.46,12.46,15.68,17.27,9.67,12.92,13.13,17.88,12.79,16.42,9.87,18.85,18.78,13.29,13.08,10.45,0.0,7.08,9.4,8.33,8.08,2.04,7.48,1.48,6.93,10.84,7.56,4.92,9.54,13.22,21.16,19.97,13.94,14.1
9.93,2.64,3.61,18.06,15.29,15.29,22.96,11.42,4.42,16.7,13.41,18.18,15.83,18.19,9.07,14.08,5.58,13.49,12.1,12.72,12.82,11.17,12.52,9.26,12.85,13.02,21.57,10.43,19.45,13.34,12.98,8.62,13.66,8.56,12.53,14.38,9.64,11.6,7.32,12.92,10.82,14.67,17.67,11.82,12.02,17.12,16.54,11.18,11.37,9.31,14.94,8.4,11.37,12.99,11.8,12.8,16.02,11.02,10.02,13.26,13.47,11.63,13.13,10.16,10.21,19.19,12.52,13.64,6.82,4.2,7.08,0.0,3.15,2.08,1.83,5.87,1.23,6.45,1.56,4.6,7.91,5.26,9.89,13.56,14.92,13.73,14.29,14.45
8.48,4.81,5.78,16.61,17.61,17.61,28.89,9.97,6.74,15.24,11.96,16.72,14.37,16.74,7.61,12.62,7.89,12.03,14.42,15.04,15.14,13.49,16.01,11.58,15.17,15.34,23.89,12.75,21.76,15.66,11.52,7.16,15.98,10.88,11.07,16.7,11.96,10.15,9.64,15.24,13.13,16.99,28.92,10.37,14.34,19.44,18.86,13.5,13.69,11.63,13.49,10.72,9.91,15.31,14.12,15.12,18.34,9.56,12.33,15.58,15.79,10.17,15.45,8.71,12.53,21.51,11.07,15.95,5.37,2.74,9.4,3.15,0.0,1.11,4.0,8.19,3.4,8.77,3.98,6.77,10.23,7.58,12.21,15.69,13.46,12.27,16.6,16.77
7.9,3.74,4.72,16.03,16.55,16.54,28.32,9.39,5.68,14.66,11.38,16.14,13.79,16.16,7.04,12.04,6.83,11.45,13.36,13.97,14.07,12.42,15.44,10.52,14.1,14.28,22.82,11.68,20.7,14.59,10.94,6.58,14.92,9.82,10.49,15.63,10.9,9.57,8.58,14.18,12.07,15.93,18.93,9.79,13.27,18.37,17.8,12.43,12.63,10.56,12.91,9.65,9.33,14.25,13.06,14.06,17.27,8.98,11.27,14.52,14.73,9.59,14.39,8.13,11.47,20.45,10.49,14.89,4.79,2.16,8.33,2.08,1.11,0.0,2.94,7.12,2.34,7.7,2.92,5.7,9.16,6.52,11.14,15.11,12.88,11.69,15.54,15.71
10.79,0.81,1.78,18.92,16.29,16.29,23.96,12.27,5.42,17.55,14.27,19.03,16.68,19.04,9.92,14.93,6.58,14.34,13.1,13.72,13.82,12.17,13.52,10.26,13.85,14.03,22.57,11.43,20.45,14.34,13.83,9.47,14.67,9.57,13.38,15.38,10.64,12.46,8.33,13.92,11.82,15.68,18.68,12.68,13.02,18.12,17.55,12.18,12.37,10.31,15.8,9.4,12.22,13.99,12.8,13.8,17.02,11.87,11.02,14.26,14.47,12.48,14.13,11.02,11.21,20.19,13.37,14.64,7.67,5.05,8.08,1.83,4.0,2.94,0.0,6.87,1.1,7.45,2.67,2.77,8.91,6.26,10.89,14.56,15.77,14.58,15.29,15.45
14.97,7.68,8.65,23.1,13.73,13.73,21.4,16.46,1.73,21.74,18.45,23.22,12.26,23.23,14.11,13.02,0.93,18.53,10.54,11.16,11.26,9.61,10.96,7.7,11.29,11.47,20.01,8.87,17.89,11.78,18.02,13.65,12.11,7.01,17.57,12.82,8.08,16.64,5.77,11.37,9.26,13.12,16.12,16.86,10.46,15.56,14.99,9.62,9.81,7.75,15.49,6.84,16.41,11.44,10.24,11.24,14.46,16.06,8.46,11.71,11.91,16.67,11.58,15.2,8.65,17.63,17.56,12.08,11.86,9.24,2.04,5.87,8.19,7.12,6.87,0.0,6.27,1.41,5.72,9.64,6.35,3.71,8.33,12.01,19.95,18.76,12.73,12.89
10.19,1.9,2.88,18.32,15.7,15.69,23.36,11.68,4.83,16.95,13.67,18.43,16.08,18.45,9.33,14.33,5.98,13.74,12.51,13.12,13.22,11.57,12.92,9.67,13.25,13.43,21.97,10.83,19.85,13.74,13.23,8.87,14.07,8.97,12.78,14.78,10.05,11.86,7.73,13.33,11.22,15.08,18.08,12.08,12.42,17.52,16.95,11.58,11.78,9.71,15.2,8.8,11.63,13.4,12.21,13.2,16.42,11.27,10.42,13.67,13.88,11.88,13.54,10.42,10.62,19.6,12.78,14.04,7.08,4.45,7.48,1.23,3.4,2.34,1.1,6.27,0.0,6.85,2.07,3.86,8.31,5.67,10.29,13.97,15.17,13.98,14.69,14.85
15.55,8.26,9.23,23.68,14.31,14.31,21.98,17.04,2.31,22.32,19.03,23.8,12.84,23.81,14.69,13.6,1.28,19.11,11.12,11.74,11.84,10.19,11.54,8.29,11.87,12.05,20.59,9.45,18.47,12.36,18.6,14.24,12.69,7.59,18.15,13.4,8.67,17.22,6.35,11.95,9.84,13.7,16.7,17.44,11.04,16.14,15.57,10.2,10.39,8.33,16.07,7.42,16.99,12.02,10.82,11.82,15.04,16.64,9.04,12.29,12.49,17.25,12.16,15.78,9.23,18.22,18.14,12.66,12.44,9.82,1.48,6.45,8.77,7.7,7.45,1.41,6.85,0.0,6.3,10.21,6.92,4.28,8.9,12.58,20.53,19.34,13.3,13.47
10.77,3.47,4.45,18.9,15.14,15.14,22.81,12.26,4.28,17.53,14.25,19.01,16.66,19.03,9.9,14.91,5.43,14.32,11.95,12.57,12.67,11.02,12.37,9.12,12.7,12.88,21.42,10.28,19.3,13.19,13.81,9.45,13.52,8.42,13.36,14.23,9.5,12.44,7.18,12.78,10.67,14.53,17.53,12.66,11.87,16.97,16.4,11.03,11.23,9.16,15.78,8.25,12.2,12.85,11.65,12.65,15.87,11.85,9.87,13.12,13.32,12.46,12.99,11.0,10.06,19.05,13.36,13.49,7.66,5.03,6.93,1.56,3.98,2.92,2.67,5.72,2.07,6.3,0.0,5.43,7.76,5.12,9.74,13.42,15.75,14.56,14.14,14.3
13.55,1.96,3.85,21.68,19.06,19.05,26.72,15.04,8.19,20.32,17.03,21.8,19.45,21.81,12.69,17.7,9.34,17.11,15.87,16.48,16.58,14.93,16.29,13.03,16.61,16.79,25.34,14.2,23.21,17.1,16.6,12.24,17.43,12.33,16.15,18.14,13.41,15.22,11.09,16.69,14.58,18.44,21.44,15.44,15.78,20.88,20.31,14.95,15.14,13.07,18.56,12.17,14.99,16.76,15.57,16.57,19.79,14.64,13.78,17.03,17.24,15.25,16.9,13.78,13.98,22.96,16.14,17.4,10.44,7.82,10.84,4.6,6.77,5.7,2.77,9.64,3.86,10.21,5.43,0.0,11.67,9.03,13.66,17.33,18.53,17.34,18.05,18.22
17.01,9.72,10.69,13.77,9.28,9.28,16.94,18.5,4.9,12.41,9.53,13.89,7.81,13.9,16.15,8.56,6.06,20.56,6.09,6.71,6.81,5.16,6.51,3.25,6.84,7.01,15.56,4.42,13.43,7.33,20.05,15.69,7.65,2.55,19.6,8.37,3.63,18.68,2.18,6.91,4.8,8.66,11.66,18.9,6.01,11.11,10.53,5.17,5.36,3.3,11.04,2.39,18.45,6.98,5.79,6.79,10.01,18.1,4.0,7.25,7.46,18.71,7.12,17.24,4.2,13.18,10.6,7.62,13.9,11.27,7.56,7.91,10.23,9.16,8.91,6.35,8.31,6.92,7.76,11.67,0.0,3.31,3.88,7.55,10.36,13.46,8.27,8.44
14.37,7.07,8.05,15.15,10.66,10.66,18.33,15.85,2.26,13.79,10.91,15.27,9.19,15.28,13.5,9.95,3.41,17.92,7.47,8.09,8.19,6.54,7.89,4.63,8.22,8.4,16.94,5.8,14.82,8.71,17.41,13.05,9.04,3.94,16.96,9.75,5.01,16.04,2.7,8.29,6.19,10.05,13.05,16.26,7.39,12.49,11.92,6.55,6.74,4.68,12.42,3.77,15.8,8.36,7.17,8.17,11.39,15.45,5.39,8.63,8.84,16.06,8.5,14.6,5.58,14.56,16.96,9.01,11.26,8.63,4.92,5.26,7.58,6.52,6.26,3.71,5.67,4.28,5.12,9.03,3.31,0.0,5.26,8.93,11.74,18.16,9.66,9.82
14.47,11.7,12.67,11.12,9.9,7.05,13.9,10.06,6.89,9.76,6.88,11.24,5.16,11.25,13.75,5.92,8.04,12.85,3.44,6.5,6.73,5.78,3.86,3.88,7.46,7.63,14.4,1.74,14.05,7.94,11.58,12.68,6.5,1.84,12.66,8.99,4.26,10.21,4.16,3.87,2.8,6.44,9.44,11.19,3.36,11.73,8.31,4.97,4.1,1.53,7.99,2.81,10.01,7.6,5.59,5.21,7.78,10.68,4.42,4.21,8.08,13.22,7.74,11.76,2.88,13.8,7.96,4.58,14.09,13.26,9.54,9.89,12.21,11.14,10.89,8.33,10.29,8.9,9.74,13.66,3.88,5.26,0.0,4.9,7.71,9.01,8.15,8.99
11.47,15.37,16.35,8.12,11.92,8.59,14.77,7.06,10.56,6.76,3.88,8.24,4.03,8.25,10.75,2.91,11.71,9.85,3.34,8.53,8.76,7.8,2.42,7.55,9.48,9.66,15.27,2.93,17.04,9.97,8.58,9.68,8.04,5.52,9.65,11.01,6.78,7.21,7.84,5.4,4.17,7.97,10.97,8.19,4.1,13.75,9.84,6.99,5.78,4.34,7.38,6.67,7.01,9.62,7.61,6.74,9.32,7.68,6.45,5.08,10.1,10.22,9.76,8.75,4.99,15.75,4.95,5.45,11.09,13.83,13.22,13.56,15.69,15.11,14.56,12.01,13.97,12.58,13.42,17.33,7.55,8.93,4.9,0.0,4.75,6.05,10.58,11.42
9.24,16.58,17.55,4.0,14.73,11.39,17.31,4.83,18.51,2.64,1.65,4.12,3.59,4.13,8.53,1.84,19.66,7.62,6.15,11.33,11.56,10.61,5.23,10.36,12.29,12.46,17.81,5.74,19.58,12.77,6.35,7.46,10.85,8.32,7.43,13.82,9.59,4.98,10.64,8.21,6.98,10.78,13.78,5.96,6.9,16.56,12.65,9.8,8.59,7.15,5.15,9.48,4.78,12.43,10.42,9.55,12.12,5.45,9.25,7.89,12.91,7.99,12.57,6.53,7.8,18.29,2.73,8.26,8.87,11.6,21.16,14.92,13.46,12.88,15.77,19.95,15.17,20.53,15.75,18.53,10.36,11.74,7.71,4.75,0.0,3.78,13.42,14.26
8.05,15.39,16.36,7.12,15.43,11.69,14.48,3.64,17.32,5.76,2.47,7.24,4.89,7.25,7.34,3.14,18.47,6.43,7.45,12.04,12.27,11.31,6.53,12.65,12.99,13.17,14.98,7.03,16.75,13.48,5.16,6.27,11.15,10.24,6.24,14.52,11.31,3.79,13.75,8.51,7.89,11.08,14.51,4.77,8.2,17.26,12.92,10.5,8.89,8.9,2.32,11.21,3.59,13.14,11.12,9.85,10.75,4.26,9.96,8.19,13.61,6.8,13.27,5.34,9.06,15.46,1.16,5.56,7.68,10.41,19.97,13.73,12.27,11.69,14.58,18.76,13.98,19.34,14.56,17.34,13.46,18.16,9.01,6.05,3.78,0.0,13.66,14.5
20.11,16.09,17.07,16.76,1.96,5.75,11.82,15.69,11.28,15.39,12.51,16.87,10.8,16.89,19.39,11.55,12.44,18.49,9.08,1.69,1.54,3.37,9.49,7.47,3.44,5.98,10.06,7.71,7.94,6.3,17.22,18.32,4.13,7.58,18.29,1.99,6.12,15.84,8.56,5.06,7.51,5.14,12.65,16.82,8.99,5.61,7.01,3.25,4.3,6.83,11.54,6.02,15.64,4.87,2.87,3.26,6.48,16.31,3.91,6.21,6.43,18.85,6.09,17.39,6.25,7.68,13.88,8.13,20.28,17.65,13.94,14.29,16.6,15.54,15.29,12.73,14.69,13.3,14.14,18.05,8.27,9.66,8.15,10.58,13.42,13.66,0.0,2.89
20.95,16.26,17.23,17.6,1.87,14.06,9.11,16.53,11.45,16.23,13.35,17.71,11.64,17.73,20.23,12.39,12.6,19.33,9.92,3.81,2.5,3.54,10.34,7.63,2.32,5.59,7.35,8.55,5.23,5.91,18.06,19.16,9.0,7.74,19.13,1.57,6.28,16.68,8.72,8.26,8.35,10.01,9.94,17.66,9.83,2.9,12.72,6.51,6.7,7.67,12.38,6.18,16.48,3.75,3.83,8.13,13.35,17.15,5.97,8.6,6.04,19.7,5.7,18.23,6.41,4.97,14.72,8.97,20.44,17.82,14.1,14.45,16.77,15.71,15.45,12.89,14.85,13.47,14.3,18.22,8.44,9.82,8.99,11.42,14.26,14.5,2.89,0.0
