10000,27.46,18.39,44.173,27.133,8.096,12.917,37.096,16.438,44.482,18.296,29.867,10.765,12.909,18.952,17.009,21.448,1.757,4.318,7.6,36.744,17.206,29.088,13.747,25.313,44.545,25.221,7.469,10.444,43.487,27.571,37.289,39.306,25.933,18.338,29.921,31.538,5.808,8.235,28.347,8.507,19.569,36.547,20.212,17.14,27.532,5.989,36.583,18.994,31.071,12.466,10.906,17.413,17.556,31.079,31.248,18.314,17.978,16.94,22.465,15.322,27.089,13.837,30.814,15.394,15.749,15.591,31.259,23.95,12.507,24.811,14.999,17.295,26.671,31.127,23.566,18.778,16.356,32.751,26.072,17.895,7.474,26.419,16.742,28.457,16.659,20.859,26.51,25.242,22.863,15.493,20.469,31.016,11.575,24.33,21.795,23.131,23.116,24.244,19.441,24.305,21.878,22.637,18.668,22.91,18.833,17.097,20.32,18.501,22.408,21.291,19.322,19.561,20.434,15.906,20.321
29.033,10000,12.599,28.627,32.645,37.246,18.847,12.316,18.132,29.473,38.151,8.414,22.181,32.889,25.93,20.458,26.96,29.227,29.853,27.58,59.547,20.655,9.292,22.482,4.458,13.569,6.806,29.231,26.477,30.388,9.156,42.801,44.818,31.445,25.316,5.141,21.203,24.863,37.385,10.185,27.601,25.081,11.767,35.386,24.118,14.604,28.86,11.803,10.677,18.143,17.594,20.014,24.391,19.25,6.299,12.833,12.022,24.956,18.634,12.589,18.442,11.574,21.386,17.886,14.585,22.727,21.103,11.246,4.059,18.731,2.923,21.977,12.51,13.743,6.347,6.613,24.29,21.868,7.971,13.144,11.636,28.211,10.973,23.72,8.638,13.523,13.41,13.582,11.888,8.45,22.471,10.274,18.088,18.853,11.339,11.245,10.711,11.593,13.014,9.795,11.27,8.248,9.118,12.376,7.403,11.934,19.541,10.221,24.013,8.78,9.167,9.66,9.486,8.933,14.111,8.041
18.547,11.939,10000,31.521,22.159,26.76,6.538,21.575,5.823,32.367,27.665,17.246,7.489,22.403,15.444,9.972,16.474,18.741,19.367,17.094,49.061,10.169,16.467,11.996,9.792,29.024,9.7,18.745,15.991,38.513,12.05,32.315,34.332,20.959,14.83,14.4,26.564,14.377,26.899,15.726,17.115,14.595,21.026,24.9,13.632,17.498,18.374,21.062,7.187,21.037,7.108,9.528,8.33,6.941,15.558,15.727,10.245,14.47,6.325,10.238,7.956,14.468,10.9,20.78,3.902,12.241,10.617,15.738,8.429,8.245,9.29,6.812,10.733,16.637,15.606,8.045,13.804,11.382,17.23,16.038,12.921,17.725,16.385,13.234,15.836,11.746,2.727,16.476,15.208,11.344,11.985,7.89,20.982,8.367,14.233,9.568,13.605,14.487,15.908,3.809,14.164,5.608,12.012,10.599,10.297,5.948,9.055,8.093,13.527,11.674,12.061,6.17,4.755,4.167,3.428,6.487
44.366,28.349,32.234,10000,18.934,42.151,40.828,27.529,44.176,1.086,53.254,31.931,40.151,42.381,46.69,31.812,26.96,46.124,45.9,37.072,35.09,32.009,31.152,34.841,26.202,35.187,22.794,38.723,47.237,2.001,22.238,6.884,7.763,18.617,46.076,26.739,22.775,41.303,42.29,30.411,37.093,26.66,26.98,35.404,44.878,16.198,38.352,27.016,23.145,11.952,35.564,37.984,45.151,45.294,27.542,20.972,33.117,45.716,44.678,19.527,36.043,29.153,33.745,13.733,36.115,43.487,30.394,18.971,24.839,34.596,25.7,42.737,32.098,16.797,26.185,26.248,33.581,28.819,27.809,15.486,24.648,37.703,17.783,44.48,30.521,31.462,26.236,17.874,16.606,21.122,43.231,22.763,13.935,36.823,18.65,20.392,19.147,18.508,17.458,34.244,18.295,23.659,20.81,33.471,22.315,33.636,31.9,21.985,33.304,21.269,21.641,23.383,23.899,24.794,36.627,22.868
28.168,31.959,22.889,18.937,10000,25.953,24.63,33.754,27.978,19.246,37.056,28.472,23.953,26.183,30.492,15.614,10.762,29.926,29.702,20.874,25.197,15.811,27.693,18.643,29.812,49.044,29.72,22.525,31.039,18.251,22.584,12.053,14.07,1.199,29.878,34.42,20.852,25.105,26.092,26.952,20.895,10.462,33.205,12.308,28.68,26.137,22.154,33.241,17.599,22.203,19.366,21.786,28.953,29.096,35.578,26.261,16.919,29.518,28.48,21.07,19.845,25.694,17.547,23.984,19.917,27.289,14.196,26.212,28.449,18.398,29.31,26.539,15.9,25.276,35.626,28.065,17.383,12.621,37.25,24.677,16.5,21.505,25.024,28.282,27.062,15.264,19.464,25.115,23.847,21.468,27.033,19.074,24.186,20.625,22.935,20.4,21.736,21.721,22.849,18.046,22.91,20.483,21.242,17.273,21.515,17.438,15.702,18.925,17.106,21.013,19.896,17.927,18.166,19.039,20.429,18.926
8.135,35.884,26.814,41.953,24.913,10000,14.962,32.929,27.153,42.262,14.38,27.647,12.81,7.795,29.667,14.789,19.228,9.523,12.084,5.38,29.199,14.986,26.868,11.977,33.737,52.969,33.645,7.228,18.21,41.267,21.759,35.069,37.086,23.713,29.053,38.345,29.318,6.2,1.208,26.127,6.737,17.349,32.38,12.387,27.855,25.312,5.707,32.416,16.774,28.851,18.541,12.951,28.128,28.271,39.503,25.436,16.094,28.693,27.655,20.245,19.02,24.869,12.067,28.594,19.092,26.464,13.371,25.387,32.374,17.573,33.235,25.714,15.075,24.451,39.551,31.99,16.558,14.136,41.175,23.852,15.675,6.208,24.199,27.457,26.237,14.439,18.639,24.29,23.022,20.643,26.208,18.249,28.796,13.62,22.11,19.575,20.911,20.896,22.024,17.221,22.085,19.658,20.417,16.448,20.69,16.613,14.877,18.1,16.281,20.188,19.071,17.102,17.341,18.214,19.604,18.101
12.46,18.138,6.489,40.876,23.836,14.485,10000,27.774,8.72,41.185,32.276,23.445,1.209,16.908,14.52,11.649,18.151,12.654,7.041,11.599,43.566,11.846,22.666,8.463,15.991,35.223,15.899,9.461,9.093,40.19,18.249,33.992,36.009,22.636,13.906,20.599,28.241,8.29,14.624,21.925,12.005,16.272,27.225,26.577,12.708,23.697,11.231,27.261,15.697,27.236,7.309,5.749,11.227,9.838,21.757,21.926,11.922,13.546,9.222,18.229,8.988,20.667,8.008,26.979,9.06,11.317,12.294,21.937,14.628,7.35,15.489,9.653,12.41,22.836,21.805,14.244,15.481,13.059,23.429,22.237,14.598,10.458,22.584,12.31,22.035,13.423,8.926,22.675,21.407,17.543,11.061,15.739,27.181,6.418,20.432,17.559,19.804,18.88,22.107,10.008,20.363,11.807,18.211,12.276,16.496,12.441,10.732,16.084,15.204,17.873,18.26,14.161,10.954,10.366,9.572,13.929
40.332,12.135,23.898,27.721,33.223,33.237,30.146,10000,29.431,28.567,49.45,20.129,33.48,33.467,37.229,23.837,23.39,40.526,41.152,28.158,60.125,24.034,21.007,25.587,13.923,15.839,14.458,29.809,37.776,29.482,11.341,34.365,35.244,32.023,36.615,10.434,28.1,36.162,33.376,22.075,28.179,22.168,1.193,35.964,35.417,13.698,29.438,3.623,16.753,17.237,28.893,31.313,35.69,30.549,11.237,12.391,21.265,36.255,29.933,14.177,29.741,20.817,24.491,16.98,20.154,34.026,20.161,10.39,13.524,30.03,12.388,33.276,21.753,12.837,9.88,17.912,20.561,20.974,11.504,12.238,18.256,28.789,10.117,35.019,22.185,20.179,19.618,12.524,11.032,13.349,33.77,15.173,17.182,30.152,13.3,15.042,13.797,13.158,12.108,19.038,12.945,16.069,14.017,17.769,13.979,21.177,22.639,15.12,20.284,13.679,14.066,16.115,16.309,18.176,25.41,15.278
16.084,17.024,5.375,36.606,26.781,26.795,9.427,26.66,10000,37.452,32.436,22.331,8.746,27.025,6.467,14.594,21.096,16.278,11.659,21.716,53.683,14.791,21.552,16.618,14.877,34.109,14.785,15.034,8.283,43.135,17.135,36.937,38.954,25.581,5.853,19.485,31.186,13.863,26.934,20.811,21.737,19.217,26.111,29.522,4.655,22.583,22.996,26.147,18.642,26.122,11.73,14.15,3.221,1.832,20.643,20.812,14.867,5.493,1.216,15.323,12.578,19.553,15.522,25.865,8.987,3.264,15.239,20.823,13.514,12.867,14.375,1.6,15.355,21.722,20.691,13.13,18.426,16.004,22.315,21.123,17.543,22.347,21.47,4.257,20.921,16.368,7.812,21.561,20.293,16.429,3.008,12.975,26.067,12.989,19.318,14.653,18.69,19.572,20.993,8.894,19.249,10.693,17.097,15.221,15.382,15.386,13.677,13.178,18.149,16.759,17.146,11.255,9.84,9.252,8.513,11.572
44.694,29.442,33.327,1.109,19.262,42.479,41.156,28.622,44.504,10000,53.582,33.024,40.479,42.709,47.018,32.14,27.288,46.452,46.228,37.4,35.418,32.337,32.245,35.169,27.295,36.28,23.887,39.051,47.565,2.329,23.331,7.212,8.091,18.945,46.404,27.832,23.868,41.631,42.618,31.504,37.421,26.988,28.073,35.732,45.206,17.291,38.68,28.109,24.238,13.045,35.892,38.312,45.479,45.622,28.635,22.065,33.445,46.044,45.006,20.62,36.371,30.246,34.073,14.826,36.443,43.815,30.722,20.064,25.932,34.924,26.793,43.065,32.426,17.89,27.278,27.341,33.909,29.147,28.902,16.579,33.026,38.031,18.876,44.808,31.614,31.79,35.99,18.967,17.699,22.215,43.559,23.856,15.028,37.151,19.743,21.485,20.24,19.601,18.551,34.572,19.388,24.752,21.903,33.799,23.408,33.964,32.228,23.078,33.632,22.362,22.734,24.476,24.992,25.887,36.955,23.961
21.929,21.503,12.433,42.581,25.541,25.555,16.123,31.139,17.795,42.89,10000,26.81,15.077,25.785,20.309,13.354,19.856,22.123,24.232,20.476,52.443,13.551,26.031,15.378,19.356,38.588,19.264,22.127,20.856,41.895,21.614,35.697,37.714,24.341,19.695,23.964,29.946,17.759,25.694,25.29,20.497,17.977,30.59,28.282,18.497,27.062,21.756,30.626,17.402,30.601,10.49,12.91,18.77,18.913,25.122,25.291,13.627,19.335,18.297,19.934,11.338,24.032,14.282,30.344,11.41,17.106,13.999,25.302,17.993,11.627,18.854,16.356,14.115,26.201,25.17,17.609,17.186,14.764,26.794,25.602,16.303,21.107,25.949,18.099,25.4,15.128,12.571,26.04,24.772,20.908,16.85,17.444,30.546,11.749,23.797,19.264,23.169,20.585,25.472,14.754,23.728,15.452,21.576,13.981,19.861,14.146,12.437,17.789,16.909,21.238,21.625,15.866,14.874,14.011,11.922,15.634
29.7,8.298,13.419,31.982,27.471,27.485,19.667,20.194,18.952,32.828,39.332,10000,22.344,27.715,27.111,15.284,21.786,29.39,31.034,22.406,54.373,15.481,0.877,17.034,9.793,21.447,10.161,24.057,27.658,33.743,12.511,37.627,39.644,26.271,26.497,13.019,24.558,26.637,27.624,1.77,22.427,19.907,19.645,30.212,25.299,17.959,23.686,19.681,12.484,21.498,17.757,20.177,25.572,20.07,14.177,16.188,12.712,26.137,19.454,15.944,18.236,3.156,15.938,21.241,11.601,23.908,15.022,16.199,11.937,16.789,10.801,23.158,13.2,17.098,14.225,12.241,17.195,16.694,15.849,16.499,13.443,23.037,18.851,24.901,3.01,14.213,11.065,16.937,15.669,11.805,23.652,11.309,21.443,19.016,14.694,14.6,14.066,14.948,16.369,10.485,14.625,8.938,12.473,13.066,9.725,12.624,14.086,13.576,16.918,12.135,12.522,11.467,10.176,9.623,13.377,9.906
10.896,19.128,7.479,39.873,22.833,12.921,1.248,28.764,9.231,40.182,24.024,24.435,10000,15.344,15.031,10.646,17.148,11.09,7.147,10.035,42.002,10.843,23.656,6.899,16.981,36.213,16.889,7.897,9.961,39.187,19.239,32.989,35.006,21.633,14.417,21.589,27.238,6.726,13.06,22.915,10.441,15.269,28.215,25.574,13.219,24.687,9.667,28.251,14.694,28.226,5.745,2.279,11.738,10.349,22.747,22.916,10.919,14.057,9.733,17.226,8.601,21.657,6.444,27.969,8.673,11.828,11.291,22.927,15.618,5.786,16.479,10.164,11.407,23.826,22.795,15.234,14.478,12.056,24.419,23.227,13.595,8.894,23.574,12.821,23.025,12.42,9.916,23.665,22.397,18.533,11.572,14.736,28.171,4.854,21.422,16.556,17.892,17.877,23.097,12.046,21.353,12.797,19.201,11.273,17.486,11.438,9.729,15.081,14.201,18.863,16.052,13.158,12.166,13.039,9.185,12.926
13.119,31.382,22.312,42.201,25.161,3.382,17.498,33.177,27.401,42.51,22.007,27.895,15.346,10000,29.915,15.037,19.476,14.877,17.438,5.281,27.822,15.234,27.116,12.225,29.235,48.467,29.143,7.476,30.462,41.515,22.007,35.317,37.334,23.961,29.301,33.843,29.566,10.056,4.591,26.375,6.985,17.597,32.628,8.794,28.103,25.56,7.105,32.664,17.022,29.099,18.789,15.487,28.376,28.519,35.001,25.684,16.342,28.941,27.903,20.493,19.268,25.117,12.315,28.842,19.34,26.712,13.619,25.635,27.872,17.821,28.733,25.962,15.323,24.699,35.049,27.488,16.806,14.384,36.673,24.1,15.923,6.456,24.447,27.705,26.485,14.687,18.887,24.538,23.27,20.891,26.456,18.497,29.044,16.156,22.358,19.823,21.159,21.144,22.272,17.469,22.333,19.906,20.665,16.696,20.938,16.861,15.125,18.348,16.529,20.436,19.319,17.35,17.589,18.462,19.852,18.349
18.942,25.874,11.709,46.679,29.639,29.653,15.761,35.51,7.026,46.988,35.294,31.181,19.175,29.883,10000,17.452,23.954,19.136,14.517,24.574,56.541,17.649,30.402,19.476,23.727,42.959,23.635,26.225,8.417,45.993,25.985,39.795,41.812,28.439,0.699,28.335,34.044,21.857,29.792,29.661,24.595,22.075,34.961,32.38,3.704,31.433,25.854,34.997,21.5,34.972,14.588,17.008,4.012,7.123,29.493,29.662,17.725,1.887,6.448,24.032,15.436,28.403,18.38,34.715,15.508,4.591,18.097,29.673,22.364,15.725,23.225,5.526,18.213,30.572,29.541,21.98,21.284,18.862,31.165,29.973,20.401,25.205,30.32,2.507,29.771,19.226,16.942,30.411,29.143,25.279,3.924,21.542,34.917,15.847,28.168,23.362,27.54,24.683,29.843,18.852,28.099,19.823,25.947,18.079,24.232,18.244,16.535,21.887,21.007,25.609,25.996,19.964,18.972,19.845,16.02,19.732
16.932,18.679,9.609,31.743,14.703,14.717,11.35,28.315,14.698,32.052,29.582,15.59,10.673,14.947,17.212,10000,9.018,18.69,16.422,9.638,41.605,2.625,14.811,4.323,16.532,35.764,16.44,11.289,17.759,31.057,18.79,24.859,26.876,13.503,16.598,21.14,19.108,13.869,14.856,14.07,9.659,7.139,27.766,17.444,15.4,15.102,10.918,27.802,6.564,18.641,6.086,8.506,15.673,15.816,22.298,22.467,4.037,16.238,15.2,10.035,6.565,12.812,3.227,18.384,4.252,14.009,3.161,22.478,15.169,4.078,16.03,13.259,4.525,14.241,22.346,14.785,6.348,3.926,23.97,13.642,5.465,10.269,13.989,15.002,14.18,3.034,6.582,14.08,12.812,8.764,13.753,8.039,18.586,7.345,11.9,9.365,10.701,10.686,11.814,5.164,11.875,7.601,10.207,4.391,8.633,3.246,1.942,7.89,6.071,8.313,8.861,6.892,5.284,6.157,7.149,6.044
21.811,25.602,16.532,27.162,10.122,19.596,18.273,23.113,21.621,27.471,30.699,22.115,17.596,19.826,24.135,9.257,10000,23.569,23.345,14.517,35.32,9.454,21.336,12.286,23.455,42.687,12.499,16.168,24.682,26.476,11.943,20.278,22.295,8.922,23.521,28.063,11.059,18.748,19.735,20.595,14.538,1.712,22.564,12.863,22.323,16.656,15.797,22.6,6.958,12.41,13.009,15.429,22.596,22.739,29.221,15.62,10.562,23.161,22.123,10.429,13.488,19.337,11.19,14.191,13.56,20.932,4.608,15.571,22.092,12.041,22.953,20.182,6.312,14.635,29.269,21.708,5.128,3.398,30.893,15.944,5.868,15.148,14.383,21.925,20.705,5.676,13.107,14.474,13.206,10.827,20.676,8.433,14.393,14.268,12.294,9.759,11.095,11.08,12.208,11.689,12.269,14.126,10.601,10.916,9.744,11.081,9.345,8.284,5.497,10.372,9.255,7.286,11.809,12.682,14.072,8.683
1.864,27.761,18.691,46.038,28.998,9.591,13.218,37.397,16.739,46.347,15.134,29.494,11.066,14.774,19.253,17.668,23.313,10000,4.619,9.465,38.239,17.865,28.715,13.921,25.614,44.846,25.522,9.334,10.745,45.352,27.872,39.154,41.171,27.798,18.639,30.222,33.403,7.673,9.73,27.974,10.372,21.434,36.848,21.427,17.441,33.32,7.854,36.884,20.859,36.859,12.767,11.207,17.714,17.857,31.38,31.549,17.941,18.279,17.241,24.33,15.623,26.716,13.466,36.602,15.695,16.05,17.456,31.56,24.251,12.808,25.112,15.3,18.429,32.459,31.428,23.867,20.643,18.221,33.052,31.86,19.76,9.339,32.207,17.043,28.084,18.524,18.829,32.298,31.03,27.166,15.794,22.334,36.804,11.876,26.195,23.66,24.996,24.981,26.109,19.068,29.986,21.505,27.834,18.295,22.537,18.46,16.751,22.185,20.366,27.496,23.156,21.187,19.188,20.061,16.207,19.948
4.425,29.412,13.287,45.598,28.558,12.152,7.605,39.048,12.12,45.907,19.754,34.719,7.123,17.335,14.634,16.371,22.873,4.619,10000,12.026,40.8,16.568,33.94,12.624,27.265,46.497,27.173,9.58,6.126,44.912,29.523,38.714,40.731,27.358,14.02,31.873,32.963,8.409,12.291,33.199,12.124,20.994,38.499,31.299,12.822,34.971,10.415,38.535,20.419,38.51,11.47,9.91,13.095,13.238,33.031,33.2,16.644,13.66,12.622,22.951,14.326,31.941,12.169,38.253,14.398,11.431,17.016,33.211,25.902,11.511,26.763,10.681,17.132,34.11,33.079,25.518,20.203,17.781,34.703,33.511,19.32,10.577,33.858,12.424,33.309,18.145,20.48,33.949,32.681,28.817,11.175,20.461,38.455,10.579,31.706,22.281,23.617,23.602,33.381,17.771,31.637,20.208,29.485,16.998,27.77,17.163,15.454,20.806,19.926,29.147,21.777,18.883,17.891,18.764,14.91,18.651
7.837,26.1,17.03,36.919,19.879,5.622,12.216,27.895,22.119,37.228,16.725,22.613,10.064,5.308,24.633,9.755,14.194,9.595,12.156,10000,31.966,9.952,21.834,6.943,23.953,43.185,23.861,2.194,25.18,36.233,16.725,30.035,32.052,18.679,24.019,28.561,24.284,4.774,5.761,21.093,1.703,12.315,27.346,12.611,22.821,20.278,1.823,27.382,11.74,23.817,13.507,10.205,23.094,23.237,29.719,20.402,11.06,23.659,22.621,15.211,13.986,19.835,7.033,23.56,14.058,21.43,8.337,20.353,22.59,12.539,23.451,20.68,10.041,19.417,29.767,22.206,11.524,9.102,31.391,18.818,10.641,1.174,19.165,22.423,21.203,9.405,13.605,19.256,17.988,15.609,21.174,13.215,23.762,10.874,17.076,14.541,15.877,15.862,16.99,12.187,17.051,14.624,15.383,11.414,15.656,11.579,9.843,13.066,11.247,15.154,14.037,12.068,12.307,13.18,14.57,13.067
36.836,57.123,48.053,35.11,25.163,29.252,44.122,58.918,53.142,35.419,41.262,53.636,41.97,27.788,55.656,40.778,35.926,38.224,40.785,31.905,10000,40.975,52.857,38.849,54.976,74.208,54.884,34.1,56.203,34.424,47.748,28.226,29.772,26.363,55.042,59.584,46.016,36.68,30.461,52.116,33.609,35.626,58.369,25.165,53.844,51.068,33.729,58.405,42.763,46.822,44.53,42.111,54.117,54.26,60.742,51.425,42.083,54.682,53.644,46.234,45.009,50.858,38.939,48.603,45.081,52.453,39.36,51.376,53.613,43.562,54.474,51.703,41.064,50.44,60.79,53.229,42.547,37.785,62.414,49.841,41.664,33.08,50.188,53.446,52.226,40.428,44.628,50.279,49.011,46.632,52.197,44.238,48.805,45.789,48.099,45.564,46.9,46.885,48.013,43.21,48.074,45.647,46.406,42.437,46.679,42.602,40.866,44.089,42.27,46.177,45.06,43.091,43.33,44.203,45.593,44.09
17.022,19.167,10.097,31.833,14.793,14.807,11.838,28.803,15.186,32.142,30.07,15.68,11.161,15.037,17.7,2.54,9.108,18.78,16.91,9.728,41.695,10000,14.901,5.851,17.02,36.252,16.928,11.379,18.247,31.147,19.278,24.949,26.966,13.593,17.086,21.628,19.198,13.959,14.946,14.16,9.749,7.229,28.254,17.534,15.888,15.192,11.008,28.29,6.654,18.731,6.574,8.994,16.161,16.304,22.786,22.955,4.127,16.726,15.688,10.125,7.053,12.902,4.755,18.474,7.125,14.497,3.251,22.966,15.657,5.606,16.518,13.747,4.615,14.331,22.834,15.273,6.438,4.016,24.458,13.732,5.555,10.359,14.079,15.49,14.27,3.124,6.672,14.17,12.902,8.854,14.241,8.129,18.676,7.833,11.99,9.455,10.791,10.776,11.904,5.254,11.965,7.691,10.297,4.481,8.723,4.646,2.704,7.98,6.161,8.403,8.951,6.982,5.374,6.247,7.637,6.134
28.96,9.215,12.679,31.242,26.731,26.745,18.927,21.111,18.212,32.088,38.592,0.916,21.604,26.975,26.371,14.544,21.046,28.65,30.294,21.666,53.633,14.741,10000,16.294,6.763,22.364,9.421,23.317,26.918,33.003,11.771,36.887,38.904,25.531,25.757,13.936,23.818,25.897,26.884,1.03,21.687,19.167,20.562,29.472,24.559,17.219,22.946,20.598,11.744,20.758,17.017,19.437,24.832,19.33,15.094,15.448,11.972,25.397,18.714,15.204,17.496,2.416,15.198,20.501,10.861,23.168,14.282,15.459,10.092,16.049,11.718,22.418,12.46,16.358,15.142,11.501,16.455,15.954,16.766,15.759,12.703,22.297,16.106,24.161,2.27,13.473,10.325,16.197,14.929,11.065,22.912,10.569,20.703,18.276,13.954,13.86,13.326,14.208,15.629,9.745,13.885,8.198,11.733,12.326,8.985,11.884,13.346,12.836,16.178,11.395,11.782,10.727,9.436,8.883,12.637,9.166
13.683,20.742,11.672,34.629,17.589,11.798,9.029,30.378,16.761,34.938,22.901,17.228,6.877,12.028,19.275,4.324,11.904,13.923,12.626,6.719,38.686,5.171,16.449,10000,18.595,37.827,18.503,7.616,19.822,33.943,20.853,27.745,29.762,16.389,18.661,23.203,21.994,9.366,11.937,15.708,5.235,10.025,29.829,20.33,17.463,16.298,7.669,29.865,9.45,19.837,3.386,4.71,17.736,17.879,24.361,24.53,5.675,18.301,17.263,11.982,8.628,14.45,1.105,19.58,8.7,16.072,6.047,24.541,17.232,1.899,18.093,15.322,6.163,15.437,24.409,16.848,9.234,6.812,26.033,14.838,8.351,6.596,15.185,17.065,15.818,7.176,8.22,15.276,14.008,10.402,15.816,9.492,19.782,3.549,13.033,11.312,12.648,12.633,13.761,6.802,12.964,9.239,10.799,6.029,10.271,6.194,4.485,9.837,8.957,9.951,10.808,7.914,6.922,7.795,9.212,7.682
26.761,4.354,10.327,26.355,30.373,34.974,16.575,13.99,15.86,27.201,35.879,9.793,19.909,30.617,23.658,18.186,24.688,26.955,27.581,25.308,57.275,18.383,6.727,20.21,10000,15.243,4.534,26.959,24.205,28.116,6.884,40.529,42.546,29.173,23.044,6.815,18.931,22.591,35.113,5.986,25.329,22.809,13.441,33.114,21.846,12.332,26.588,13.477,8.405,15.871,15.322,17.742,22.119,16.978,7.973,10.561,9.75,22.684,16.362,10.317,16.17,4.728,19.114,15.614,12.313,20.455,18.831,10.572,1.311,16.459,2.67,19.705,10.238,11.471,8.021,4.341,22.018,19.596,9.645,10.872,9.364,25.939,11.219,21.448,6.096,11.251,11.138,11.31,10.042,6.178,20.199,8.002,15.816,16.581,9.067,8.973,8.439,9.321,10.742,7.523,8.998,5.976,6.846,10.104,5.131,9.662,17.269,7.949,21.741,6.508,6.895,7.388,7.214,6.661,11.839,5.769
45.663,13.364,29.229,34.936,49.275,53.876,35.477,15.768,34.762,35.782,54.781,21.358,38.811,49.519,42.56,37.088,43.59,45.857,46.483,44.21,76.177,37.285,22.236,39.112,15.152,10000,17.5,45.861,43.107,36.697,18.556,59.431,61.448,48.075,41.946,8.53,31.897,41.493,54.015,23.129,44.231,41.711,18.126,52.016,40.748,20.913,45.49,12.424,21.371,24.452,34.224,36.644,41.021,35.88,7.564,19.606,37.361,41.586,35.264,21.392,35.072,22.268,38.016,24.195,31.215,39.357,37.733,17.605,14.753,35.361,13.617,38.607,37.849,20.052,9.381,17.307,40.92,38.498,11.005,19.453,40.037,44.841,17.332,40.35,21.582,38.862,30.04,19.739,18.247,19.144,39.101,20.968,24.397,35.483,20.515,21.939,21.405,20.373,19.323,31.122,21.964,18.942,19.812,37.715,18.097,37.88,36.171,20.915,40.643,19.474,19.861,20.354,20.18,19.627,30.741,18.735
26.732,6.413,10.298,22.833,22.424,22.438,16.546,14.532,15.831,23.679,35.85,9.995,19.88,22.668,23.629,10.237,16.739,26.926,27.552,17.359,49.326,10.434,9.216,11.987,4.266,17.302,10000,19.01,24.176,24.594,3.362,32.58,30.356,21.224,23.015,8.874,15.409,22.562,22.577,8.475,17.38,11.475,13.983,25.165,21.817,8.81,18.639,14.019,6.06,12.349,15.293,17.713,22.09,16.949,10.032,7.039,7.665,22.655,16.333,6.795,16.141,7.217,10.891,12.092,6.554,20.426,9.468,7.05,2.903,16.43,3.764,19.676,8.153,7.949,10.08,4.312,9.868,11.647,11.704,7.35,7.563,17.99,7.697,21.419,8.585,9.166,6.018,7.788,6.52,2.656,20.17,4.48,12.294,16.552,5.545,5.451,4.917,5.799,7.22,5.438,5.476,3.891,3.324,5.047,1.609,7.577,9.039,4.427,9.591,2.986,3.373,5.422,3.587,4.576,11.81,2.556
7.271,24.564,15.494,38.71,21.67,7.216,10.021,29.686,15.491,39.019,18.319,24.404,7.869,7.446,23.097,11.546,15.985,9.029,9.576,2.137,34.104,11.743,23.625,7.783,22.417,41.649,22.325,10000,14.836,38.024,18.516,31.826,33.843,20.47,22.483,27.025,26.075,1.749,7.355,22.884,2.543,14.106,29.137,14.749,21.285,22.069,2.045,29.173,13.531,25.608,9.57,8.01,21.558,16.609,28.183,22.193,12.851,22.123,15.993,17.002,12.426,21.626,7.873,25.351,12.498,19.894,10.128,22.144,21.054,9.611,21.915,19.144,11.832,21.208,28.231,20.67,13.315,10.893,29.855,20.609,12.432,0.996,20.956,20.887,22.994,11.196,15.396,21.047,19.779,17.4,19.638,15.006,25.553,8.679,18.867,16.332,17.668,17.653,18.781,13.978,18.842,16.415,17.174,13.205,17.447,13.37,11.634,14.857,13.038,16.945,15.828,13.859,14.098,14.971,13.01,14.858
10.514,25.999,16.929,46.804,29.764,18.241,9.183,35.635,8.707,47.113,35.419,31.306,9.9,30.008,8.413,17.577,24.079,10.708,6.089,24.699,56.666,17.774,30.527,19.601,23.852,43.084,23.76,14.803,10000,46.118,26.11,39.92,41.937,28.564,9.113,28.46,34.169,13.632,18.38,29.786,24.72,22.2,35.086,32.505,9.409,31.558,16.573,35.122,21.625,35.097,14.713,12.281,9.682,9.825,29.618,29.787,17.85,10.247,9.209,24.157,15.561,28.528,18.505,34.84,15.633,8.018,18.222,29.798,22.489,15.85,23.35,7.268,18.338,30.697,29.666,22.105,21.409,18.987,31.29,30.098,20.526,15.8,30.445,9.011,29.896,19.351,17.067,30.536,29.268,25.404,7.762,21.667,35.042,15.972,28.293,23.487,27.665,24.808,29.968,18.977,28.224,19.948,26.072,18.204,24.357,18.369,16.66,22.012,21.132,25.734,26.121,20.089,19.097,19.97,16.145,19.857
43.679,30.109,38.4,2,18.247,41.464,40.141,29.289,43.489,2.309,52.567,33.691,39.464,41.694,46.003,31.125,26.273,45.437,45.213,36.385,34.403,31.322,32.912,34.154,27.962,36.947,24.554,38.036,46.55,10000,23.998,6.197,7.076,17.93,45.389,28.499,24.535,40.616,41.603,32.171,36.406,25.973,28.74,34.717,44.191,17.958,37.665,28.776,24.905,13.712,34.877,37.297,44.464,44.607,29.302,22.732,32.43,45.029,43.991,21.287,35.356,30.913,33.058,15.493,35.428,42.8,29.707,20.731,26.599,33.909,27.46,42.05,31.411,18.557,27.945,28.008,32.894,28.132,29.569,17.246,32.011,37.016,19.543,43.793,32.281,30.775,34.975,19.634,18.366,22.882,42.544,24.523,15.695,36.136,20.41,22.152,20.907,20.268,19.218,33.557,20.055,25.419,22.57,32.784,24.075,32.949,31.213,23.745,32.617,23.029,23.401,25.143,25.659,34.55,35.94,24.628
29.127,8.808,12.693,22.321,22.018,22.032,18.941,11.324,18.226,23.167,38.245,12.39,22.275,22.262,26.024,12.632,12.185,29.321,29.947,16.953,48.92,12.829,11.611,14.382,6.661,19.697,3.253,18.604,26.571,24.082,10000,28.965,29.844,20.818,25.41,11.269,14.897,24.957,22.171,10.87,16.974,10.963,10.775,24.759,24.212,8.298,18.233,10.811,5.548,11.837,17.688,20.108,24.485,19.344,11.337,3.831,10.06,25.05,18.728,6.283,18.536,9.612,13.286,11.58,8.949,22.821,8.956,3.842,5.298,18.825,6.159,22.071,10.548,7.437,9.98,6.707,9.356,9.769,11.604,6.838,7.051,17.584,5.065,23.814,10.98,8.974,8.413,7.276,6.008,2.144,22.565,3.968,11.782,18.947,5.033,4.939,4.405,5.287,6.708,7.833,4.964,4.864,2.812,6.564,2.774,9.972,11.434,3.915,9.079,2.474,2.861,4.91,5.104,6.971,14.205,4.073
37.481,41.272,32.202,6.883,12.049,35.266,33.943,34.172,37.291,7.192,46.369,37.785,33.266,35.496,39.805,24.927,20.075,39.239,39.015,30.187,28.205,25.124,37.006,27.956,39.125,58.357,39.033,31.838,40.352,6.197,31.897,10000,2.157,11.732,39.191,43.733,30.165,34.418,35.405,36.265,30.208,19.775,33.623,28.519,37.993,22.841,31.467,33.659,26.912,18.595,28.679,31.099,38.266,38.409,44.891,27.615,26.232,38.831,37.793,30.383,29.158,35.007,26.86,20.376,29.23,36.602,23.509,25.614,37.762,27.711,38.623,35.852,25.213,23.44,44.939,37.378,26.696,21.934,46.563,22.129,25.813,30.818,24.426,37.595,36.375,24.577,28.777,24.517,23.249,30.781,36.346,28.387,20.578,29.938,25.293,29.713,25.79,31.034,24.101,27.359,24.938,29.796,30.555,26.586,30.828,26.751,25.015,28.238,26.419,30.326,29.209,27.24,27.479,28.352,29.742,28.239
39.591,43.382,34.312,7.849,14.159,37.376,36.053,35.138,39.401,8.158,48.479,39.895,35.376,37.606,41.915,27.037,22.185,41.349,41.125,32.297,29.829,27.234,39.116,30.066,41.235,60.467,30.403,33.948,42.462,7.163,29.847,2.514,10000,13.842,41.301,45.843,23.192,36.528,37.515,38.375,32.318,21.885,34.589,30.629,40.103,23.807,33.577,34.625,29.022,19.561,30.789,33.209,40.376,40.519,47.001,28.581,28.342,40.941,39.903,32.493,31.268,37.117,28.97,21.342,31.34,38.712,25.619,26.58,39.872,29.821,40.733,37.962,27.323,24.406,33.794,39.488,28.806,24.044,35.418,23.095,27.923,32.928,25.392,39.705,38.485,26.687,30.887,25.483,24.215,28.731,38.456,30.497,21.544,32.048,26.259,31.823,26.756,26.117,25.067,29.469,25.904,31.906,28.419,28.696,32.938,28.861,27.125,30.348,28.529,28.878,31.319,29.35,29.589,30.462,31.852,30.349
26.144,29.935,20.865,18.62,1.199,23.929,22.606,31.73,25.954,18.929,35.032,26.448,21.929,24.159,28.468,13.59,8.738,27.902,27.678,18.85,26.397,13.787,25.669,16.619,27.788,47.02,27.696,20.501,29.015,17.934,20.56,11.736,13.753,10000,27.854,32.396,18.828,23.081,24.068,24.928,18.871,8.438,31.181,17.182,26.656,24.113,20.13,31.217,15.575,20.179,17.342,19.762,26.929,27.072,33.554,24.237,14.895,27.494,26.456,19.046,17.821,23.67,15.523,21.96,17.893,25.265,12.172,24.188,26.425,16.374,27.286,24.515,13.876,23.252,33.602,26.041,15.359,10.597,35.226,22.653,14.476,19.481,23,26.258,25.038,13.24,17.44,23.091,21.823,19.444,25.009,17.05,22.162,18.601,20.911,18.376,19.712,19.697,20.825,16.022,20.886,18.459,19.218,15.249,19.491,15.414,13.678,16.901,15.082,18.989,17.872,15.903,16.142,17.015,18.405,16.902
18.242,25.174,11.009,45.979,28.939,28.953,15.061,34.81,6.326,46.288,34.594,30.481,18.475,29.183,0.613,16.752,23.254,18.436,13.817,23.874,55.841,16.949,29.702,18.776,23.027,42.259,22.935,25.525,9.03,45.293,25.285,39.095,41.112,27.739,10000,27.635,33.344,21.157,29.092,28.961,23.895,21.375,34.261,31.68,3.004,30.733,25.154,34.297,20.8,34.272,13.888,16.308,3.312,6.423,28.793,28.962,17.025,1.187,5.748,23.332,14.736,27.703,17.68,34.015,14.808,3.891,17.397,28.973,21.664,15.025,22.525,4.826,17.513,29.872,28.841,21.28,20.584,18.162,30.465,29.273,19.701,24.505,29.62,1.807,29.071,18.526,16.242,29.711,28.443,24.579,3.224,20.842,34.217,15.147,27.468,22.662,26.84,23.983,29.143,18.152,27.399,19.123,25.247,17.379,23.532,17.544,15.835,21.187,20.307,24.909,25.296,19.264,18.272,19.145,15.32,19.032
31.392,5.029,14.958,26.76,35.004,39.605,21.206,10.499,20.491,27.606,40.51,13.023,24.54,35.248,28.289,22.817,29.319,31.586,32.212,29.939,61.906,23.014,13.901,24.841,6.817,8.447,9.165,31.59,28.836,28.521,10.38,45.16,34.283,33.804,27.675,10000,27.139,27.222,39.744,14.794,29.96,27.44,9.95,37.745,26.477,12.737,31.219,7.223,13.036,16.276,19.953,22.373,26.75,21.609,1.157,11.43,14.381,27.315,20.993,13.216,20.801,13.933,23.745,16.019,16.944,25.086,23.462,9.429,6.418,21.09,5.282,24.336,14.869,11.876,1.205,8.972,26.649,24.227,2.829,11.277,13.995,30.57,9.156,26.079,13.247,15.882,15.769,11.563,10.071,10.809,24.83,12.633,16.221,21.212,12.339,14.081,12.836,12.197,11.147,12.154,11.984,10.607,11.477,14.735,9.762,14.293,21.9,12.58,26.372,11.139,11.526,12.019,11.845,11.292,16.47,10.4
31.676,20.858,26.397,22.729,19.987,29.461,28.138,25.132,31.486,23.575,40.564,24.44,27.461,29.691,34,19.122,11.015,33.434,33.21,24.382,45.185,19.319,23.661,22.151,18.711,31.747,15.303,26.033,34.547,24.49,14.747,30.143,23.061,18.787,33.386,23.319,10000,28.613,29.6,22.92,24.403,13.242,24.583,22.728,32.188,16.531,25.662,24.619,12.555,12.285,22.874,25.294,32.461,32.604,25.145,18.575,20.427,33.026,31.988,11.432,23.353,21.662,21.055,14.066,23.425,30.797,17.704,16.574,17.348,21.906,18.209,30.047,16.617,17.13,23.788,18.757,16.363,14.928,25.412,15.819,14.058,25.013,15.386,31.79,23.03,15.981,16.386,15.477,14.209,13.631,30.541,12.85,14.268,24.133,13.58,11.045,12.381,12.083,13.211,21.554,13.555,15.479,12.854,15.302,15.018,20.946,19.21,11.395,16.086,13.767,12.059,12.793,13.972,15.961,23.937,14.19
5.915,23.397,14.327,40.464,23.424,6.287,8.854,33.033,14.324,40.773,17.39,25.13,6.702,9.2,21.93,13.3,17.739,7.673,8.409,3.891,35.858,13.497,24.351,9.537,21.25,40.482,21.158,1.753,13.669,39.778,23.508,33.58,35.597,22.224,21.316,25.858,27.829,10000,6.426,23.61,4.297,15.86,32.484,16.503,20.118,23.823,3.033,32.52,15.285,27.362,8.403,6.843,20.391,15.442,27.016,27.185,13.577,20.956,14.826,18.756,11.259,22.352,9.627,27.105,11.331,18.727,11.882,27.196,19.887,8.444,20.748,17.977,13.586,22.962,27.064,19.503,15.069,12.647,28.688,22.363,14.186,2.75,22.71,19.72,23.72,12.95,14.465,22.801,21.533,22.802,18.471,16.76,27.307,7.512,20.621,18.086,19.422,19.407,20.535,14.704,20.596,17.141,18.928,13.931,18.173,14.096,12.387,16.611,14.792,23.132,17.582,15.613,14.824,15.697,11.843,15.584
8.347,36.096,27.026,42.165,25.125,1.281,15.174,33.141,27.365,42.474,14.592,27.859,13.022,9.077,29.879,15.001,19.44,9.735,12.296,5.592,30.481,15.198,27.08,12.189,33.949,53.181,33.857,7.44,18.422,41.479,21.971,35.281,37.298,23.925,29.265,38.557,29.53,6.412,10000,26.339,6.949,17.561,32.592,13.669,28.067,25.524,5.919,32.628,16.986,29.063,18.753,13.163,28.34,28.483,39.715,25.648,16.306,28.905,27.867,20.457,19.232,25.081,12.279,28.806,19.304,26.676,13.583,25.599,32.586,17.785,33.447,25.926,15.287,24.663,39.763,32.202,16.77,14.348,41.387,24.064,15.887,6.42,24.411,27.669,26.449,14.651,18.851,24.502,23.234,20.855,26.42,18.461,29.008,13.832,22.322,19.787,21.123,21.108,22.236,17.433,22.297,19.87,20.629,16.66,20.902,16.825,15.089,18.312,16.493,20.4,19.283,17.314,17.553,18.426,19.816,18.313
28.183,10.072,11.902,30.465,25.954,25.968,18.15,22.164,17.435,31.311,37.815,1.773,20.827,26.198,25.594,13.767,20.269,27.873,29.517,20.889,52.856,13.964,0.994,15.517,5.986,23.221,8.644,22.54,26.141,32.226,10.994,36.11,38.127,24.754,24.98,14.793,23.041,25.12,26.107,10000,20.91,18.39,21.615,28.695,23.782,16.442,22.169,21.651,10.967,19.981,16.24,18.66,24.055,18.553,15.951,14.671,11.195,24.62,17.937,14.427,16.719,1.639,14.421,19.724,10.084,22.391,13.505,14.682,9.315,15.272,10.176,21.641,11.683,15.581,15.999,10.724,15.678,15.177,17.623,14.982,11.926,21.52,15.329,23.384,1.493,12.696,9.548,15.42,14.152,10.288,22.135,9.792,19.926,17.499,13.177,13.083,12.549,13.431,14.852,8.968,13.108,7.421,10.956,11.549,8.208,11.107,12.569,12.059,15.401,10.618,11.005,9.95,8.659,8.106,11.86,8.389
8.614,27.404,18.334,38.223,21.183,6.729,12.569,29.199,23.423,38.532,17.832,23.917,10.417,6.959,25.937,11.059,15.498,10.372,12.124,1.65,33.617,11.256,23.138,5.406,25.257,44.489,25.165,2.547,26.484,37.537,18.029,31.339,33.356,19.983,25.323,29.865,25.588,4.297,6.868,22.397,10000,13.619,28.65,14.262,24.125,21.582,2.6,28.686,13.044,25.121,8.013,10.558,24.398,24.541,31.023,21.706,12.364,24.963,23.925,16.515,15.29,21.139,5.496,24.864,15.362,22.734,9.641,21.657,23.894,6.526,24.755,21.984,11.345,20.721,31.071,23.51,12.828,10.406,32.695,20.122,11.945,1.527,20.469,23.727,22.507,10.709,14.909,20.56,19.292,16.913,22.478,14.519,25.066,11.227,18.38,15.845,17.181,17.166,18.294,13.491,18.355,15.928,16.687,12.718,16.96,12.883,11.147,14.37,12.551,16.458,15.341,13.372,13.611,14.484,15.874,14.371
19.754,23.545,14.475,26.68,9.64,17.539,16.216,21.891,19.564,26.989,28.642,20.058,15.539,17.769,22.078,7.2,1.712,21.512,21.288,12.46,34.838,7.397,19.279,10.229,21.398,40.63,21.306,14.111,22.625,25.994,10.721,19.796,21.813,8.44,21.464,26.006,13.286,16.691,17.678,18.538,12.481,10000,21.342,12.381,20.266,14.274,13.74,21.378,5.736,14.637,10.952,13.372,20.539,20.682,27.164,14.398,8.505,21.104,20.066,9.207,11.431,17.28,9.133,16.418,11.503,18.875,3.368,14.349,20.035,9.984,20.896,18.125,7.486,13.413,27.212,19.651,3.906,2.158,28.836,12.814,4.646,13.091,13.161,19.868,18.648,6.85,11.05,13.252,11.984,9.605,18.619,7.211,16.62,12.211,11.072,8.537,9.873,9.858,10.986,9.632,11.047,12.069,9.379,8.859,8.522,9.024,7.288,7.062,4.275,9.15,8.033,6.064,9.752,10.625,12.015,7.461
39.79,11.593,23.356,27.179,32.681,32.695,29.604,1.2,28.889,28.025,48.908,19.587,32.938,32.925,36.687,23.295,22.848,39.984,40.61,27.616,59.583,23.492,20.465,25.045,13.381,18.34,13.916,29.267,37.234,28.94,10.799,33.823,34.702,31.481,36.073,9.892,27.558,35.62,32.834,21.533,27.637,21.626,10000,35.422,34.875,13.156,28.896,4.824,16.211,16.695,28.351,30.771,35.148,30.007,10.695,11.849,20.723,35.713,29.391,13.635,29.199,20.275,23.949,16.438,19.612,33.484,19.619,9.848,12.982,29.488,11.846,32.734,21.211,12.295,9.338,17.37,20.019,20.432,10.962,11.696,17.714,28.247,9.575,34.477,21.643,19.637,19.076,11.982,10.49,12.807,33.228,14.631,16.64,29.61,12.758,14.5,13.255,12.616,11.566,18.496,12.403,15.527,13.475,17.227,13.437,20.635,22.097,14.578,19.742,13.137,13.524,15.573,15.767,17.634,24.868,14.736
20.422,33.879,24.809,35.386,12.308,12.557,26.55,35.674,29.898,35.695,24.567,30.392,25.873,8.877,32.412,17.534,12.682,21.529,24.09,12.584,25.282,17.731,29.613,20.563,31.732,50.964,31.64,14.779,32.959,34.7,24.504,28.502,30.519,17.146,31.798,36.34,22.772,17.359,13.766,28.872,14.288,12.382,35.125,10000,30.6,28.057,14.408,35.161,19.519,24.123,21.286,23.706,30.873,31.016,37.498,28.181,18.839,31.438,30.4,22.99,21.765,27.614,19.467,25.904,21.837,29.209,16.116,28.132,30.369,20.318,31.23,28.459,17.82,27.196,37.546,29.985,19.303,14.908,39.17,26.597,18.42,13.759,26.944,30.202,28.982,17.184,21.384,27.035,25.767,23.388,28.953,20.994,26.106,22.545,24.855,22.32,23.656,23.641,24.769,19.966,24.83,22.403,23.162,19.193,23.435,19.358,17.622,20.845,19.026,22.933,21.816,19.847,20.086,20.959,22.349,20.846
17.158,24.09,9.925,44.895,27.855,27.869,13.977,33.726,5.181,45.204,33.51,29.397,17.391,28.099,3.752,15.668,22.17,17.352,12.733,22.79,54.757,15.865,28.618,17.692,21.943,41.175,21.851,24.441,9.357,44.209,24.201,38.011,40.028,26.655,3.138,26.551,32.26,20.073,28.008,27.877,22.811,20.291,33.177,30.596,10000,29.649,24.07,33.213,19.716,33.188,12.804,15.224,3.031,6.299,27.709,27.878,15.941,2.778,5.683,22.248,13.652,26.619,16.596,32.931,13.724,2.31,16.313,27.889,20.58,13.941,21.441,3.742,16.429,28.788,27.757,20.196,19.5,17.078,29.381,28.189,18.617,23.421,28.536,1.78,27.987,17.442,15.158,28.627,27.359,23.495,2.165,19.758,33.133,14.063,26.384,21.578,25.756,22.899,28.059,17.068,26.315,18.039,24.163,16.295,22.448,16.46,14.751,20.103,19.223,23.825,24.212,18.18,17.188,18.061,14.236,17.948
27.808,14.313,18.198,16.203,25.579,25.593,24.446,13.493,23.731,17.049,43.75,17.895,27.78,25.823,31.529,15.254,16.663,34.826,35.452,20.514,51.053,15.451,17.116,16.596,12.166,21.151,8.758,22.165,32.076,17.964,8.202,22.847,23.726,24.379,30.915,12.703,16.582,24.745,25.732,16.375,20.535,14.524,12.944,28.32,29.717,10000,21.794,12.98,9.109,5.719,23.193,25.613,29.99,24.849,13.506,6.936,12.274,30.555,24.233,5.491,24.041,15.117,15.5,5.462,12.736,28.326,12.517,4.935,10.803,16.351,11.664,27.576,13.171,2.761,12.149,12.212,12.917,13.33,13.773,1.45,10.612,21.145,3.747,29.319,16.485,12.535,12.2,3.838,2.57,7.086,28.07,8.727,5.664,24.452,4.614,6.356,5.111,4.472,3.422,11.62,4.259,9.623,6.774,11.323,8.279,12.186,13.648,7.949,12.64,7.233,7.605,9.347,9.863,10.758,19.71,8.832
6.093,27.444,18.374,38.263,21.223,5.8,11.792,29.239,23.463,38.572,16.903,23.957,9.64,6.999,25.977,11.099,15.538,7.851,10.412,1.69,33.657,11.296,23.178,7.837,25.297,44.529,25.205,2.046,16.607,37.577,18.069,31.379,33.396,20.023,25.363,29.905,25.628,3.03,5.939,22.437,2.597,13.659,28.69,14.302,24.165,21.622,10000,28.726,13.084,25.161,14.851,9.781,24.438,24.581,31.063,21.746,12.404,25.003,23.965,16.555,15.33,21.179,7.927,24.904,15.402,22.774,9.681,21.697,23.934,8.957,24.795,22.024,11.385,20.761,31.111,23.55,12.868,10.446,32.735,20.162,11.985,2.068,20.509,23.767,22.547,10.749,14.949,20.6,19.332,16.953,22.518,14.559,25.106,10.45,18.42,15.885,17.221,17.206,18.334,13.531,18.395,15.968,16.727,12.758,17,12.923,11.187,14.41,12.591,16.498,15.381,13.412,13.651,14.524,15.914,14.411
39.721,11.524,23.287,27.11,32.612,32.626,29.535,3.604,28.82,27.956,48.839,19.518,32.869,32.856,36.618,23.226,22.779,39.915,40.541,27.547,59.514,23.423,20.396,24.976,13.312,12.476,13.847,29.198,37.165,28.871,10.73,33.754,34.633,31.412,36.004,9.823,27.489,35.551,32.765,21.464,27.568,21.557,4.798,35.353,34.806,13.087,28.827,10000,16.142,16.626,28.282,30.702,35.079,29.938,6.663,11.78,20.654,35.644,29.322,13.566,29.13,20.206,23.88,16.369,19.543,33.415,19.55,9.779,12.913,29.419,11.777,32.665,21.142,12.226,9.269,17.301,19.95,20.363,6.4,11.627,17.645,28.178,9.506,34.408,21.574,19.568,19.007,11.913,10.421,12.738,33.159,14.562,16.571,29.541,12.689,14.431,13.186,12.547,11.497,18.427,12.334,15.458,13.406,17.158,13.368,20.566,22.028,14.509,19.673,13.068,13.455,15.504,15.698,17.565,24.799,14.667
19.099,11.663,7.217,23.128,16.87,16.884,15.561,16.722,18.909,23.974,27.987,12.566,14.884,17.114,21.423,6.545,7.037,20.857,20.633,11.805,43.772,6.742,11.787,9.574,9.516,22.552,6.108,13.456,21.97,24.889,5.552,27.026,29.043,15.67,20.809,14.124,12.652,16.036,17.023,11.046,11.826,5.815,16.173,19.611,19.611,9.105,13.085,16.209,10000,12.644,10.297,12.717,19.884,20.027,15.282,9.229,5.94,20.449,19.411,4.038,10.776,9.788,8.478,12.387,5.39,18.22,3.808,9.18,8.153,9.329,9.014,17.47,4.462,8.244,15.378,9.562,4.208,4.621,17.002,7.645,1.903,12.436,7.992,19.213,11.156,3.826,4.865,8.083,6.815,4.436,17.964,2.411,12.589,11.556,5.903,3.368,4.704,4.689,5.817,4.274,5.878,4.191,4.21,3.781,3.73,6.459,6.633,1.515,3.931,4.572,2.864,1.272,2.451,4.44,6.74,2.669
31.56,18.065,21.95,12.152,21.584,29.345,28.198,17.245,27.483,12.998,47.502,21.647,31.532,29.575,35.281,19.006,12.612,38.578,39.204,24.266,47.002,19.203,20.868,20.348,15.918,24.903,12.51,25.917,35.828,13.913,11.954,18.796,19.675,20.384,34.667,16.455,12.531,28.497,29.484,20.127,24.287,14.839,16.696,24.325,33.469,5.914,25.546,16.732,12.861,10000,26.945,29.365,33.742,28.601,17.258,10.688,16.026,34.307,27.985,9.243,27.793,18.869,19.252,3.449,16.488,32.078,16.269,8.687,14.555,20.103,15.416,31.328,16.923,6.513,15.901,15.964,16.669,16.525,17.525,5.202,14.364,24.897,7.499,33.071,20.237,16.287,15.952,7.59,6.322,10.838,31.822,12.479,3.651,28.204,8.366,10.108,8.863,8.224,7.174,15.372,8.011,13.375,10.526,15.075,12.031,15.938,17.4,11.701,16.392,10.985,11.357,13.099,13.615,14.51,23.462,12.584
12.573,16.128,7.058,35.262,18.222,18.236,7.873,25.764,12.147,35.571,27.031,17.861,5.721,18.466,14.661,6.035,12.537,12.767,11.47,13.157,45.124,6.232,17.082,3.384,13.981,33.213,13.889,9.574,15.208,34.576,16.239,28.378,30.395,17.022,14.047,18.589,22.627,8.403,18.375,16.341,13.178,10.658,25.215,20.963,12.849,21.687,14.437,25.251,10.083,25.226,10000,3.554,13.122,13.265,19.747,19.916,6.308,13.687,12.649,12.615,3.99,15.083,2.929,24.969,4.062,11.458,6.68,19.927,12.618,2.271,13.479,10.708,6.796,20.826,19.795,12.234,9.867,7.445,21.419,20.227,8.984,13.788,20.574,12.451,16.451,7.809,7.196,20.665,19.397,15.533,11.202,10.125,25.171,2.393,18.422,11.945,13.281,13.266,20.097,7.435,18.353,9.872,16.201,6.662,10.904,6.827,5.118,10.47,9.59,15.863,11.441,8.547,7.555,8.428,4.574,8.315
11.058,18.593,9.523,37.727,20.687,13.083,6.358,28.229,14.612,38.036,29.496,20.326,2.301,15.506,17.126,8.5,15.002,11.252,9.955,10.197,42.164,8.697,19.547,4.753,16.446,35.678,16.354,8.059,12.363,37.041,18.704,30.843,32.86,19.487,16.512,21.054,25.092,6.888,13.222,18.806,10.603,13.123,27.68,23.428,15.314,24.152,9.829,27.716,12.548,27.691,3.599,10000,15.587,15.73,22.212,22.381,8.773,16.152,15.114,15.08,6.455,17.548,4.298,27.434,6.527,13.923,9.145,22.392,15.083,3.64,15.944,13.173,9.261,23.291,22.26,14.699,12.332,9.91,23.884,22.692,11.449,9.056,23.039,14.916,18.916,10.274,9.661,23.13,21.862,17.998,13.667,12.59,27.636,2.708,20.887,14.41,15.746,15.731,22.562,9.9,20.818,12.337,18.666,9.127,13.369,9.292,7.583,12.935,12.055,18.328,13.906,11.012,10.02,10.893,7.039,10.78
17.526,24.458,8.335,45.263,28.223,28.237,12.387,34.094,2.96,45.572,33.878,29.765,11.706,28.467,4.023,16.036,22.538,17.72,13.101,23.158,55.125,16.233,28.986,18.06,22.311,41.543,22.219,24.809,9.725,44.577,24.569,38.379,40.396,27.023,3.409,26.919,32.628,20.441,28.376,28.245,23.179,20.659,33.545,30.964,3.04,30.017,24.438,33.581,20.084,33.556,13.172,15.592,10000,3.057,28.077,28.246,16.309,3.049,2.382,22.616,14.02,26.987,16.964,33.299,14.092,3.871,16.681,28.257,20.948,14.309,21.809,4.11,16.797,29.156,28.125,20.564,19.868,17.446,29.749,28.557,18.985,23.789,28.904,1.813,28.355,17.81,10.772,28.995,27.727,23.863,2.508,20.126,33.501,14.431,26.752,21.946,26.124,23.267,28.427,17.436,26.683,13.653,24.531,16.663,22.816,16.828,15.119,20.471,19.591,24.193,24.58,18.548,17.556,18.429,14.604,18.316
17.719,18.659,7.01,38.241,28.416,28.43,11.062,28.295,1.635,39.087,34.071,23.966,10.322,28.66,7.156,16.229,22.731,17.913,13.294,23.351,55.318,16.426,23.187,18.253,16.512,35.744,16.42,16.61,9.859,44.77,18.77,38.572,40.589,27.216,6.542,21.12,32.821,15.439,28.569,22.446,23.372,20.852,27.746,31.157,6.231,24.218,24.631,27.782,20.277,27.757,13.365,15.785,3.062,10000,22.278,22.447,16.502,6.182,1.057,16.958,14.213,21.188,17.157,27.5,10.622,4.84,16.874,22.458,15.149,14.502,16.01,3.235,16.99,23.357,22.326,14.765,20.061,17.639,23.95,22.758,19.178,23.982,23.105,4.876,22.556,18.003,9.447,23.196,21.928,18.064,4.584,14.61,27.702,14.624,20.953,16.288,20.325,21.207,22.628,10.529,20.884,12.328,18.732,16.856,17.017,17.021,15.312,14.813,19.784,18.394,18.781,12.89,11.475,10.887,10.148,13.207
33.631,7.268,17.197,27.563,37.243,41.844,23.445,11.302,22.73,28.409,42.749,15.262,26.779,37.487,30.528,25.056,31.558,33.825,34.451,32.178,64.145,25.253,16.14,27.08,9.056,7.702,11.404,33.829,31.075,29.324,11.183,47.399,35.086,36.043,29.914,1.157,27.942,29.461,41.983,17.033,32.199,29.679,10.753,39.984,28.716,13.54,33.458,6.682,15.275,17.079,22.192,24.612,28.989,23.848,10000,12.233,16.62,29.554,23.232,14.019,23.04,16.172,25.984,16.822,19.183,27.325,25.701,10.232,8.657,23.329,7.521,26.575,17.108,12.679,2.008,11.211,28.888,26.466,3.632,12.08,16.234,32.809,9.959,28.318,15.486,18.121,18.008,12.366,10.874,13.048,27.069,14.872,17.024,23.451,13.142,14.884,13.639,13,11.95,14.393,12.787,12.846,13.716,16.974,12.001,16.532,24.139,14.819,28.611,13.378,13.765,14.258,14.084,13.531,18.709,12.639
32.787,12.468,16.353,20.997,25.678,25.692,22.601,12.058,21.886,21.843,41.905,16.05,25.935,25.922,29.684,16.292,15.845,32.981,33.607,20.613,52.58,16.489,15.271,18.042,10.321,19.716,6.913,22.264,30.231,22.758,3.796,27.641,28.52,24.478,29.07,11.268,21.376,28.617,25.831,14.53,20.634,14.623,11.509,28.419,27.872,6.974,21.893,11.545,9.208,10.513,21.348,23.768,28.145,23.004,12.071,10000,13.72,28.71,22.388,7.453,22.196,13.272,16.946,10.256,12.609,26.481,12.616,2.126,8.958,22.485,9.819,25.731,14.208,6.113,10.714,10.367,13.016,13.429,12.338,5.514,10.711,21.244,3.393,27.474,14.64,12.634,12.073,5.8,4.308,5.804,26.225,7.628,10.458,22.607,6.576,8.318,7.073,6.434,5.384,11.493,6.221,8.524,6.472,10.224,6.434,13.632,15.094,7.575,12.739,6.134,6.521,8.57,8.764,10.631,17.865,7.733
18.502,14.845,5.804,33.313,16.273,16.287,11.823,20.91,15.171,33.622,30.055,12.46,11.146,16.517,17.685,4.086,10.588,18.192,16.895,11.208,43.175,4.283,11.681,5.836,12.698,31.93,7.39,12.859,18.232,32.627,9.74,26.429,28.446,15.073,17.071,17.306,15.828,15.439,16.426,10.94,11.229,8.709,20.361,19.014,15.873,11.53,12.488,20.397,4.163,15.069,6.559,8.979,16.146,16.289,18.464,13.417,10000,16.711,15.673,7.214,7.038,9.682,4.74,14.812,3.15,14.482,3.824,13.428,11.335,5.591,12.196,13.732,2.002,10.669,18.512,10.951,5.997,5.496,20.136,10.07,5.114,11.839,10.417,15.475,11.05,3.015,3.452,10.508,9.24,5.634,14.226,4.724,15.014,7.818,8.265,6.544,7.88,7.865,8.993,2.034,8.196,4.471,6.031,1.261,5.503,1.426,2.888,5.069,5.72,5.183,6.04,3.146,2.154,3.027,4.5,2.914
17.944,24.876,10.711,45.681,28.641,28.655,14.763,34.512,6.028,45.99,34.296,30.183,18.177,28.885,1.863,16.454,22.956,18.138,13.519,23.576,55.543,16.651,29.404,18.478,22.729,41.961,22.637,25.227,10.143,44.995,24.987,38.797,40.814,27.441,1.249,27.337,33.046,20.859,28.794,28.663,23.597,21.077,33.963,31.382,2.706,30.435,24.856,33.999,20.502,33.974,13.59,16.01,3.014,6.125,28.495,28.664,16.727,10000,5.45,23.034,14.438,27.405,17.382,33.717,14.51,3.593,17.099,28.675,21.366,14.727,22.227,4.528,17.215,29.574,28.543,20.982,20.286,17.864,30.167,28.975,19.403,24.207,29.322,1.509,28.773,18.228,15.944,29.413,28.145,24.281,2.926,20.544,33.919,14.849,27.17,22.364,26.542,23.685,28.845,17.854,27.101,18.825,24.949,17.081,23.234,17.246,15.537,20.889,20.009,24.611,24.998,18.966,17.974,18.847,15.022,18.734
17.044,17.984,6.335,37.566,27.741,27.755,10.387,27.62,0.96,38.412,33.396,23.291,9.706,27.985,6.481,15.554,22.056,17.238,12.619,22.676,54.643,15.751,22.512,17.578,15.837,35.069,15.745,15.994,9.243,44.095,18.095,37.897,39.914,26.541,5.867,20.445,32.146,14.823,27.894,21.771,22.697,20.177,27.071,30.482,5.615,23.543,23.956,27.107,19.602,27.082,12.69,15.11,2.387,1.057,21.603,21.772,15.827,5.507,10000,16.283,13.538,20.513,16.482,26.825,9.947,4.224,16.199,21.783,14.474,13.827,15.335,2.56,16.315,22.682,21.651,14.09,19.386,16.964,23.275,22.083,18.503,23.307,22.43,4.201,21.881,17.328,8.772,22.521,21.253,17.389,3.968,13.935,27.027,13.949,20.278,15.613,19.65,20.532,21.953,9.854,20.209,11.653,18.057,16.181,16.342,16.346,14.637,14.138,19.109,17.719,18.106,12.215,10.8,10.212,9.473,12.532
22.687,12.291,10.171,19.446,20.458,20.472,19.149,14.056,15.704,20.292,31.575,15.873,18.472,20.702,25.011,10.133,10.625,24.445,24.221,15.393,47.36,10.33,15.094,13.162,10.144,21.714,6.736,17.044,25.558,21.207,6.18,30.614,26.969,19.258,24.397,13.266,11.479,19.624,20.611,14.353,15.414,9.403,13.507,23.199,23.199,5.423,16.673,13.543,3.988,8.962,13.885,16.305,23.472,16.822,14.069,7.499,7.686,24.037,16.206,10000,14.364,13.095,12.066,8.705,8.344,21.808,7.396,5.498,8.781,12.917,9.642,21.058,8.05,4.562,12.712,10.19,7.796,8.209,14.336,3.963,5.491,16.024,4.31,22.801,14.463,7.414,7.819,4.401,3.133,5.064,21.552,4.283,8.907,15.144,5.177,2.478,2.33,1.007,2.135,7.228,4.122,6.912,3.421,6.735,6.451,7.598,10.221,2.828,7.519,5.2,3.492,4.226,5.405,7.394,9.694,5.623
15.443,16.621,7.551,36.124,19.084,19.098,9.003,26.257,12.64,36.433,27.524,21.928,8.591,19.328,15.154,6.897,13.399,15.637,14.34,14.019,45.986,7.094,21.149,8.921,14.474,33.706,14.382,12.444,15.701,35.438,16.732,29.24,31.257,17.884,14.54,19.082,23.489,11.273,19.237,20.408,14.04,11.52,25.708,21.825,13.342,22.18,15.299,25.744,10.945,25.719,4.004,6.424,13.615,13.758,20.24,20.409,7.17,14.18,13.142,13.477,10000,19.15,7.825,25.462,4.29,11.951,7.542,20.42,13.111,5.141,13.972,11.201,7.658,21.319,20.288,12.727,10.729,8.307,21.912,20.72,9.846,14.65,21.067,12.944,20.518,8.671,6.04,21.158,19.89,16.026,11.695,10.987,25.664,5.263,18.915,12.807,18.287,14.128,20.59,5.336,18.846,7.945,16.694,7.524,14.979,7.689,5.98,11.332,10.452,16.356,12.303,9.409,8.417,6.501,4.802,9.177
26.922,11.564,10.641,29.204,24.693,24.707,16.889,20.903,16.174,30.05,36.554,3.156,19.566,24.937,24.333,12.506,19.008,26.612,28.256,19.628,51.595,12.703,2.377,14.256,4.725,22.453,7.383,21.279,24.88,30.965,9.733,34.849,36.866,23.493,23.719,14.025,21.78,23.859,24.846,1.636,19.649,17.129,20.354,27.434,22.521,15.181,20.908,20.39,9.706,18.72,14.979,17.399,22.794,17.292,15.183,13.41,9.934,23.359,16.676,13.166,15.458,10000,13.16,18.463,8.823,21.13,12.244,13.421,8.054,14.011,8.915,20.38,10.422,14.32,15.231,9.463,14.417,13.916,16.855,13.721,10.665,20.259,14.068,22.123,1.746,11.435,8.287,14.159,12.891,9.027,20.874,8.531,18.665,16.238,11.916,11.822,11.288,12.17,13.591,7.707,11.847,6.16,9.695,10.288,6.947,9.846,11.308,10.798,14.14,9.357,9.744,8.689,7.398,6.845,10.599,7.128
13.945,19.646,10.576,33.533,16.493,12.06,9.204,29.282,15.665,33.842,30.549,16.132,7.052,12.29,18.179,3.228,10.808,14.098,12.801,6.981,38.948,4.075,15.353,1.105,17.499,36.731,17.407,7.878,18.726,32.847,19.757,26.649,28.666,15.293,17.565,22.107,20.898,9.628,12.199,14.612,5.497,8.929,28.733,19.234,16.367,15.202,7.931,28.769,8.354,18.741,3.561,4.885,16.64,16.783,23.265,23.434,4.579,17.205,16.167,10.886,7.532,13.354,10000,18.484,7.604,14.976,4.951,23.445,16.136,2.074,16.997,14.226,5.067,14.341,23.313,15.752,8.138,5.716,24.937,13.742,7.255,6.858,14.089,15.969,14.722,6.08,7.124,14.18,12.912,9.306,14.72,8.396,18.686,3.724,11.937,10.216,11.552,11.537,12.665,5.706,11.868,8.143,9.703,4.933,9.175,5.098,3.389,8.741,7.861,8.855,9.712,6.818,5.826,6.699,8.116,6.586
31.049,17.554,21.439,13.779,23.211,28.834,27.687,16.734,26.972,14.625,46.991,21.136,31.021,29.064,34.77,18.495,14.239,38.067,38.693,23.755,48.629,18.692,20.357,19.837,15.407,24.392,11.999,25.406,35.317,15.54,11.443,20.423,21.302,22.011,34.156,15.944,14.158,27.986,28.973,19.616,23.776,16.466,16.185,25.952,32.958,5.403,25.035,16.221,12.35,3.295,26.434,28.854,33.231,28.09,16.747,10.177,15.515,33.796,27.474,8.732,27.282,18.358,18.741,10000,15.977,31.567,15.758,8.176,14.044,19.592,14.905,30.817,16.412,6.002,15.39,15.453,16.158,16.571,17.014,4.691,13.853,24.386,6.988,32.56,19.726,15.776,15.441,7.079,5.811,10.327,31.311,11.968,0.856,27.693,7.855,9.597,8.352,7.713,6.663,14.861,7.5,12.864,10.015,14.564,11.52,15.427,16.889,11.19,15.881,10.474,10.846,12.588,13.104,13.999,22.951,12.073
15.482,13.028,3.987,35.287,18.247,18.261,9.042,20.155,12.679,35.596,27.563,11.705,8.63,18.491,15.193,4.231,12.562,15.676,14.379,13.182,45.149,5.078,10.926,7.81,10.881,30.113,6.635,12.483,15.74,34.601,8.985,28.403,30.42,17.047,14.579,15.489,22.652,11.312,18.4,10.185,13.203,10.683,19.606,20.988,13.381,12.713,14.462,19.642,5.292,16.252,4.043,6.463,13.654,13.797,16.647,12.662,3.488,14.219,13.181,8.343,4.275,8.927,6.714,15.995,10000,11.99,5.798,12.673,9.518,5.18,10.379,11.24,3.976,11.852,16.695,9.134,7.971,7.47,18.319,11.253,7.088,13.813,11.6,12.983,10.295,4.989,1.811,11.691,10.423,8.279,11.734,5.995,16.197,5.302,9.448,7.673,8.125,8.994,11.123,1.107,9.379,3.716,7.214,3.842,4.748,3.4,2.445,6.198,7.694,6.366,7.169,4.275,2.86,2.272,1.411,4.592
15.752,22.684,8.519,43.489,26.449,26.463,12.571,32.32,3.775,43.798,32.104,27.991,15.985,26.693,5.344,14.262,20.764,15.946,11.327,21.384,53.351,14.459,27.212,16.286,20.537,39.769,20.445,23.035,7.951,42.803,22.795,36.605,38.622,25.249,4.73,25.145,30.854,18.667,26.602,26.471,21.405,18.885,31.771,29.19,2.295,28.243,22.664,31.807,18.31,31.782,11.398,13.818,3.805,4.893,26.303,26.472,14.535,4.37,4.277,20.842,12.246,25.213,15.19,31.525,12.318,10000,14.907,26.483,19.174,12.535,20.035,2.336,15.023,27.382,26.351,18.79,18.094,15.672,27.975,26.783,17.211,22.015,27.13,3.134,26.581,16.036,13.752,27.221,25.953,22.089,1.885,18.352,31.727,12.657,24.978,20.172,24.35,21.493,26.653,15.662,24.909,16.633,22.757,14.889,21.042,15.054,13.345,18.697,17.817,22.419,22.806,16.774,15.782,16.655,12.83,16.542
15.676,19.467,10.397,30.487,13.447,13.461,12.138,19.991,15.486,30.796,24.564,15.98,11.461,13.691,18,3.122,4.597,17.434,17.21,8.382,40.349,3.319,15.201,6.151,17.32,36.552,17.228,10.033,18.547,29.801,8.821,23.603,25.62,12.247,17.386,21.928,17.852,12.613,13.6,14.46,8.403,3.357,19.442,16.188,16.188,12.374,9.662,19.478,3.836,15.913,6.874,9.294,16.461,16.604,23.086,12.498,4.427,17.026,15.988,7.307,7.353,13.202,5.055,15.656,7.425,14.797,10000,12.449,15.957,5.906,16.818,14.047,2.137,11.513,23.134,15.573,3.62,1.198,24.758,10.914,2.737,9.013,11.261,15.79,14.57,1.501,6.972,11.352,10.084,7.705,14.541,5.311,15.858,8.133,9.172,6.637,7.973,7.958,9.086,5.554,9.147,7.991,7.479,4.781,6.622,4.946,3.21,5.162,3.343,7.25,6.133,4.164,5.674,6.547,7.937,5.561
27.824,11.189,16.419,19.051,25.595,25.609,22.667,10.278,21.952,19.897,41.971,16.116,26.001,25.839,29.75,15.27,15.762,33.047,33.673,20.53,52.497,15.467,15.337,18.108,10.387,17.936,6.979,22.181,30.297,20.812,3.862,25.695,26.574,24.395,29.136,9.488,19.43,24.761,25.748,14.596,20.551,14.54,9.729,28.336,27.938,5.028,21.81,9.765,9.125,8.567,21.414,23.834,28.211,23.07,10.291,2.181,13.786,28.776,22.454,5.507,22.262,13.338,17.012,8.31,12.675,26.547,12.533,10000,9.024,22.551,9.885,25.797,13.187,4.167,8.934,10.433,12.933,13.346,10.558,3.568,10.628,21.161,1.447,27.54,14.706,12.551,12.139,3.854,2.362,5.87,26.291,8.743,8.512,22.673,4.63,6.372,5.127,4.488,3.438,11.559,4.275,9.639,6.79,11.339,6.5,13.698,15.16,7.965,12.656,7.249,6.587,9.363,9.879,10.697,17.931,8.848
25.449,4.007,9.015,25.043,29.061,33.662,15.263,13.643,14.548,25.889,34.567,10.768,18.597,29.305,22.346,16.874,23.376,25.643,26.269,23.996,55.963,17.071,9.989,18.898,1.363,14.896,3.222,25.647,22.893,26.804,5.572,39.217,41.234,27.861,21.732,6.468,17.619,21.279,33.801,9.248,24.017,21.497,13.094,31.802,20.534,11.02,25.276,13.13,7.093,14.559,14.01,16.43,20.807,15.666,7.626,9.249,8.438,21.372,15.05,9.005,14.858,7.99,17.802,14.302,11.001,19.143,17.519,9.26,10000,15.147,1.358,18.393,8.926,10.159,7.674,3.029,20.706,18.284,9.298,9.56,8.052,24.627,9.907,20.136,9.358,9.939,9.826,9.998,8.73,4.866,18.887,6.69,14.504,15.269,7.755,7.661,7.127,8.009,9.43,6.211,7.686,4.664,5.534,8.792,3.819,8.35,15.957,6.637,20.429,5.196,5.583,6.076,5.902,5.349,10.527,4.457
12.614,17.265,8.195,34.383,17.343,17.357,7.914,26.901,13.284,34.692,28.168,16.982,5.762,17.587,15.798,4.078,11.658,12.808,11.511,12.278,44.245,4.925,16.203,1.897,15.118,34.35,15.026,9.615,16.345,33.697,17.376,27.499,29.516,16.143,15.184,19.726,21.748,8.444,17.496,15.462,6.526,9.779,26.352,20.084,13.986,22.824,8.96,26.388,9.204,26.363,2.271,3.595,14.259,14.402,20.884,21.053,5.429,14.824,13.786,11.736,5.127,14.204,1.442,26.106,5.199,12.595,5.801,21.064,13.755,10000,14.616,11.845,5.917,21.963,20.932,13.371,8.988,6.566,22.556,21.364,8.105,7.887,21.711,13.588,15.572,6.93,7.974,21.802,20.534,16.67,12.339,9.246,26.308,2.434,19.559,11.066,12.402,12.387,13.515,6.556,19.49,8.993,17.338,5.783,10.025,5.948,4.239,9.591,8.711,9.705,10.562,7.668,6.676,7.549,5.711,7.436
26.109,3.616,9.675,25.703,29.721,34.322,15.923,13.252,15.208,26.549,35.227,11.61,19.257,29.965,23.006,17.534,24.036,26.303,26.929,24.656,56.623,17.731,10.649,19.558,2.498,14.505,3.882,26.307,23.553,27.464,6.232,39.877,41.894,28.521,22.392,6.077,18.279,21.939,34.461,9.908,24.677,22.157,12.703,32.462,21.194,11.68,25.936,12.739,7.753,15.219,14.67,17.09,21.467,16.326,7.235,9.909,9.098,22.032,15.71,9.665,15.518,8.65,18.462,14.962,11.661,19.803,18.179,9.92,1.135,15.807,10000,19.053,9.586,10.819,7.283,3.689,21.366,18.944,8.907,10.22,8.712,25.287,10.567,20.796,10.018,10.599,10.486,10.658,9.39,5.526,19.547,7.35,15.164,15.929,8.415,8.321,7.787,8.669,10.09,6.871,8.346,5.324,6.194,9.452,4.479,9.01,16.617,7.297,21.089,5.856,6.243,6.736,6.562,6.009,11.187,5.117
15.059,21.991,6.758,42.796,25.756,25.77,10.81,31.627,2.014,43.105,31.411,27.298,10.093,26,5.442,13.569,20.071,15.253,10.634,20.691,52.658,13.766,26.519,15.593,19.844,39.076,19.752,22.342,7.258,42.11,22.102,35.912,37.929,24.556,4.828,24.452,30.161,17.974,25.909,25.778,20.712,18.192,31.078,28.497,3.63,27.55,21.971,31.114,17.617,31.089,10.705,13.125,3.903,3.132,25.61,25.779,13.842,4.468,2.516,20.149,11.553,24.52,14.497,30.832,11.625,2.239,14.214,25.79,18.481,11.842,19.342,10000,14.33,26.689,25.658,18.097,17.401,14.979,27.282,26.09,16.518,21.322,26.437,3.232,25.888,15.343,13.059,26.528,25.26,21.396,1.983,17.659,31.034,11.964,24.285,19.479,23.657,20.8,25.96,14.969,24.216,15.94,22.064,14.196,20.349,14.361,12.652,18.004,17.124,21.726,22.113,16.081,15.089,15.962,12.137,15.849
17.362,15.649,6.608,32.173,15.133,15.147,12.627,21.714,15.975,32.482,30.859,13.264,11.95,15.377,18.489,3.573,9.448,18.996,17.699,10.068,42.035,3.77,12.485,6.64,13.502,32.734,8.194,11.719,19.036,31.487,10.544,25.289,27.306,13.933,17.875,18.11,16.545,14.299,15.286,11.744,10.089,5.043,21.165,17.874,16.677,12.998,11.348,21.201,4.46,16.537,7.363,9.783,16.95,17.093,19.268,14.221,1.711,17.515,16.477,7.931,7.842,10.486,5.544,16.28,3.954,15.286,2.071,14.232,12.139,6.395,13,14.536,10000,12.137,19.316,11.755,4.244,2.884,20.94,11.538,3.361,10.699,11.885,16.279,11.854,1.262,4.256,11.976,10.708,6.438,15.03,5.935,16.482,8.622,9.796,7.261,8.597,8.582,9.71,2.838,9.771,5.275,8.103,2.065,6.307,2.23,3.692,5.786,3.967,5.987,6.757,4.788,2.958,3.831,5.304,3.718
26.998,13.503,17.388,16.737,24.769,24.783,23.636,12.683,22.921,17.583,42.94,17.085,26.97,25.013,30.719,14.444,17.197,34.016,34.642,19.704,51.671,14.641,16.306,15.786,11.356,20.341,7.948,21.355,31.266,18.498,7.392,23.381,24.26,23.569,30.105,11.893,17.116,23.935,24.922,15.565,19.725,13.714,12.134,27.51,28.907,2.714,20.984,12.17,8.299,6.253,22.383,24.803,29.18,24.039,12.696,6.126,11.464,29.745,23.423,4.681,23.231,14.307,14.69,5.996,11.926,27.516,11.707,4.125,9.993,15.541,10.854,26.766,12.361,10000,11.339,11.402,12.107,12.52,12.963,1.254,9.802,20.335,2.937,28.509,15.675,11.725,11.39,3.028,1.76,6.276,27.26,7.917,6.198,23.642,3.804,5.546,4.301,3.662,2.612,10.81,3.449,8.813,5.964,10.513,7.469,11.376,12.838,7.139,11.83,6.423,6.795,8.537,9.053,9.948,18.9,8.022
32.607,6.244,16.173,26.215,36.219,40.82,22.421,9.954,21.706,27.061,41.725,14.238,25.755,36.463,29.504,24.032,30.534,32.801,33.427,31.154,63.121,24.229,15.116,26.056,8.032,9.662,10.38,32.805,30.051,27.976,9.835,32.859,33.738,35.019,28.89,1.214,26.594,28.437,40.959,16.009,31.175,28.655,9.405,38.96,27.692,12.192,32.434,9.441,15.247,15.731,21.168,23.588,27.965,22.824,2.017,10.885,15.596,28.53,22.208,12.671,22.016,15.148,24.96,15.474,18.159,26.301,24.677,8.884,7.633,22.305,6.497,25.551,16.084,11.331,10000,10.187,19.055,25.442,1.74,10.732,16.75,31.785,8.611,27.294,14.462,17.097,16.984,11.018,9.526,11.843,26.045,13.667,15.676,22.427,11.794,13.536,12.291,11.652,10.602,13.369,11.439,11.822,12.511,15.95,12.473,15.508,23.115,13.614,18.778,12.173,12.56,14.609,13.06,12.507,17.685,11.615
57.261,32.831,40.827,59.437,60.873,65.474,47.075,35.235,46.36,60.283,66.379,40.825,50.409,61.117,54.158,48.686,55.188,57.455,58.081,55.808,87.775,48.883,44.383,50.71,37.708,20.978,37.616,57.459,54.705,61.198,39.966,71.029,73.046,59.673,53.544,27.997,52.013,53.091,65.613,43.642,55.829,53.309,37.593,63.614,52.346,45.414,57.088,31.891,41.487,48.953,45.822,48.242,52.619,47.478,27.031,43.643,48.959,53.184,46.862,43.399,46.67,42.384,49.614,48.696,42.813,50.955,49.331,43.654,36.345,46.959,37.206,50.205,49.447,44.553,28.848,10000,52.518,50.096,30.472,43.954,51.635,56.439,36.799,51.948,43.752,50.46,41.638,44.392,43.124,39.26,50.699,41.084,48.898,47.081,42.149,42.055,41.521,42.403,43.824,42.72,42.08,39.058,39.928,49.313,38.213,49.478,47.769,41.031,52.241,39.59,39.977,40.47,43.666,39.743,42.339,38.851
18.977,22.768,10.715,26.709,16.748,16.762,15.439,20.303,18.787,34.097,27.865,17.371,14.762,16.992,21.301,6.423,5.128,20.735,20.511,11.683,43.65,6.62,16.592,9.452,20.621,39.853,9.689,13.334,21.848,33.102,9.133,26.904,28.921,15.548,20.687,25.229,16.233,15.914,16.901,15.851,11.704,3.906,19.754,19.489,19.489,12.686,12.963,19.79,4.148,16.225,10.175,12.595,19.762,19.905,26.387,12.81,5.818,20.327,19.289,7.619,10.654,14.593,8.356,15.968,8.061,18.098,3.686,12.761,19.258,9.207,20.119,17.348,4.34,11.825,18.959,18.874,10000,4.499,20.583,11.226,3.049,12.314,11.573,19.091,15.961,3.704,8.363,11.664,10.396,8.017,17.842,5.623,16.17,11.434,9.484,6.949,8.285,8.27,9.398,6.945,9.459,9.382,7.791,6.172,6.934,6.337,6.511,5.474,2.033,7.562,6.445,4.476,5.655,7.938,11.238,5.873
16.5,20.291,11.221,28.839,11.799,14.285,12.962,20.767,16.31,29.148,25.388,16.804,12.285,14.515,18.824,3.946,3.398,18.258,18.034,9.206,36.997,4.143,16.025,6.975,18.144,37.376,10.153,10.857,19.371,28.153,9.597,21.955,23.972,10.599,18.21,22.752,14.972,13.437,14.424,15.284,9.227,2.158,20.218,14.54,17.012,13.15,10.486,20.254,4.612,16.689,7.698,10.118,17.285,17.428,23.91,13.274,5.251,17.85,16.812,8.083,8.177,14.026,5.879,16.432,8.249,15.621,1.209,13.225,16.781,6.73,17.642,14.871,2.913,12.289,23.958,16.397,4.396,10000,25.582,11.69,3.513,9.837,12.037,16.614,15.394,2.277,7.796,12.128,10.86,8.481,15.365,6.087,16.634,8.957,9.948,7.413,8.749,8.734,9.862,6.378,9.923,8.815,8.255,5.605,7.398,5.77,4.034,5.938,4.119,8.026,6.909,4.94,6.498,7.371,8.761,6.337
34.21,7.847,17.776,27.818,37.822,42.423,24.024,11.557,23.309,28.664,43.328,15.841,27.358,38.066,31.107,25.635,32.137,34.404,35.03,32.757,64.724,25.832,16.719,27.659,9.635,11.265,11.983,34.408,31.654,29.579,11.438,34.462,35.341,36.622,30.493,2.817,28.197,30.04,42.562,17.612,32.778,30.258,11.008,40.563,29.295,13.795,34.037,6.407,16.85,17.334,22.771,25.191,29.568,24.427,3.62,12.488,17.199,30.133,23.811,14.274,23.619,16.751,26.563,17.077,19.762,27.904,26.28,10.487,9.236,23.908,8.1,27.154,17.687,12.934,1.719,11.79,20.658,27.045,10000,12.335,18.353,33.388,10.214,28.897,16.065,18.7,18.587,12.621,11.129,13.446,27.648,15.27,17.279,24.03,13.397,15.139,13.894,13.255,12.205,14.972,13.042,13.425,14.114,17.553,14.076,17.111,24.718,15.217,20.381,13.776,14.163,16.212,14.663,14.11,19.288,13.218
26.357,12.862,16.747,15.482,24.128,24.142,22.995,12.042,22.28,16.328,42.299,16.444,26.329,24.372,30.078,13.803,15.942,33.375,34.001,19.063,50.332,14,15.665,15.145,10.715,19.7,7.307,20.714,30.625,17.243,6.751,22.126,23.005,22.928,29.464,11.252,15.861,23.294,24.281,14.924,19.084,13.073,11.493,26.869,28.266,1.459,20.343,11.529,7.658,4.998,21.742,24.162,28.539,23.398,12.055,5.485,10.823,29.104,22.782,4.04,22.59,13.666,14.049,4.741,11.285,26.875,11.066,3.484,9.352,14.9,10.213,26.125,11.72,1.31,10.698,10.761,11.466,11.879,12.322,10000,9.161,19.694,2.296,27.868,15.034,11.084,10.749,2.387,1.119,5.635,26.619,7.276,4.943,23.001,3.163,4.905,3.66,3.021,1.971,10.169,2.808,8.172,5.323,9.872,6.828,10.735,12.197,6.498,11.189,5.782,6.154,7.896,8.412,9.307,18.259,7.381
17.931,13.082,9.669,24.547,15.702,15.716,14.393,18.141,17.741,25.393,26.819,13.608,13.716,15.946,20.255,5.377,5.869,19.689,19.465,10.637,42.604,5.574,12.829,8.406,10.935,38.807,7.527,12.288,20.802,32.056,6.971,25.858,27.875,14.502,19.641,15.543,14.071,14.868,15.855,12.088,10.658,4.647,17.592,18.443,18.443,10.524,11.917,17.628,1.986,14.063,9.129,11.549,18.716,18.859,16.701,10.648,4.772,19.281,18.243,5.457,9.608,10.83,7.31,13.806,7.015,17.052,2.64,10.599,9.572,8.161,10.433,16.302,3.294,9.663,16.797,17.828,3.04,3.453,18.421,9.064,10000,11.268,9.411,18.045,12.198,2.658,7.317,9.502,8.234,5.855,16.796,3.461,14.008,10.388,7.322,4.787,6.123,6.108,7.236,5.899,7.297,5.233,5.629,5.126,4.772,5.291,5.465,3.312,2.763,5.4,4.283,2.314,3.493,6.892,10.192,3.711
7.6,26.894,17.824,37.713,20.673,6.219,11.041,28.689,22.913,38.022,17.322,23.407,8.889,6.449,25.427,10.549,14.988,9.358,10.596,1.14,33.107,10.746,22.628,6.786,24.747,43.979,24.655,1.019,15.856,37.027,17.519,30.829,32.846,19.473,24.813,29.355,25.078,2.769,6.358,21.887,1.546,13.109,28.14,13.752,23.615,21.072,2.09,28.176,12.534,24.611,10.59,9.03,23.888,24.031,30.513,21.196,11.854,24.453,23.415,16.005,14.78,20.629,6.876,24.354,14.852,22.224,9.131,21.147,23.384,7.906,24.245,21.474,10.835,20.211,30.561,23,12.318,9.896,32.185,19.612,11.435,10000,19.959,23.217,21.997,10.199,14.399,20.05,18.782,16.403,21.968,14.009,24.556,9.699,17.87,15.335,16.671,16.656,17.784,12.981,17.845,15.418,16.177,12.208,16.45,12.373,10.637,13.86,12.041,15.948,14.831,12.862,13.101,13.974,15.364,13.861
26.624,10.884,17.014,17.851,24.395,24.409,23.262,9.973,22.547,18.697,42.566,16.711,26.596,24.639,30.345,14.07,14.562,33.642,34.268,19.33,51.297,14.267,15.932,15.412,10.982,17.631,7.574,20.981,30.892,19.612,5.053,24.495,25.374,23.195,29.731,9.183,18.23,23.561,24.548,15.191,19.351,13.34,9.424,27.136,28.533,3.828,20.61,9.46,7.925,7.367,22.009,24.429,28.806,23.665,9.986,3.416,11.09,29.371,23.049,4.307,22.857,13.933,14.316,7.11,11.552,27.142,11.333,1.415,9.619,15.167,11.137,26.392,11.987,2.967,8.629,11.028,11.733,12.146,10.253,2.368,9.428,19.961,10000,28.135,15.301,11.351,11.016,2.654,1.162,5.902,26.886,7.543,7.312,23.268,3.43,5.172,3.927,3.288,2.238,10.436,3.075,8.439,5.59,10.139,7.095,11.002,12.464,6.765,11.456,6.049,6.421,8.163,8.679,9.574,18.526,7.648
16.614,23.546,9.381,44.351,27.311,27.325,13.433,33.182,4.637,44.66,32.966,28.853,16.847,27.555,2.54,15.124,21.626,16.808,12.189,22.246,54.213,15.321,28.074,17.148,21.399,40.631,21.307,23.897,8.813,43.665,23.657,37.467,39.484,26.111,1.926,26.007,31.716,19.529,27.464,27.333,22.267,19.747,32.633,30.052,1.765,29.105,23.526,32.669,19.172,32.644,12.26,14.68,1.684,4.742,27.165,27.334,15.397,1.566,4.067,21.704,13.108,26.075,16.052,32.387,13.18,2.959,15.769,27.345,20.036,13.397,20.897,3.198,15.885,28.244,27.213,19.652,18.956,16.534,28.837,27.645,18.073,22.877,27.992,10000,27.443,16.898,14.614,28.083,26.815,22.951,1.596,19.214,32.589,13.519,25.84,21.034,25.212,22.355,27.515,16.524,25.771,17.495,23.619,15.751,21.904,15.916,14.207,19.559,18.679,23.281,23.668,17.636,16.644,17.517,13.692,17.404
28.3,8.532,12.019,30.582,26.071,26.085,18.267,22.281,17.552,31.428,37.932,2.829,20.944,26.315,25.711,13.884,20.386,27.99,29.634,21.006,52.973,14.081,2.05,15.634,6.103,21.681,8.761,22.657,26.258,32.343,11.111,36.227,38.244,24.871,25.097,13.253,23.158,25.237,26.224,1.309,21.027,18.507,21.732,28.812,23.899,16.559,22.286,21.768,11.084,20.098,16.357,18.777,24.172,18.67,14.411,14.788,11.312,24.737,18.054,14.544,16.836,1.756,14.538,19.841,10.201,22.508,13.622,14.799,9.432,15.389,10.293,21.758,11.8,15.698,14.459,10.841,15.795,15.294,16.083,15.099,12.043,21.637,15.446,23.501,10000,12.813,9.665,15.537,14.269,10.405,22.252,9.909,20.043,17.616,13.294,13.2,12.666,13.548,14.969,9.085,13.225,7.538,11.073,11.666,8.325,11.224,12.686,12.176,15.518,10.735,11.122,10.067,8.776,8.223,11.977,8.506
16.721,19.277,7.624,31.532,14.492,14.506,11.948,19.974,15.296,31.841,30.18,14.28,11.271,14.736,17.81,2.932,8.807,18.479,17.02,9.427,41.394,3.129,13.501,5.961,17.13,36.362,9.21,11.078,18.357,30.846,8.804,24.648,26.665,13.292,17.196,21.738,15.904,13.658,14.645,12.76,9.448,4.402,19.425,17.233,15.998,12.357,10.707,19.461,3.819,15.896,6.684,9.104,16.271,16.414,22.896,12.481,2.727,16.836,15.798,7.29,7.163,11.502,4.865,15.639,4.97,14.607,1.266,12.432,15.767,5.716,16.628,13.857,0.976,11.496,22.944,15.383,3.603,2.243,24.568,10.897,2.72,10.058,11.244,15.6,12.87,10000,5.272,11.335,10.067,7.688,14.351,5.294,15.841,7.943,9.155,6.62,7.956,7.941,9.069,3.854,9.13,6.291,7.462,3.081,7.323,3.246,3.02,5.145,3.326,7.233,6.116,4.147,3.974,4.847,6.32,4.734
20.912,11.701,2.66,27.62,18.683,18.697,8.908,19.319,8.193,28.466,28.573,10.869,12.603,18.927,16.352,6.496,12.998,19.649,20.275,13.618,45.585,6.693,10.09,8.246,9.554,28.786,5.799,15.269,16.899,29.381,8.149,28.839,30.856,17.483,15.738,14.162,16.74,15.285,18.836,9.349,13.639,11.119,18.77,21.424,14.54,13.597,14.898,18.806,5.075,17.136,8.016,10.436,14.813,9.311,15.32,11.826,3.924,15.378,8.695,8.126,6.279,8.091,7.15,16.879,2.065,13.149,6.234,11.837,8.191,8.001,9.052,12.399,4.412,12.736,15.368,7.807,8.407,7.906,16.992,12.137,7.524,14.249,12.484,14.142,9.459,5.425,10000,12.575,11.307,7.443,12.893,5.687,17.081,9.275,10.332,7.456,7.817,8.777,12.007,1.697,10.263,2.88,8.111,4.278,4.44,3.836,5.298,5.981,8.13,6.058,8.16,4.058,2.643,2.055,2.881,4.284
25.739,11.827,15.712,17.965,23.51,23.524,21.96,12.575,21.245,18.811,41.264,15.409,25.294,23.754,29.043,12.36,13.677,32.34,32.966,18.445,50.412,12.557,14.63,14.11,9.68,20.233,6.272,20.096,29.59,19.726,5.716,24.609,25.488,22.31,28.429,11.785,18.344,22.676,23.663,13.889,18.466,12.455,12.026,26.251,27.231,3.942,19.725,12.062,7.04,7.481,20.707,23.127,27.504,22.363,12.588,6.018,9.788,28.069,21.747,4.421,21.555,12.631,13.014,7.224,10.25,25.84,10.448,4.017,8.317,13.865,9.178,25.09,10.276,3.081,11.231,9.726,10.848,11.261,12.855,2.482,8.543,19.076,2.829,26.833,13.999,10.466,9.714,10000,1.652,4.6,25.584,6.241,7.426,21.966,2.128,4.022,3.488,3.402,2.352,9.134,1.787,7.137,4.288,8.837,5.793,9.7,11.162,6.173,10.571,4.747,5.119,7.183,7.377,8.272,17.224,6.346
25.461,11.966,15.851,16.688,23.232,23.246,22.099,10.922,21.384,17.534,41.403,15.548,25.433,23.476,29.182,12.907,13.399,32.479,33.105,18.167,50.134,13.104,14.769,14.249,9.819,18.58,6.411,19.818,29.729,18.449,5.855,23.332,24.211,22.032,28.568,10.132,17.067,22.398,23.385,14.028,18.188,12.177,10.373,25.973,27.37,2.665,19.447,10.409,6.762,6.204,20.846,23.266,27.643,22.502,10.935,4.365,9.927,28.208,21.886,3.144,21.694,12.77,13.153,5.947,10.389,25.979,10.17,2.364,8.456,14.004,9.317,25.229,10.824,1.804,9.578,9.865,10.57,10.983,11.202,1.205,8.265,18.798,1.176,26.972,14.138,10.188,9.853,1.491,10000,4.739,25.723,6.38,6.149,22.105,2.267,4.009,2.764,2.125,1.075,9.273,1.912,7.276,4.427,8.976,5.932,9.839,11.301,5.602,10.293,4.886,5.258,7,7.516,8.411,17.363,6.485
28.509,8.19,12.075,21.703,21.4,21.414,18.323,13.249,17.608,22.549,37.627,11.772,21.657,21.644,25.406,12.014,11.567,28.703,29.329,16.335,48.302,12.211,10.993,13.764,6.043,19.079,2.635,17.986,25.953,23.464,2.079,28.347,29.226,20.2,24.792,10.651,14.279,24.339,21.553,10.252,16.356,10.345,12.7,24.141,23.594,7.68,17.615,12.736,4.93,11.219,17.07,19.49,23.867,18.726,11.809,5.756,9.442,24.432,18.11,5.665,17.918,8.994,12.668,10.962,8.331,22.203,8.338,5.767,4.68,18.207,5.541,21.453,9.93,6.819,11.905,6.089,8.738,9.151,13.529,6.22,6.433,16.966,6.567,23.196,10.362,8.356,7.795,6.658,5.39,10000,21.947,3.35,11.164,18.329,4.415,4.321,3.787,4.669,6.09,7.215,4.346,4.246,2.194,5.946,2.156,9.354,10.816,3.297,8.461,1.856,2.243,4.292,4.486,6.353,13.587,3.455
15.553,22.485,8.32,43.29,26.25,26.264,12.372,32.121,3.576,43.599,31.905,27.792,15.786,26.494,3.966,14.063,20.565,15.747,11.128,21.185,53.152,14.26,27.013,16.087,20.338,39.57,20.246,22.836,7.752,42.604,22.596,36.406,38.423,25.05,3.352,24.946,30.655,18.468,26.403,26.272,21.206,18.686,31.572,28.991,2.171,28.044,22.465,31.608,18.111,31.583,11.199,13.619,2.427,4.694,26.104,26.273,14.336,2.992,4.078,20.643,12.047,25.014,14.991,31.326,12.119,1.898,14.708,26.284,18.975,12.336,19.836,2.137,14.824,27.183,26.152,18.591,17.895,15.473,27.776,26.584,17.012,21.816,26.931,1.756,26.382,15.837,13.553,27.022,25.754,21.89,10000,18.153,31.528,12.458,24.779,19.973,24.151,21.294,26.454,15.463,24.71,16.434,22.558,14.69,20.843,14.855,13.146,18.498,17.618,22.22,22.607,16.575,15.583,16.456,12.631,16.343
20.584,10.061,7.749,22.753,18.355,18.369,15.573,15.12,13.282,23.599,29.472,11.357,14.896,18.599,21.435,8.03,8.522,22.342,20.645,13.29,45.257,8.227,10.578,9.586,7.914,20.95,4.506,14.941,21.982,24.514,3.95,28.511,30.528,17.155,20.821,12.522,12.909,17.521,18.508,9.837,13.311,7.3,14.571,21.096,19.623,8.73,14.57,14.607,2.115,12.269,10.309,12.729,19.896,14.4,13.68,7.627,5.264,20.461,13.784,4.295,10.788,8.579,8.49,12.012,5.922,18.232,5.293,7.638,6.551,9.341,7.412,17.482,5.947,7.869,13.776,7.96,5.693,6.106,15.4,7.27,3.388,13.921,7.617,19.225,9.947,5.311,5.397,7.708,6.44,2.834,17.976,10000,12.214,11.568,5.465,3.625,3.568,4.946,7.14,4.806,5.396,2.975,3.231,4.313,2.514,5.176,8.118,1.433,5.416,2.383,2.024,1.804,2.983,4.11,7.272,1.294
31.237,17.742,21.627,13.967,23.399,29.022,27.875,16.922,27.16,14.813,47.179,21.324,31.209,29.252,34.958,18.683,14.427,38.255,38.881,23.943,48.817,18.88,20.545,20.025,15.595,24.58,12.187,25.594,35.505,15.728,11.631,20.611,21.49,22.199,34.344,16.132,14.346,28.174,29.161,19.804,23.964,16.654,16.373,26.14,33.146,5.591,25.223,16.409,12.538,3.483,26.622,29.042,33.419,28.278,16.935,10.365,15.703,33.984,27.662,8.92,27.47,18.546,18.929,0.842,16.165,31.755,15.946,8.364,14.232,19.78,15.093,31.005,16.6,6.19,15.578,15.641,16.346,16.759,17.202,4.879,14.041,24.574,7.176,32.748,19.914,15.964,15.629,7.267,5.999,10.515,31.499,12.156,10000,27.881,8.043,9.785,8.54,7.901,6.851,15.049,7.688,13.052,10.203,14.752,11.708,15.615,17.077,11.378,16.069,10.662,11.034,12.776,13.292,14.187,23.139,12.261
11.682,17.387,8.317,36.521,19.481,13.707,6.982,27.023,13.406,36.83,28.29,19.12,4.83,19.725,15.92,7.294,13.796,11.876,10.579,14.416,46.383,7.491,18.341,3.547,15.24,34.472,15.148,8.683,16.467,35.835,17.498,29.637,31.654,18.281,15.306,19.848,23.886,7.512,13.846,17.6,8.176,11.917,26.474,22.222,14.108,22.946,10.453,26.51,11.342,26.485,2.393,2.663,14.381,14.524,21.006,21.175,7.567,14.946,13.908,13.874,5.249,16.342,3.092,26.228,5.321,12.717,7.939,21.186,13.877,2.434,14.738,11.967,8.055,22.085,21.054,13.493,11.126,8.704,22.678,21.486,10.243,9.68,21.833,13.71,17.71,9.068,8.455,21.924,20.656,16.792,12.461,11.384,26.43,10000,19.681,13.204,14.54,14.525,21.356,8.694,19.612,11.131,17.46,7.921,12.163,8.086,6.377,11.729,10.849,17.122,12.7,9.806,8.814,9.687,5.833,9.574
24.376,9.698,13.583,19.772,22.147,22.161,19.831,14.757,19.116,20.618,39.135,13.28,23.165,22.391,26.914,10.231,12.314,30.211,30.837,17.082,49.049,10.428,12.501,11.981,7.551,20.587,4.143,18.733,27.461,21.533,3.587,26.416,27.295,20.947,26.3,12.159,14.714,21.313,22.3,11.76,17.103,11.092,14.208,24.888,25.102,5.749,18.362,14.244,5.677,9.288,18.578,20.998,25.375,20.234,13.317,7.264,7.659,25.94,19.618,6.228,19.426,10.502,10.885,9.031,8.121,23.711,9.085,5.824,6.188,11.736,7.049,22.961,8.147,4.888,13.413,7.597,9.485,9.898,15.037,4.289,7.18,17.713,4.636,24.704,11.87,9.103,7.585,4.727,3.459,2.471,23.455,4.112,9.233,19.837,10000,3.902,3.368,5.209,4.159,7.005,2.415,5.008,2.159,6.708,3.664,7.571,9.033,4.044,9.208,2.618,2.99,5.054,5.248,6.143,15.095,4.217
21.991,11.017,9.475,20.265,19.762,19.776,18.453,14.875,15.008,21.111,30.879,14.599,17.776,20.006,24.315,9.437,9.929,23.749,23.525,14.697,46.664,9.634,13.82,12.466,8.87,21.906,5.462,16.348,24.862,22.026,4.906,29.918,31.935,18.562,23.701,13.478,11.086,18.928,19.915,13.079,14.718,8.707,14.326,22.503,22.503,6.242,15.977,14.362,3.292,9.781,13.189,15.609,22.776,16.126,14.888,8.318,6.99,23.341,15.51,2.472,13.668,11.821,11.37,9.524,7.648,21.112,6.7,6.317,7.507,12.221,8.368,20.362,7.354,5.381,13.531,8.916,7.1,7.513,15.155,4.782,4.795,15.328,5.129,22.105,13.189,6.718,7.123,5.22,3.952,3.79,20.856,3.587,9.726,14.448,2.809,10000,1.61,2.492,2.954,6.532,2.784,5.638,2.083,6.039,5.177,6.902,9.525,2.132,6.823,3.926,2.796,3.53,4.709,6.698,8.998,4.927
23.39,10.453,14.338,19.083,21.161,21.175,20.586,13.693,19.871,19.929,39.89,14.035,19.175,21.405,27.669,10.836,11.328,25.148,31.592,16.096,48.063,11.033,13.256,13.865,8.306,21.351,4.898,17.747,28.216,20.844,4.342,25.727,26.606,19.961,27.055,12.903,12.485,20.327,21.314,12.515,16.117,10.106,13.144,23.902,25.857,5.06,17.376,13.18,4.691,8.599,14.588,17.008,26.13,20.989,13.706,7.136,8.389,26.695,20.373,2.329,15.067,11.257,12.769,8.342,8.187,24.466,8.099,5.135,6.943,13.62,7.804,23.716,8.753,4.199,12.349,8.352,8.499,8.912,13.973,3.6,6.194,16.727,3.947,25.459,12.625,8.117,7.651,4.038,2.77,3.226,24.21,3.586,8.544,15.847,2.245,1.673,10000,1.31,1.772,7.071,2.22,5.074,1.519,7.438,4.613,8.301,10.924,3.531,8.222,3.362,2.101,4.929,6.108,6.209,9.537,4.283
23.335,11.347,15.232,18.438,21.106,21.12,19.797,13.048,20.765,19.284,32.223,14.929,19.12,21.35,25.659,10.781,11.273,25.093,24.869,16.041,48.008,10.978,14.15,13.81,9.2,20.706,5.792,17.692,26.206,20.199,5.236,25.082,25.961,19.906,25.045,12.258,12.127,20.272,21.259,13.409,16.062,10.051,12.499,23.847,23.847,4.415,17.321,12.535,4.636,7.954,14.533,16.953,24.12,21.883,13.061,6.491,8.334,24.685,21.267,1.018,15.012,12.151,12.714,7.697,8.992,22.456,8.044,4.49,7.837,13.565,8.698,21.706,8.698,3.554,11.704,9.246,8.444,8.857,13.328,2.955,6.139,16.672,3.302,23.449,13.519,8.062,8.467,3.393,2.125,4.12,22.2,4.931,7.899,15.792,4.169,2.567,1.322,10000,1.127,7.876,3.114,5.968,2.413,7.383,5.507,8.246,10.869,3.476,8.167,6.788,4.14,4.874,6.053,8.042,10.342,5.177
24.596,12.825,16.71,17.395,22.367,22.381,22.958,12.005,22.243,18.241,42.262,16.407,26.292,22.611,30.041,12.042,12.534,26.354,33.964,17.302,49.269,12.239,15.628,15.071,10.678,19.663,7.27,18.953,30.588,19.156,6.714,24.039,24.918,21.167,29.427,11.215,13.388,21.533,22.52,14.887,17.323,11.312,11.456,25.108,28.229,3.372,18.582,11.492,5.897,6.911,21.705,24.125,28.502,23.361,12.018,5.448,9.595,29.067,22.745,2.279,16.273,13.629,13.975,6.654,11.248,26.838,9.305,3.447,9.315,14.826,10.176,26.088,9.959,2.511,10.661,10.724,9.705,10.118,12.285,1.912,7.4,17.933,2.259,27.831,14.997,9.323,10.712,2.35,1.082,5.598,26.582,7.239,6.856,22.964,3.126,3.144,1.899,1.26,10000,10.132,2.771,8.135,2.99,8.644,6.791,9.507,12.13,4.737,9.428,5.745,3.572,6.135,7.314,9.27,18.222,7.344
19.369,12.983,3.942,34.18,17.14,17.154,10.096,19.048,9.475,34.489,30.922,10.598,12.013,17.384,18.552,4.953,11.455,19.059,17.762,12.075,44.042,5.15,9.819,6.703,10.836,30.068,5.528,13.726,19.099,33.494,7.878,27.296,29.313,15.94,17.938,15.444,21.545,16.306,17.293,9.078,12.096,9.576,18.499,19.881,16.74,11.606,13.355,18.535,4.185,15.145,7.426,9.846,17.013,10.593,16.602,11.555,2.381,17.578,9.977,7.236,7.905,7.82,5.607,14.888,1.115,15.349,4.691,11.566,9.473,6.458,10.334,14.599,2.869,10.745,16.65,9.089,6.864,6.363,18.274,10.146,5.981,12.706,10.493,16.342,9.188,3.882,1.441,10.584,9.316,7.172,15.093,4.888,15.09,8.685,8.341,6.566,7.018,7.887,10.016,10000,8.272,2.609,6.107,2.735,3.641,2.293,3.755,5.091,6.587,5.259,6.062,3.168,1.753,1.165,2.465,3.485
24.507,10.999,14.884,18.26,22.278,22.292,21.132,12.87,20.417,19.106,40.436,14.581,24.466,22.522,28.215,11.953,12.445,31.512,32.138,17.213,49.18,12.15,13.802,13.282,8.852,21.888,5.444,18.864,28.762,20.021,4.888,24.904,25.783,21.078,27.601,12.08,13.602,21.444,22.431,13.061,17.234,11.223,12.321,25.019,26.403,4.237,18.493,12.357,5.808,7.776,19.879,22.299,26.676,21.535,12.883,6.313,8.96,27.241,20.919,4.716,20.727,11.803,12.186,7.519,9.422,25.012,9.216,4.312,7.489,13.037,8.35,24.262,9.87,3.376,11.526,8.898,9.616,10.029,13.15,2.777,7.311,17.844,3.124,26.005,13.171,9.234,8.886,3.215,1.947,3.772,24.756,5.413,7.721,21.138,1.3,2.79,2.256,3.697,2.647,8.306,10000,6.309,2.156,8.009,4.965,8.872,10.334,4.648,9.339,3.919,3.218,6.046,6.549,7.444,16.396,5.518
21.816,8.109,5.535,23.688,19.587,19.601,11.783,17.448,11.068,24.534,31.448,8.998,14.46,19.831,19.227,7.4,13.902,21.506,23.15,14.522,46.489,7.597,8.219,9.15,5.962,18.998,3.928,16.173,19.774,25.449,6.278,29.743,31.76,18.387,18.613,10.57,16.265,18.753,19.74,7.478,14.543,12.023,16.899,22.328,17.415,9.665,15.802,16.935,4.6,13.204,9.873,12.293,17.688,12.186,11.728,9.955,4.828,18.253,11.57,7.651,10.352,6.22,8.054,12.947,3.717,16.024,7.138,9.966,4.599,8.905,5.46,15.274,5.316,8.804,11.776,6.008,9.311,8.81,13.4,8.205,5.559,15.153,8.552,17.017,7.588,6.329,3.181,8.643,7.375,5.572,15.768,2.947,13.149,11.132,6.4,5.611,5.077,5.959,8.075,2.601,6.331,10000,4.166,5.182,1.857,4.74,6.202,4.587,9.034,3.318,3.533,3.583,2.292,1.739,5.493,1.544
22.849,8.851,12.736,21.543,20.62,20.634,18.984,13.91,18.269,22.389,38.288,12.433,22.318,20.864,26.067,10.295,10.787,29.364,29.99,15.555,47.522,10.492,11.654,11.123,6.704,19.74,3.296,17.206,26.614,23.304,2.74,28.187,29.066,19.42,25.453,11.312,12.856,19.786,20.773,10.913,15.576,9.565,13.361,23.361,24.255,7.52,16.835,13.397,4.15,11.059,17.731,20.151,24.528,19.387,12.47,6.417,6.801,25.093,18.771,3.411,18.579,9.655,10.027,10.802,7.263,22.864,7.558,6.428,5.341,10.878,6.202,22.114,8.212,6.659,12.566,6.75,7.958,8.371,14.19,6.06,5.653,16.186,6.407,23.857,11.023,7.576,6.727,6.498,5.23,1.624,22.608,3.254,11.004,18.99,2.194,2.044,1.51,2.392,2.854,6.147,2.169,4.15,10000,5.85,2.817,6.713,8.175,2.517,7.681,1.76,1.463,4.388,4.39,5.285,14.248,3.359
18.785,15.128,6.087,33.596,16.556,16.57,12.106,17.232,15.454,33.905,30.338,12.743,11.429,16.8,17.968,4.369,10.871,18.475,17.178,11.491,43.458,4.566,11.964,6.119,12.981,32.213,7.673,13.142,18.515,32.91,6.062,26.712,28.729,15.356,17.354,17.589,15.433,15.722,16.709,11.223,11.512,8.992,16.683,19.297,16.156,11.135,12.771,16.719,3.768,14.674,6.842,9.262,16.429,16.572,18.747,9.739,1.797,16.994,15.956,6.819,7.321,9.965,5.023,14.417,3.433,14.765,4.107,9.75,11.618,5.874,12.479,14.015,2.285,10.274,18.795,11.234,6.28,5.779,20.419,9.675,5.397,12.122,10.022,15.758,11.333,3.298,3.735,10.113,8.845,5.239,14.509,4.329,14.619,8.101,7.87,6.149,7.485,7.47,8.598,2.317,7.801,4.754,5.636,10000,3.58,1.709,3.171,4.674,6.003,4.788,5.645,2.751,1.492,3.31,4.783,2.519
21.551,7.143,11.028,23.409,19.322,19.336,17.276,15.108,16.561,24.255,36.58,9.678,20.61,19.566,24.359,7.135,9.85,27.656,28.282,14.257,46.224,7.332,8.899,8.885,4.996,18.032,1.588,15.908,24.906,25.17,3.938,29.478,31.495,18.122,23.745,9.604,15.985,18.488,19.475,8.158,14.278,8.628,14.559,22.063,22.547,9.386,15.537,14.595,3.757,12.925,16.023,18.443,22.82,17.679,10.762,7.615,4.563,23.385,17.063,7.371,10.087,6.9,7.789,12.668,4.801,21.156,6.621,7.626,3.633,8.64,4.494,20.406,5.051,8.525,10.81,5.042,7.021,7.434,12.434,7.926,4.716,14.888,8.273,22.149,8.268,6.064,4.265,8.364,7.096,3.232,20.9,2.524,12.87,17.282,6.121,6.027,5.493,6.375,7.796,3.685,6.052,1.912,3.9,3.612,10000,4.475,5.937,5.003,6.744,3.562,3.949,2.74,2.152,2.823,6.151,1.121
18.024,19.191,6.45,32.835,15.795,15.809,11.862,21.556,15.21,33.144,30.094,13.106,11.185,16.039,17.724,3.23,10.11,18.231,16.934,10.73,42.697,3.805,12.327,5.875,17.044,36.276,8.036,12.381,18.271,32.149,10.386,25.951,27.968,14.595,17.11,21.652,20.2,14.961,15.948,11.586,10.751,8.231,21.007,18.536,15.912,12.176,12.01,21.043,4.809,15.715,6.598,9.018,16.185,16.328,22.81,14.063,1.553,16.75,15.712,7.86,7.077,10.328,4.779,15.458,3.796,14.521,3.863,14.074,15.681,5.63,16.542,13.771,2.041,11.315,22.858,15.297,6.036,5.018,24.482,10.716,5.153,11.361,11.063,15.514,11.696,3.054,4.098,11.154,9.886,6.28,14.265,5.37,15.66,7.857,8.911,7.19,8.526,8.511,9.639,2.68,8.842,5.117,6.677,1.907,6.149,10000,2.258,5.715,5.759,5.829,6.686,3.792,2.8,3.673,5.146,3.56
17.053,17.696,8.626,31.864,14.824,14.838,10.367,27.332,13.715,32.173,28.599,14.49,9.69,15.068,16.229,1.931,9.139,16.736,15.439,9.759,41.726,2.778,13.711,3.828,15.549,34.781,15.457,11.41,16.776,31.178,17.807,24.98,26.997,13.624,15.615,20.157,19.229,13.99,14.977,12.97,9.78,7.26,26.783,17.565,14.417,13.56,11.039,26.819,6.685,17.099,5.103,7.523,14.69,14.833,21.315,21.484,2.937,15.255,14.217,10.156,5.582,11.712,2.732,16.842,2.455,13.026,3.282,21.495,14.186,3.583,15.047,12.276,3.425,12.699,21.363,13.802,6.469,4.047,22.987,12.1,5.586,10.39,12.447,14.019,13.08,3.155,5.482,12.538,11.27,17.101,12.77,6.754,17.044,6.362,12.021,9.486,10.822,10.807,11.935,4.064,10.226,6.501,8.061,3.291,7.533,2.263,10000,8.011,6.192,7.213,8.982,5.176,4.184,5.057,3.345,4.944
20.778,10.041,8.262,21.904,18.549,18.563,17.24,15.1,13.795,22.75,29.666,13.623,16.563,18.793,23.102,8.224,8.716,22.536,22.312,13.484,45.451,8.421,12.844,11.253,7.894,20.93,4.486,15.135,23.649,23.665,3.93,28.705,30.722,17.349,22.488,12.502,11.428,17.715,18.702,12.103,13.505,7.494,14.551,21.29,21.29,7.881,14.764,14.587,1.483,11.42,11.976,14.396,21.563,14.913,13.66,7.607,5.777,22.128,14.297,2.814,12.455,10.845,10.157,11.163,6.435,19.899,5.487,7.618,6.531,11.008,7.392,19.149,6.141,7.02,13.756,7.94,5.887,6.3,15.38,6.421,3.582,14.115,6.768,20.892,12.213,5.505,5.91,6.859,5.591,2.814,19.643,1.439,11.365,13.235,4.414,2.144,3.215,3.465,4.593,5.319,4.389,4.662,2.588,4.826,4.201,5.689,8.312,10000,5.61,2.95,1.242,2.317,3.496,5.485,7.785,3.714
18.484,22.275,10.222,26.216,16.255,16.269,14.946,19.81,18.294,33.604,27.372,16.878,14.269,16.499,20.808,5.93,5.281,20.242,20.018,11.19,43.157,6.127,16.099,8.959,20.128,39.36,9.196,12.841,21.355,32.609,8.64,26.411,28.428,15.055,20.194,24.736,15.74,15.421,16.408,15.358,11.211,4.059,19.261,18.996,18.996,12.193,12.47,19.297,3.655,15.732,9.682,12.102,19.269,19.412,25.894,12.317,5.325,19.834,18.796,7.126,10.161,14.1,7.863,15.475,7.568,17.605,3.193,12.268,18.765,8.714,19.626,16.855,3.847,11.332,18.466,18.381,1.817,4.006,20.09,10.733,2.556,11.821,11.08,18.598,15.468,3.211,7.87,11.171,9.903,7.524,17.349,5.13,15.677,10.941,8.991,6.456,7.792,7.777,8.905,6.452,8.966,8.889,7.298,5.679,6.441,5.844,6.018,4.981,10000,7.069,5.952,3.983,5.162,7.445,10.745,5.38
22.52,8.628,12.513,21.32,20.291,20.305,18.761,13.687,18.046,22.166,38.065,12.21,22.095,20.535,25.844,8.525,10.458,29.141,29.767,15.226,47.193,8.722,11.431,10.275,6.481,19.517,3.073,16.877,26.391,23.081,2.517,27.964,28.843,19.091,25.23,11.089,13.883,19.457,20.444,10.69,15.247,9.236,13.138,23.032,24.032,7.297,16.506,13.174,4.365,10.836,17.508,19.928,24.305,19.164,12.247,6.194,5.953,24.87,18.548,5.269,11.477,9.432,9.179,10.579,6.415,22.641,7.229,6.205,5.118,10.03,5.979,21.891,6.441,6.436,12.343,6.527,7.629,8.042,13.967,5.837,5.324,15.857,6.184,23.634,10.8,7.247,5.879,6.275,5.007,1.401,22.385,2.406,10.781,18.767,4.032,3.925,3.391,6.757,5.707,5.299,3.963,3.302,1.798,5.002,2.841,5.865,7.327,2.901,7.352,10000,1.847,3.348,3.542,4.437,7.765,2.511
21.496,8.909,12.794,21.601,19.267,19.281,19.042,13.968,18.327,22.447,38.346,12.491,17.281,19.511,26.125,8.942,9.434,23.254,30.048,14.202,46.169,9.139,11.712,11.971,6.762,19.798,3.354,15.853,26.672,23.362,2.798,29.423,31.44,18.067,25.511,11.37,12.146,18.433,19.42,10.971,14.223,8.212,13.419,22.008,24.313,7.578,15.482,13.455,2.797,11.117,12.694,15.114,24.586,19.445,12.528,6.475,6.495,25.151,18.829,3.532,13.173,9.713,10.875,10.86,6.643,22.922,6.205,6.486,5.399,11.726,6.26,22.172,6.859,6.717,12.624,6.808,6.605,7.018,14.248,6.118,4.3,14.833,6.465,23.915,11.081,6.223,6.107,6.556,5.288,1.682,22.666,2.077,11.062,13.953,3.282,2.617,2.083,2.965,3.427,5.527,3.257,3.53,1.456,5.544,3.069,6.407,9.03,1.164,6.328,1.818,10000,3.035,4.214,4.665,14.306,2.739
19.372,9.376,6.159,23.358,17.143,17.157,13.983,16.037,11.692,24.204,28.26,11.508,13.306,17.387,19.845,6.818,7.31,21.13,19.055,12.078,44.045,7.015,10.729,7.996,7.229,20.265,5.423,13.729,20.392,25.119,4.867,27.299,29.316,15.943,19.231,11.837,12.882,16.309,17.296,9.988,12.099,6.088,15.488,19.884,18.033,9.335,13.358,15.524,1.217,12.874,8.719,11.139,18.306,12.81,12.995,8.544,3.674,18.871,12.194,4.268,9.198,8.73,6.9,12.617,4.332,16.642,4.081,9.41,5.866,7.751,6.727,15.892,4.735,8.474,13.043,7.275,4.481,4.894,14.667,7.875,2.176,12.709,8.222,17.635,10.098,4.099,3.807,8.313,7.045,3.751,16.386,1.778,12.819,9.978,6.133,3.598,4.934,4.919,6.047,3.216,6.108,3.133,4.44,2.723,2.672,3.586,5.048,2.123,4.204,3.3,3.094,10000,1.393,3.382,5.682,1.611
19.708,8.831,4.818,24.234,17.479,17.493,11.066,16.601,10.351,25.08,31.261,10.291,12.352,17.723,18.891,5.292,11.794,19.398,18.101,12.414,44.381,5.489,9.512,7.042,6.684,30.944,4.65,14.065,19.438,25.995,5.431,27.635,29.652,16.279,18.277,11.292,14.149,16.645,17.632,8.771,12.435,9.915,16.052,20.22,17.079,10.211,13.694,16.088,2.484,13.75,7.765,10.185,17.352,11.469,12.45,9.108,2.72,17.917,10.853,5.535,8.244,7.513,5.946,13.493,2.991,15.688,5.03,9.119,5.321,6.797,6.182,14.938,3.208,9.35,12.498,9.965,5.748,6.702,14.122,8.751,3.443,13.045,9.098,16.681,8.881,4.221,2.466,9.189,7.921,4.315,15.432,3.045,13.695,9.024,7.4,4.865,6.201,6.186,7.314,1.875,6.877,2.302,4.712,1.769,2.288,2.632,4.094,3.39,5.471,3.864,4.361,1.467,10000,2.041,4.341,1.227
20.439,8.813,4.156,24.733,18.21,18.224,10.404,18.152,9.689,25.579,30.069,9.702,13.083,18.454,17.848,6.023,12.525,20.129,21.771,13.145,45.112,6.22,8.923,7.773,6.666,30.282,4.632,14.796,18.395,26.494,6.982,28.366,30.383,17.01,17.234,11.274,15.528,17.376,18.363,8.182,13.166,10.646,17.603,20.951,16.036,10.71,14.425,17.639,3.863,14.249,8.496,10.916,16.309,10.807,12.432,10.659,3.451,16.874,10.191,6.914,8.975,6.924,6.677,13.992,2.34,14.645,5.761,10.67,5.303,7.528,6.164,13.895,3.939,9.849,12.48,9.303,7.934,7.433,14.104,9.25,4.822,13.776,9.597,15.638,8.292,4.952,1.804,9.688,8.42,6.276,14.389,3.992,14.194,9.755,7.445,6.244,6.122,7.565,9.12,1.224,7.376,1.713,5.211,3.805,2.745,3.363,4.825,4.769,7.657,4.363,4.578,2.846,1.431,10000,3.69,2.589
15.719,12.712,3.671,32.294,19.36,19.374,9.279,22.348,9.204,36.709,27.8,13.673,8.867,19.604,15.43,4.846,13.675,15.913,14.616,14.295,46.262,7.37,12.894,9.197,10.565,29.797,10.473,12.72,15.977,35.714,12.823,29.516,31.533,18.16,14.816,15.173,23.765,11.549,19.513,12.153,14.316,11.796,21.799,22.101,13.618,18.271,15.575,21.835,6.367,21.81,4.28,6.7,13.891,10.322,16.331,16.5,4.563,14.456,9.706,9.418,4.512,10.895,8.101,21.553,1.136,12.227,7.818,16.511,9.202,5.417,10.063,11.477,5.051,17.41,16.379,8.818,11.005,8.583,18.003,16.811,10.122,14.926,17.158,13.22,12.263,6.064,2.803,17.249,15.981,12.117,11.971,7.07,21.755,5.539,15.006,8.748,14.378,10.069,16.681,2.182,14.937,5.684,12.785,4.917,5.823,4.475,3.06,7.273,10.728,12.447,12.834,5.35,3.935,3.347,10000,5.667
20.43,7.976,5.797,22.851,18.201,18.215,13.751,15.218,11.33,23.697,31.983,10.115,13.074,18.445,19.613,6.014,8.729,20.12,18.823,13.136,45.103,6.211,9.336,7.764,5.829,18.865,2.766,14.787,20.16,24.612,4.048,28.357,30.374,17.001,18.999,10.437,14.301,17.367,18.354,8.595,13.157,7.507,14.669,20.942,17.801,8.828,14.416,14.705,2.636,12.367,8.487,10.907,18.074,12.448,11.595,7.725,3.442,18.639,11.832,5.687,8.966,7.337,6.668,12.11,3.97,16.41,5.5,7.736,4.466,7.519,5.327,15.66,3.93,7.967,11.643,5.875,5.9,6.313,13.267,7.368,3.595,13.767,7.715,17.403,8.705,4.943,3.445,7.806,6.538,2.932,16.154,1.468,12.312,9.746,5.563,5.017,4.24,6.338,7.238,2.854,5.494,1.733,3.329,2.491,1.272,3.354,4.816,3.542,5.623,2.481,2.696,1.619,1.031,3.02,5.32,10000
