0.0,10.98,11.21,11.99,26.23,29.11,24.67,8.03,3.65,13.19,9.37,7.02,8.84,12.13,26.97,20.33,9.03,11.37,7.91,56.92,20.57,27.75,4.07,13.64,9.94,5.93,6.79,13.94,14.56,6.29,4.28,2.77,1.22,4.7,4.05,2.92,11.82,2.87,4.46,5.59,4.19,2.45,11.54,14.51,13.76,12.83,4.64,5.48,1.36,1.45,3.37,10.38,5.78,7.64,5.65,9.37,2.6,5.9,8.29,4.64,10.15,4.01,1.77,5.57,1.97,4.37,8.97,7.19,21.84,25.76,23.49,24.84,21.72,23.25,19.87,22.8,56.74,57.11,58.12,58.01,55.57,14.15,27.35,24.63,28.31,27.67,29.07,28.67,28.88,13.74,12.59,17.53,33.2,23.92,10.92,10.03,13.1,22.78,8.54,28.42,10.14,23.57,11.96,12.1,29.69,14.75,28.74,7.33,34.84,12.08,19.39,10.41,12.5,10.21,28.25,26.82,29.34,13.19,12.66,27.77,16.13
10.98,0.0,12.32,22.4,15.26,18.14,13.7,9.92,14.4,21.49,2.31,8.91,3.56,22.54,15.99,13.7,19.44,22.25,9.01,51.7,13.51,16.77,11.47,24.05,2.62,6.43,8.68,24.36,24.97,8.17,11.68,10.17,9.65,9.16,9.95,10.32,22.23,8.77,6.66,7.48,7.63,8.27,21.95,24.92,24.17,23.24,12.04,12.89,12.11,11.86,13.78,20.79,16.53,18.39,16.06,19.78,13.35,16.65,18.7,15.39,20.56,14.76,12.52,16.32,12.38,15.12,10.08,5.16,13.2,17.7,15.42,16.78,13.65,12.27,14.64,14.73,51.52,51.89,52.9,52.79,50.35,15.25,16.38,13.66,17.33,16.7,18.09,17.69,17.9,19.87,22.04,27.94,27.98,18.7,23.46,23.59,23.85,17.56,4.43,29.53,0.84,12.6,4.64,13.2,18.71,3.77,17.76,4.08,25.49,1.11,8.42,11.51,1.53,2.89,17.27,15.84,18.37,14.3,1.69,16.8,5.15
11.21,12.32,0.0,22.62,27.66,32.08,26.0,10.14,14.62,24.17,10.71,9.13,10.17,22.76,29.93,26.0,19.66,22.34,3.31,64.01,25.82,30.71,11.69,24.28,11.28,7.26,8.91,24.58,25.2,8.4,11.9,10.39,9.88,9.38,10.18,10.54,22.46,9.0,6.88,7.7,7.85,8.49,22.17,25.14,24.4,23.47,12.27,13.11,12.34,12.08,14.0,21.01,16.75,18.61,16.29,20.0,13.58,16.87,18.92,15.62,20.78,14.99,12.75,16.55,12.6,15.34,3.48,8.52,25.5,32.68,27.73,29.08,25.96,24.58,26.95,27.04,63.83,64.2,65.21,65.1,62.65,3.44,30.32,25.96,31.27,30.64,32.03,31.63,31.84,24.72,23.56,28.16,40.29,31.01,21.9,21.01,24.07,29.87,9.87,17.72,11.47,24.9,13.3,1.4,30.49,16.08,29.54,8.66,24.13,13.42,20.72,1.51,13.83,11.54,27.3,26.5,30.15,2.49,14.0,28.58,17.46
11.99,22.4,22.62,0.0,25.87,28.75,24.31,19.54,13.38,11.23,20.88,18.53,20.35,2.36,26.61,18.37,10.81,9.41,19.41,54.96,18.61,27.39,15.57,3.87,21.45,17.44,18.3,4.18,3.95,17.8,15.78,14.28,13.02,16.21,15.56,14.43,1.02,14.38,15.97,17.1,15.7,14.26,1.77,4.44,3.99,3.06,16.15,16.99,13.4,12.0,8.9,12.14,13.5,10.02,7.41,11.14,14.64,10.73,10.07,14.0,9.56,13.86,13.81,14.93,10.48,13.01,20.48,18.7,19.88,23.8,21.53,22.88,19.75,20.22,17.9,20.84,54.78,55.15,56.16,56.05,53.6,25.66,26.99,24.27,27.95,27.31,28.71,24.85,25.87,11.78,10.63,6.91,31.24,21.96,8.96,8.07,11.13,20.82,20.05,39.93,21.65,23.21,23.47,23.61,29.33,26.26,28.38,18.84,36.11,23.59,23.89,21.92,24.01,21.72,27.89,26.46,28.98,24.7,24.17,27.41,27.64
26.23,15.26,27.66,25.87,0.0,4.33,1.87,25.19,24.56,15.68,17.58,24.18,18.83,25.07,2.18,7.89,22.09,16.44,24.29,45.89,7.7,2.96,26.74,23.19,17.89,21.7,23.95,22.67,25.42,23.45,26.95,25.44,24.92,24.43,25.23,25.59,25.23,24.04,21.93,22.75,22.9,23.54,24.08,23.24,23.43,24.65,27.32,28.16,27.38,27.13,27.81,31.05,24.69,21.21,26.32,24.13,25.6,21.91,23.58,25.19,20.74,25.05,26.48,26.12,27.65,24.2,25.35,20.43,7.39,4.93,7.21,5.85,7.84,6.46,8.83,8.92,45.71,46.08,47.09,46.98,44.54,26.82,1.64,1.72,3.52,2.89,4.28,3.89,4.09,14.06,16.23,30.74,22.17,12.89,17.65,17.78,18.04,11.75,19.7,19.59,16.11,2.92,19.91,26.28,3.6,14.69,2.65,19.35,10.38,15.47,7.51,26.79,13.75,18.16,3.11,1.68,3.26,25.38,14.99,1.69,16.07
29.11,18.14,32.08,28.75,4.33,0.0,4.75,28.07,27.44,18.56,20.47,27.06,21.71,27.95,2.7,10.77,24.97,19.32,27.17,48.77,10.58,1.44,29.62,26.07,20.78,24.58,26.84,25.55,28.3,26.33,29.83,28.32,27.81,27.31,28.11,28.47,28.11,26.93,24.81,25.63,25.78,26.42,26.96,26.12,26.32,27.54,30.2,31.04,30.26,30.01,30.69,33.93,27.57,24.09,29.2,27.01,28.49,24.79,26.46,28.07,23.62,27.93,29.36,29.0,30.53,27.08,28.23,23.31,10.27,4.82,7.1,5.74,10.72,9.34,11.72,8.89,48.59,48.96,49.97,49.86,47.42,31.24,3.08,4.6,2.42,3.4,1.46,3.78,2.75,16.95,19.11,33.62,25.05,15.77,20.54,20.66,20.92,14.63,22.58,24.0,18.99,5.8,22.8,30.7,3.93,17.57,3.37,22.23,10.72,18.35,10.39,29.67,16.63,21.04,7.53,6.09,4.44,29.8,17.87,4.61,18.95
24.67,13.7,26.0,24.31,1.87,4.75,0.0,23.63,23.0,14.12,16.03,22.62,17.27,23.51,2.61,6.33,20.53,14.88,22.73,44.33,6.14,3.39,25.18,21.63,16.34,20.14,22.4,21.11,23.86,21.89,25.39,23.88,23.36,22.87,23.67,24.03,23.67,22.48,20.37,21.19,21.34,21.98,22.52,21.68,21.87,23.09,25.76,26.6,25.82,25.57,26.25,29.49,23.13,19.65,24.76,22.57,24.04,20.35,22.02,23.63,19.18,23.49,24.92,24.56,26.09,22.64,23.79,18.87,5.83,5.36,8.05,6.28,6.28,4.9,7.28,7.36,44.15,44.52,45.53,45.42,42.98,27.6,3.0,0.54,3.95,3.32,4.71,4.31,4.52,12.5,14.67,29.18,20.61,11.33,16.09,16.22,16.48,10.19,18.14,20.37,14.55,1.09,18.36,27.06,5.33,13.13,4.38,17.79,12.11,13.91,5.95,25.23,12.19,16.6,3.89,2.46,4.99,26.16,13.43,3.41,14.51
8.03,9.92,10.14,19.54,25.19,28.07,23.63,0.0,11.52,21.07,8.23,1.01,7.7,19.66,25.82,23.53,16.56,19.24,6.76,61.53,23.34,26.6,8.59,21.18,8.8,4.78,3.66,21.48,22.09,3.36,8.8,7.29,6.78,5.65,6.45,7.44,19.36,5.58,3.78,2.7,4.12,5.39,19.07,22.04,21.3,20.37,9.17,10.01,9.23,8.98,10.9,17.91,13.65,15.51,13.19,16.9,10.48,13.77,15.82,12.52,17.68,11.89,9.64,13.45,9.5,12.24,7.83,6.04,23.03,27.53,25.25,26.61,23.48,22.1,24.48,24.57,61.35,61.72,62.73,62.62,60.18,13.0,26.21,23.49,27.16,26.53,27.92,27.53,27.73,21.62,20.46,25.06,37.81,28.53,18.8,17.91,20.97,27.39,7.4,27.28,8.99,22.43,10.82,10.95,28.54,13.6,27.59,6.19,33.69,10.94,18.25,9.26,11.36,9.07,27.1,25.67,28.2,12.05,11.52,26.63,14.98
3.65,14.4,14.62,13.38,24.56,27.44,23.0,11.52,0.0,9.95,13.02,10.67,12.49,12.6,25.32,17.08,3.92,8.12,11.55,53.68,17.33,26.1,7.71,10.72,13.59,9.57,10.44,10.2,12.95,9.93,7.92,6.41,4.86,8.35,7.69,6.56,12.76,6.52,8.11,9.24,7.84,6.1,11.61,10.77,10.96,12.18,8.29,9.13,4.25,5.1,7.02,12.85,2.53,4.39,8.12,5.93,1.44,2.65,5.39,1.4,4.33,1.26,2.31,2.33,5.61,1.12,12.62,10.84,18.6,22.52,20.24,21.6,18.47,18.94,16.62,19.55,53.5,53.87,54.87,54.77,52.32,17.79,25.71,22.99,26.66,26.03,27.42,23.56,24.59,10.5,9.34,18.27,29.96,20.67,7.68,6.79,9.85,19.54,12.19,32.07,13.78,21.93,15.61,15.74,28.04,18.39,27.09,10.98,34.82,15.73,22.61,14.05,16.15,13.86,26.6,25.17,27.7,16.84,16.31,26.13,19.77
13.19,21.49,24.17,11.23,15.68,18.56,14.12,21.07,9.95,0.0,23.8,22.82,25.05,10.45,16.44,8.2,7.47,1.83,23.71,44.8,8.45,17.22,19.87,8.58,24.11,21.73,22.6,8.06,10.8,22.09,20.08,18.57,14.41,20.5,19.85,18.72,10.62,18.68,20.26,21.39,19.99,15.64,9.46,8.62,8.82,10.04,20.44,21.28,13.8,16.29,13.19,16.43,10.07,6.59,11.7,9.51,10.99,7.3,8.97,10.57,6.13,10.43,11.86,11.5,14.77,9.58,24.77,26.65,9.71,13.63,11.36,12.72,9.59,10.05,7.74,10.67,44.62,44.98,45.99,45.88,43.44,29.95,16.83,14.1,17.78,17.15,18.54,14.68,15.71,1.62,1.1,16.13,21.07,11.79,3.04,3.16,3.47,10.66,25.92,34.2,22.33,13.04,26.13,27.9,19.16,20.9,18.21,25.57,25.94,21.69,13.73,26.21,19.97,24.38,17.72,16.29,18.82,28.99,21.21,17.25,22.28
9.37,2.31,10.71,20.88,17.58,20.47,16.03,8.23,13.02,23.8,0.0,7.31,1.54,20.94,18.3,16.01,17.84,24.57,7.41,54.02,15.83,19.08,9.87,22.45,1.28,4.82,7.08,22.75,23.37,6.57,10.08,8.57,8.05,7.55,8.35,8.72,20.63,7.17,5.06,5.88,6.02,6.67,20.35,23.32,22.57,21.64,10.44,11.28,10.51,10.26,12.18,19.18,14.92,16.79,14.46,18.17,11.75,15.05,17.1,13.79,18.96,13.16,10.92,14.72,10.78,13.52,8.48,3.56,15.51,20.01,17.73,19.09,15.96,14.58,16.96,17.05,53.84,54.2,55.21,55.1,52.66,13.65,18.69,15.97,19.65,19.01,20.41,20.01,20.22,22.19,24.35,26.34,30.3,21.01,20.07,19.18,26.16,19.88,2.83,27.93,1.47,14.91,3.3,11.6,21.02,6.08,20.07,2.48,27.81,3.42,10.73,9.91,3.84,1.55,19.59,18.15,20.68,12.7,4.0,19.11,7.46
7.02,8.91,9.13,18.53,24.18,27.06,22.62,1.01,10.67,22.82,7.31,0.0,6.69,18.65,24.81,22.52,15.55,18.23,5.75,60.52,22.34,25.59,7.58,20.17,7.79,3.77,2.65,20.47,21.09,2.35,7.79,6.28,5.77,4.64,5.44,6.43,18.35,4.57,2.77,1.69,3.11,4.38,18.06,21.03,20.29,19.36,8.16,9.0,8.23,7.97,9.89,16.9,12.64,14.5,12.18,15.89,9.47,12.76,14.81,11.51,16.67,10.88,8.63,12.44,8.49,11.23,6.82,5.04,22.02,26.52,24.24,25.6,22.47,21.09,23.47,23.56,60.35,60.71,61.72,61.61,59.17,11.99,25.2,22.48,26.16,25.52,26.92,26.52,26.72,20.61,19.45,24.05,36.8,27.52,17.79,16.9,19.96,26.39,6.39,26.27,7.98,21.42,9.81,9.94,27.53,12.59,26.58,5.18,32.68,9.93,17.24,8.25,10.35,8.06,26.1,24.66,27.19,11.04,10.51,25.62,13.97
8.84,3.56,10.17,20.35,18.83,21.71,17.27,7.7,12.49,25.05,1.54,6.69,0.0,20.4,19.55,17.25,17.3,19.99,6.88,55.26,17.07,20.33,9.34,21.92,2.53,4.29,6.55,22.22,22.84,6.04,9.55,8.04,7.52,7.02,7.82,8.19,20.1,6.64,4.53,5.35,5.49,6.14,19.81,22.79,22.04,21.11,9.91,10.75,9.98,9.73,11.65,18.65,14.39,16.26,13.93,17.64,11.22,14.52,16.57,13.26,18.43,12.63,10.39,14.19,10.24,12.99,7.94,3.03,16.75,21.25,18.98,20.33,17.21,15.83,18.2,18.29,55.08,55.45,56.46,56.35,53.9,13.12,19.94,17.21,20.89,20.26,21.65,21.25,21.46,23.43,25.59,25.8,31.54,22.26,19.54,18.65,27.4,21.12,2.3,27.4,2.72,16.15,4.55,11.07,22.27,7.33,21.32,1.95,29.05,4.67,11.97,9.38,5.08,2.79,20.83,19.4,21.93,12.17,5.25,20.35,8.71
12.13,22.54,22.76,2.36,25.07,27.95,23.51,19.66,12.6,10.45,20.94,18.65,20.4,0.0,25.83,17.59,10.12,8.62,19.55,54.18,17.83,26.6,15.71,3.09,21.59,17.57,18.44,3.39,4.29,17.93,15.92,14.41,13.16,16.35,15.69,14.56,1.74,14.52,16.11,17.24,15.84,14.39,0.99,3.96,2.96,2.03,16.29,17.13,13.54,12.14,9.04,12.27,12.72,9.24,7.55,11.28,14.78,9.95,10.2,13.22,8.78,13.08,13.95,14.15,10.62,12.23,20.62,18.84,19.1,23.02,20.75,22.1,18.97,19.44,17.12,20.06,54.0,54.37,55.38,55.27,52.82,25.79,26.21,23.49,27.17,26.53,27.93,24.07,25.09,11.0,9.85,7.25,30.46,21.18,8.18,7.29,10.35,20.04,20.19,40.07,21.78,22.43,23.61,23.74,28.55,26.39,27.59,18.98,35.33,23.73,23.11,22.05,24.15,21.86,27.11,25.68,28.2,24.84,24.31,26.63,27.77
26.97,15.99,29.93,26.61,2.18,2.7,2.61,25.82,25.32,16.44,18.3,24.81,19.55,25.83,0.0,8.62,22.83,17.18,25.02,46.63,8.44,1.33,27.48,23.93,18.63,22.43,24.69,23.41,26.15,24.18,27.68,26.18,25.66,25.16,25.96,26.33,25.97,24.78,22.66,23.49,23.63,24.28,24.82,23.97,24.17,25.39,28.05,28.89,28.12,27.87,28.55,31.78,25.43,21.94,27.06,24.86,26.34,22.65,24.32,25.92,21.48,25.79,27.21,26.85,28.38,24.93,26.08,21.17,8.12,3.24,5.51,4.15,8.57,7.19,9.57,9.66,46.45,46.82,47.82,47.72,45.27,29.09,0.94,2.45,1.89,1.19,2.65,2.19,2.4,14.8,16.96,31.48,22.91,13.62,18.39,18.51,18.77,12.49,20.43,21.86,16.84,3.66,20.65,28.55,4.94,15.42,4.37,20.09,11.72,16.2,8.24,27.52,14.48,18.9,5.38,3.95,5.3,27.65,15.72,3.72,16.8
20.33,13.7,26.0,18.37,7.89,10.77,6.33,23.53,17.08,8.2,16.01,22.52,17.25,17.59,8.62,0.0,14.61,8.96,22.71,38.41,1.66,9.42,25.16,15.71,16.32,20.12,22.38,15.19,17.94,21.87,25.37,23.86,23.35,22.85,23.65,24.02,17.75,22.47,20.35,21.18,21.32,21.96,16.6,15.76,15.95,17.17,25.74,26.58,20.93,23.43,20.33,23.57,17.21,13.73,18.84,16.65,18.12,14.43,16.1,17.71,13.26,17.57,19.0,18.64,21.91,16.72,23.77,18.86,2.89,5.84,3.56,4.92,1.79,2.26,1.36,2.88,38.23,38.6,39.61,39.5,37.06,28.95,9.03,6.31,9.99,9.35,10.75,6.89,7.91,6.58,8.75,23.26,14.69,5.41,10.17,10.3,10.56,4.27,18.12,26.4,14.53,5.25,18.34,26.9,11.36,13.11,10.41,17.77,18.15,13.89,5.93,25.21,12.17,16.59,9.93,8.49,11.02,27.99,13.41,9.45,14.49
9.03,19.44,19.66,10.81,22.09,24.97,20.53,16.56,3.92,7.47,17.84,15.55,17.3,10.12,22.83,14.61,0.0,5.65,16.46,51.21,14.86,23.63,12.62,8.25,18.5,14.48,15.35,7.73,10.48,14.84,12.83,11.32,10.07,13.26,12.6,11.47,10.63,11.43,13.02,14.15,12.74,11.3,9.14,8.29,8.49,9.71,13.2,14.04,10.45,9.05,5.95,9.18,4.04,2.32,4.46,2.27,4.96,1.27,1.72,4.54,1.35,4.4,5.83,5.47,7.52,3.55,17.52,15.74,16.12,20.04,17.77,19.13,16.0,16.46,14.15,17.08,51.03,51.39,52.4,52.29,49.85,22.7,23.24,20.51,24.19,23.56,24.95,21.09,22.12,8.03,6.87,16.33,27.48,18.2,5.2,4.32,7.38,17.07,17.09,36.98,18.69,19.45,20.52,20.65,25.57,23.3,24.62,15.89,32.35,20.64,20.14,18.96,21.05,18.76,24.13,22.7,25.23,21.74,21.22,23.66,24.68
11.37,22.25,22.34,9.41,16.44,19.32,14.88,19.24,8.12,1.83,24.57,18.23,19.99,8.62,17.18,8.96,5.65,0.0,21.88,45.56,9.21,17.98,18.04,6.75,24.87,19.9,20.77,6.23,8.98,20.26,18.25,16.74,12.58,18.68,18.02,16.89,8.79,16.85,18.44,19.57,18.17,13.82,7.64,6.8,6.99,8.21,18.62,19.46,11.97,14.47,11.37,14.6,8.25,4.77,9.88,7.69,9.16,5.47,7.14,8.74,4.3,8.61,10.03,9.68,12.94,7.76,22.95,21.16,10.47,14.39,12.12,13.48,10.35,10.81,8.5,11.43,45.38,45.74,46.75,46.64,44.2,28.12,17.59,14.86,18.54,17.91,19.3,15.44,16.47,2.38,1.22,14.3,21.84,12.55,1.21,1.33,2.2,11.42,22.52,34.96,23.09,13.81,26.89,26.07,19.92,21.67,18.97,21.31,26.7,22.45,14.49,24.38,20.73,25.14,18.48,17.05,19.58,27.17,21.97,18.01,23.05
7.91,9.01,3.31,19.41,24.29,27.17,22.73,6.76,11.55,23.71,7.41,5.75,6.88,19.55,25.02,22.71,16.46,21.88,0.0,60.7,22.51,25.77,8.39,20.97,7.97,3.95,5.6,21.27,21.89,5.09,8.6,7.09,6.57,6.07,6.87,7.24,19.15,5.69,3.58,4.4,4.54,5.19,18.86,21.84,21.09,20.16,8.96,9.8,9.03,8.78,10.7,17.7,13.44,15.3,12.98,16.69,10.27,13.56,15.62,12.31,17.48,11.68,9.44,13.24,9.29,12.04,1.06,5.21,22.2,26.7,24.42,25.78,22.65,21.27,23.65,23.73,60.52,60.89,61.9,61.79,59.35,6.24,25.38,22.66,26.33,25.7,27.09,26.69,26.9,21.41,20.26,24.85,36.98,27.7,18.59,17.7,20.77,26.56,6.57,20.52,8.16,21.6,9.99,4.19,27.71,12.77,26.76,5.36,26.93,10.11,17.42,2.5,10.53,8.24,26.27,24.84,27.37,5.28,10.69,25.8,14.15
56.92,51.7,64.01,54.96,45.89,48.77,44.33,61.53,53.68,44.8,54.02,60.52,55.26,54.18,46.63,38.41,51.21,45.56,60.7,0.0,38.66,47.43,63.17,52.31,54.32,58.13,60.38,51.79,54.53,59.88,63.38,61.87,58.14,60.86,61.66,62.02,54.35,60.47,58.36,59.18,59.33,59.97,53.19,52.35,52.55,53.77,63.75,64.59,57.53,60.02,56.93,60.16,53.8,50.32,55.44,53.24,54.72,51.03,52.7,54.3,49.86,54.17,55.59,55.23,58.5,53.31,61.78,56.86,39.92,43.84,41.57,42.93,39.8,40.27,37.66,40.88,1.01,0.97,1.73,1.91,1.36,66.96,47.04,44.32,47.99,47.36,48.75,44.89,45.92,43.18,45.34,59.86,32.41,33.0,46.77,46.89,47.15,37.82,56.13,64.41,52.54,43.26,56.34,64.91,49.37,51.12,48.42,55.78,56.15,51.9,43.94,63.22,50.18,54.59,47.93,46.5,49.03,66.0,51.42,47.46,52.5
20.57,13.51,25.82,18.61,7.7,10.58,6.14,23.34,17.33,8.45,15.83,22.34,17.07,17.83,8.44,1.66,14.86,9.21,22.51,38.66,0.0,9.24,24.98,15.96,16.14,19.94,22.2,15.44,18.18,21.69,25.19,23.68,23.17,22.67,23.47,23.83,18.0,22.28,20.17,20.99,21.14,21.78,16.85,16.0,16.2,17.42,25.56,26.4,21.18,23.68,20.58,23.81,17.46,13.97,19.09,16.9,18.37,14.68,16.35,17.95,13.51,17.82,19.24,18.88,22.15,16.96,23.59,18.67,1.9,5.66,3.38,4.74,1.61,2.08,1.6,2.69,38.48,38.85,39.85,39.75,37.3,28.77,8.85,6.13,9.8,9.17,10.56,6.7,7.73,6.83,8.99,23.51,14.94,5.65,10.42,10.54,10.8,4.52,17.94,26.22,14.35,5.07,18.16,26.72,11.18,12.93,10.23,17.59,17.96,13.71,5.75,25.03,11.99,16.4,9.74,8.31,10.84,27.81,13.23,9.27,14.31
27.75,16.77,30.71,27.39,2.96,1.44,3.39,26.6,26.1,17.22,19.08,25.59,20.33,26.6,1.33,9.42,23.63,17.98,25.77,47.43,9.24,0.0,28.25,24.71,19.41,23.21,25.47,24.19,26.93,24.96,28.46,26.95,26.44,25.94,26.74,27.11,26.75,25.56,23.44,24.27,24.41,25.06,25.59,24.75,24.95,26.17,28.83,29.67,28.9,28.64,29.33,32.56,26.2,22.72,27.84,25.64,27.12,23.43,25.1,26.7,22.26,26.57,27.99,27.63,29.16,25.71,26.86,21.95,8.9,4.08,6.35,5.0,9.35,7.97,10.35,10.44,47.23,47.59,48.6,48.5,46.05,29.87,1.72,3.23,1.31,2.04,2.07,3.03,1.97,15.58,17.74,32.26,23.69,14.4,19.17,19.29,19.55,13.27,21.21,22.64,17.62,4.44,21.43,29.33,3.42,16.2,2.85,20.87,10.2,16.98,9.02,28.3,15.26,19.68,6.16,4.73,3.92,28.43,16.5,4.5,17.58
4.07,11.47,11.69,15.57,26.74,29.62,25.18,8.59,7.71,19.87,9.87,7.58,9.34,15.71,27.48,25.16,12.62,18.04,8.39,63.17,24.98,28.25,0.0,17.28,10.41,6.39,7.26,17.58,18.2,6.75,1.86,2.32,2.88,3.76,3.11,1.32,15.46,3.05,4.92,6.05,4.65,4.11,15.17,18.14,17.4,16.47,1.2,2.04,5.34,4.03,7.0,10.13,9.75,11.61,9.29,13.0,6.58,9.87,11.92,8.62,13.78,7.99,5.75,9.55,5.6,8.34,9.43,7.65,24.64,29.13,26.86,28.22,25.09,23.71,26.08,26.17,62.96,63.33,64.34,64.23,61.78,14.61,27.82,25.09,28.77,28.14,29.53,29.13,29.34,17.72,16.56,21.16,39.42,30.14,14.9,14.01,17.07,29.0,9.0,28.88,10.6,24.03,12.43,12.56,30.15,15.21,29.2,7.79,35.3,12.55,19.86,10.87,12.96,10.67,28.71,27.28,29.81,13.65,13.13,28.23,16.59
13.64,24.05,24.28,3.87,23.19,26.07,21.63,21.18,10.72,8.58,22.45,20.17,21.92,3.09,23.93,15.71,8.25,6.75,20.97,52.31,15.96,24.71,17.28,0.0,23.11,19.09,19.96,0.95,4.27,19.45,17.44,15.93,14.68,17.87,17.21,16.08,3.26,16.04,17.63,18.76,17.35,15.91,2.11,2.09,1.45,2.0,17.81,18.65,15.06,13.66,10.56,13.79,10.85,7.37,9.07,10.29,11.76,8.07,9.74,11.35,6.9,11.21,12.63,12.28,12.13,10.36,22.13,20.35,17.22,21.14,18.87,20.23,17.1,17.57,15.25,18.18,52.13,52.5,53.5,53.4,50.95,27.31,24.34,21.62,25.29,24.66,26.05,22.19,23.22,9.13,7.97,8.77,28.59,19.3,6.31,5.42,8.48,18.17,21.7,41.71,23.3,20.56,25.13,25.26,26.67,28.42,25.72,20.5,33.45,25.25,21.24,23.57,27.48,23.38,25.23,23.8,26.33,26.35,28.72,24.76,29.8
9.94,2.62,11.28,21.45,17.89,20.78,16.34,8.8,13.59,24.11,1.28,7.79,2.53,21.59,18.63,16.32,18.5,24.87,7.97,54.32,16.14,19.41,10.41,23.11,0.0,5.41,7.67,23.34,23.96,7.16,10.66,9.15,8.64,8.14,8.94,9.31,21.22,7.76,5.64,6.47,6.61,7.26,20.93,23.91,23.16,22.23,11.03,11.87,11.1,10.84,12.77,19.77,15.51,17.37,15.05,18.76,12.34,15.63,17.68,14.38,19.54,13.75,11.51,15.31,11.36,14.1,9.06,4.15,15.84,20.34,18.06,19.42,16.29,14.91,17.29,17.37,54.16,54.53,55.54,55.43,52.99,14.24,19.02,16.3,19.97,19.34,20.73,20.33,20.54,22.51,24.68,26.92,30.62,21.34,20.66,19.77,26.49,20.2,3.41,28.52,1.8,15.24,2.7,12.19,21.35,6.41,20.4,3.07,28.13,3.75,11.06,10.5,4.17,1.29,19.91,18.48,21.01,13.28,4.33,19.44,7.79
5.93,6.43,7.26,17.44,21.7,24.58,20.14,4.78,9.57,21.73,4.82,3.77,4.29,17.57,22.43,20.12,14.48,19.9,3.95,58.13,19.94,23.21,6.39,19.09,5.41,0.0,3.63,19.31,19.92,3.13,6.63,5.12,4.6,4.11,4.9,5.27,17.19,3.72,1.61,2.43,2.58,3.22,16.9,19.87,19.12,18.2,7.0,7.84,7.06,6.81,8.73,15.74,11.48,13.34,11.01,14.73,8.3,11.6,13.65,10.34,15.51,9.72,7.47,11.28,7.33,10.07,5.03,1.26,19.62,24.12,21.85,23.2,20.08,18.7,21.07,21.16,57.95,58.32,59.32,59.22,56.77,10.21,22.8,20.08,23.76,23.12,24.52,24.12,24.33,26.3,18.29,22.89,34.41,25.12,16.62,15.74,18.8,23.99,3.99,24.48,5.59,19.02,7.41,8.16,25.14,10.2,24.19,1.41,30.9,7.53,14.84,6.47,7.95,5.66,23.7,22.27,24.8,9.25,8.12,23.22,11.58
6.79,8.68,8.91,18.3,23.95,26.84,22.4,3.66,10.44,22.6,7.08,2.65,6.55,18.44,24.69,22.38,15.35,20.77,5.6,60.38,22.2,25.47,7.26,19.96,7.67,3.63,0.0,20.24,20.86,1.82,7.57,6.06,5.54,4.41,5.21,6.21,18.12,4.35,2.55,2.05,2.88,4.16,17.84,20.81,20.06,19.13,7.93,8.77,8.0,7.75,9.67,16.67,12.41,14.28,11.95,15.66,9.24,12.54,14.59,11.28,16.45,10.65,8.41,12.21,8.27,11.01,6.59,4.81,21.79,26.29,24.02,25.37,22.25,20.87,23.24,23.33,60.12,60.49,61.5,61.39,58.94,11.77,24.98,22.25,25.93,25.3,26.69,26.29,26.5,20.38,19.23,23.83,36.58,27.29,17.56,16.67,19.74,26.16,6.16,26.04,7.76,21.19,9.59,9.72,27.31,12.37,26.36,4.95,32.46,9.71,17.01,8.03,10.12,7.83,25.87,24.44,26.97,10.81,10.29,25.39,13.75
13.94,24.36,24.58,4.18,22.67,25.55,21.11,21.48,10.2,8.06,22.75,20.47,22.22,3.39,23.41,15.19,7.73,6.23,21.27,51.79,15.44,24.19,17.58,0.95,23.34,19.31,20.24,0.0,3.75,19.75,17.74,16.23,14.98,18.17,17.51,16.38,3.56,16.34,17.93,19.06,17.66,16.21,2.41,1.57,0.76,2.32,18.11,18.95,15.36,13.96,10.86,14.09,10.33,6.85,9.37,9.77,11.24,7.55,9.22,10.82,6.38,10.69,12.11,11.76,12.43,9.84,22.43,20.65,16.7,20.62,18.35,19.71,16.58,17.05,14.73,17.66,51.61,51.97,52.98,52.88,50.43,27.61,23.82,21.09,24.77,24.14,25.53,21.67,22.7,8.61,7.45,9.07,28.07,18.78,5.79,4.9,7.96,17.65,22.01,41.19,23.6,20.04,25.43,25.56,26.15,27.9,25.2,20.8,32.93,28.68,20.72,23.87,26.96,23.68,24.71,23.28,25.81,26.66,28.2,24.24,29.28
14.56,24.97,25.2,3.95,25.42,28.3,23.86,22.09,12.95,10.8,23.37,21.09,22.84,4.29,26.15,17.94,10.48,8.98,21.89,54.53,18.18,26.93,18.2,4.27,23.96,19.92,20.86,3.75,0.0,20.37,18.36,16.85,15.59,18.78,18.13,17.0,2.93,16.96,18.54,19.67,18.27,16.83,3.7,2.18,4.51,5.0,18.72,19.56,15.98,14.57,11.48,14.71,13.07,9.59,9.98,13.72,13.99,10.3,12.64,13.57,9.13,13.44,16.38,14.5,13.05,12.58,23.05,21.27,19.45,23.37,21.1,22.45,19.32,19.79,17.47,20.41,54.35,54.72,55.73,55.62,53.18,28.23,26.56,23.84,27.52,26.88,28.28,24.42,25.44,11.35,10.2,4.25,21.19,21.53,8.53,7.64,10.71,20.39,22.62,42.5,24.22,22.78,26.05,26.18,28.9,28.83,27.95,21.41,35.68,26.17,23.46,24.49,26.58,24.29,27.46,26.03,28.56,27.27,26.75,26.98,30.21
6.29,8.17,8.4,17.8,23.45,26.33,21.89,3.36,9.93,22.09,6.57,2.35,6.04,17.93,24.18,21.87,14.84,20.26,5.09,59.88,21.69,24.96,6.75,19.45,7.16,3.13,1.82,19.75,20.37,0.0,7.06,5.55,5.03,3.91,4.7,5.7,17.61,3.84,2.04,1.54,2.37,3.65,17.33,20.3,19.55,18.62,7.42,8.27,7.49,7.24,9.16,16.17,11.91,13.77,11.44,15.16,8.73,12.03,14.08,10.77,15.94,10.14,7.9,11.7,7.76,10.5,6.08,4.3,21.29,25.78,23.51,24.87,21.74,20.36,22.73,22.82,59.61,59.98,60.99,60.88,58.43,11.26,24.47,21.74,25.42,24.79,26.18,25.78,25.99,19.88,18.72,23.32,36.07,26.79,17.05,16.16,19.23,25.65,5.65,25.54,7.25,20.68,9.08,9.21,26.8,11.86,25.85,4.44,31.95,9.2,16.51,7.52,9.61,7.32,25.36,23.93,26.46,10.3,9.78,24.89,13.24
4.28,11.68,11.9,15.78,26.95,29.83,25.39,8.8,7.92,20.08,10.08,7.79,9.55,15.92,27.68,25.37,12.83,18.25,8.6,63.38,25.19,28.46,1.86,17.44,10.66,6.63,7.57,17.74,18.36,7.06,0.0,2.53,3.09,4.11,3.46,1.98,15.67,3.55,5.13,6.26,4.86,4.32,15.38,18.35,17.61,16.68,2.27,3.11,5.55,4.04,7.21,6.29,9.96,11.82,9.5,13.21,6.79,10.08,12.13,8.83,13.99,8.2,5.96,9.76,5.81,8.55,9.64,7.86,24.84,29.34,27.07,28.42,25.3,23.92,26.29,26.38,63.17,63.54,64.55,64.44,61.99,14.82,28.03,25.3,28.98,28.35,29.74,29.34,29.55,17.93,16.77,21.37,39.63,30.35,15.11,14.22,17.28,29.21,9.21,29.09,10.81,24.24,12.64,12.77,30.36,15.42,29.41,8.0,35.51,12.76,20.07,11.08,13.17,10.88,28.92,27.49,30.02,13.86,13.34,28.44,16.8
2.77,10.17,10.39,14.28,25.44,28.32,23.88,7.29,6.41,18.57,8.57,6.28,8.04,14.41,26.18,23.86,11.32,16.74,7.09,61.87,23.68,26.95,2.32,15.93,9.15,5.12,6.06,16.23,16.85,5.55,2.53,0.0,1.58,3.08,2.43,1.17,14.16,2.04,3.62,4.76,3.35,2.81,13.87,16.84,16.1,15.17,2.9,3.74,4.04,3.62,5.7,12.71,8.45,10.31,7.99,11.7,5.28,8.57,10.62,7.32,12.48,6.69,4.45,8.25,4.3,7.04,8.13,6.35,23.34,27.83,25.56,26.92,23.79,22.41,24.78,24.87,61.66,62.03,63.04,62.93,60.48,13.31,26.52,23.79,27.47,26.84,28.23,27.83,28.04,16.42,15.26,19.86,38.12,28.84,13.6,12.71,15.77,27.7,7.7,27.59,9.3,22.73,11.13,11.26,28.85,13.91,27.9,6.49,34.0,11.25,18.56,9.57,11.66,9.37,27.41,25.98,28.51,12.35,11.83,26.94,15.29
1.22,9.65,9.88,13.02,24.92,27.81,23.36,6.78,4.86,14.41,8.05,5.77,7.52,13.16,25.66,23.35,10.07,12.58,6.57,58.14,23.17,26.44,2.88,14.68,8.64,4.6,5.54,14.98,15.59,5.03,3.09,1.58,0.0,3.53,2.88,1.75,12.91,1.71,3.29,4.42,2.11,1.23,12.62,15.59,14.84,13.92,3.47,4.31,2.57,2.53,4.45,11.46,6.98,8.84,6.73,10.45,3.81,7.1,9.37,5.85,11.23,5.22,2.98,6.78,3.05,5.58,7.8,6.02,23.0,27.5,25.23,26.58,23.46,22.08,21.07,24.54,57.95,58.32,59.33,59.22,56.77,12.98,26.19,23.46,27.14,26.51,27.9,27.5,27.71,14.95,13.8,18.61,34.41,25.13,12.13,11.24,14.31,23.99,7.37,27.25,8.97,22.4,10.8,10.93,28.52,13.58,27.57,6.16,33.67,10.92,18.22,9.24,11.33,9.04,27.08,25.65,28.18,12.02,11.5,26.6,14.96
4.7,9.16,9.38,16.21,24.43,27.31,22.87,5.65,8.35,20.5,7.55,4.64,7.02,16.35,25.16,22.85,13.26,18.68,6.07,60.86,22.67,25.94,3.76,17.87,8.14,4.11,4.41,18.17,18.78,3.91,4.11,3.08,3.53,0.0,1.24,2.62,16.09,2.78,3.11,3.21,1.8,4.75,15.81,18.78,18.03,17.1,4.48,5.32,5.97,5.2,7.64,14.65,10.39,12.25,9.92,13.64,7.21,10.51,12.56,9.25,14.42,8.62,6.38,10.18,6.24,8.98,7.15,5.37,22.36,26.85,24.58,25.94,22.81,21.43,23.8,23.89,60.68,61.05,62.06,61.95,59.5,12.33,25.54,22.81,26.49,25.86,27.25,26.85,27.06,18.36,17.2,21.8,37.14,27.86,15.53,14.64,17.71,26.72,6.72,26.61,8.32,21.75,10.15,10.28,27.87,12.93,26.92,5.51,33.02,10.27,17.58,8.59,10.68,8.39,26.43,25.0,27.53,11.37,10.85,25.96,14.31
4.05,9.95,10.18,15.56,25.23,28.11,23.67,6.45,7.69,19.85,8.35,5.44,7.82,15.69,25.96,23.65,12.6,18.02,6.87,61.66,23.47,26.74,3.11,17.21,8.94,4.9,5.21,17.51,18.13,4.7,3.46,2.43,2.88,1.24,0.0,1.96,15.44,2.73,3.91,4.01,2.6,4.09,15.15,18.13,17.38,16.45,3.82,4.66,5.32,4.55,6.99,13.99,9.73,11.59,9.27,12.98,6.56,9.85,11.9,8.6,13.76,7.97,5.73,9.53,5.58,8.32,7.95,6.17,23.15,27.65,25.38,26.73,23.61,22.23,24.6,24.69,61.48,61.85,62.85,62.75,60.3,13.13,26.33,23.61,27.29,26.65,28.05,27.65,27.86,17.7,16.54,21.14,37.94,28.65,14.88,13.99,17.05,27.52,7.52,27.4,9.12,22.55,10.94,11.08,28.67,13.73,27.72,6.31,33.82,11.06,18.37,9.39,11.48,9.19,27.23,25.8,28.32,12.17,11.64,26.75,15.11
2.92,10.32,10.54,14.43,25.59,28.47,24.03,7.44,6.56,18.72,8.72,6.43,8.19,14.56,26.33,24.02,11.47,16.89,7.24,62.02,23.83,27.11,1.32,16.08,9.31,5.27,6.21,16.38,17.0,5.7,1.98,1.17,1.75,2.62,1.96,0.0,14.31,1.9,3.77,4.91,3.5,2.96,14.02,17.0,16.25,15.32,2.25,3.09,4.19,3.07,5.86,11.18,8.6,10.46,8.14,11.85,5.43,8.72,10.77,7.47,12.63,6.84,4.6,8.4,4.45,7.19,8.28,6.5,23.49,27.98,25.71,27.07,23.94,22.56,24.93,25.02,61.81,62.18,63.19,63.08,60.63,13.46,26.67,23.94,27.62,26.99,28.38,27.98,28.19,16.57,15.41,20.01,38.27,28.99,13.75,12.86,15.92,27.85,7.85,27.74,9.45,22.89,11.28,11.41,29.0,14.06,28.05,6.65,34.15,11.4,18.71,9.72,11.81,9.52,27.56,26.13,28.66,12.5,11.98,27.09,15.44
11.82,22.23,22.46,1.02,25.23,28.11,23.67,19.36,12.76,10.62,20.63,18.35,20.1,1.74,25.97,17.75,10.63,8.79,19.15,54.35,18.0,26.75,15.46,3.26,21.22,17.19,18.12,3.56,2.93,17.61,15.67,14.16,12.91,16.09,15.44,14.31,0.0,14.22,15.81,16.94,15.53,14.09,1.15,3.42,3.38,2.45,15.99,16.83,13.24,11.84,8.74,11.97,12.89,9.41,7.25,10.98,14.48,10.11,9.9,13.39,8.94,13.25,13.65,14.32,10.31,12.4,20.31,18.53,19.26,23.19,20.91,22.27,19.14,19.61,17.29,20.22,54.17,54.54,55.54,55.44,52.99,25.49,26.38,23.66,27.33,26.7,28.09,24.23,25.26,11.17,10.01,5.89,30.63,21.34,8.35,7.46,10.52,20.21,19.88,39.77,21.48,22.6,23.31,23.44,28.71,26.09,27.76,18.68,35.49,23.43,23.28,21.75,23.84,21.56,27.27,25.84,28.37,24.53,24.01,26.8,27.47
2.87,8.77,9.0,14.38,24.04,26.93,22.48,5.58,6.52,18.68,7.17,4.57,6.64,14.52,24.78,22.47,11.43,16.85,5.69,60.47,22.28,25.56,3.05,16.04,7.76,3.72,4.35,16.34,16.96,3.84,3.55,2.04,1.71,2.78,2.73,1.9,14.22,0.0,2.58,3.14,1.56,2.84,13.9,16.88,16.13,15.2,4.0,4.84,4.07,3.82,5.74,12.74,8.48,10.34,8.02,11.73,5.31,8.6,10.66,7.35,12.52,6.72,4.48,8.28,4.33,7.08,7.09,5.3,22.29,26.79,24.51,25.87,22.74,21.36,23.74,23.82,60.61,60.98,61.99,61.88,59.44,12.26,25.47,22.75,26.42,25.79,27.18,26.78,26.99,16.45,15.3,19.89,37.07,27.79,13.63,12.74,15.8,26.65,6.66,26.54,8.25,21.69,10.08,10.21,27.8,12.86,26.85,5.45,32.95,10.2,17.51,8.52,10.62,8.33,26.36,24.93,27.46,11.31,10.78,25.89,14.24
4.46,6.66,6.88,15.97,21.93,24.81,20.37,3.78,8.11,20.26,5.06,2.77,4.53,16.11,22.66,20.35,13.02,18.44,3.58,58.36,20.17,23.44,4.92,17.63,5.64,1.61,2.55,17.93,18.54,2.04,5.13,3.62,3.29,3.11,3.91,3.77,15.81,2.58,0.0,1.34,1.49,1.82,15.5,18.47,17.72,16.8,5.6,6.44,5.66,5.41,7.33,14.34,10.08,11.94,9.61,13.33,6.9,10.2,12.25,8.94,14.11,8.32,6.07,9.87,5.93,8.67,4.72,2.94,19.92,24.42,22.14,23.5,20.37,18.99,21.37,21.46,58.25,58.61,59.62,59.51,57.07,9.89,23.1,20.38,24.06,23.42,24.82,24.42,24.63,18.05,16.89,21.49,34.71,25.42,15.22,14.34,17.4,24.29,4.29,24.17,5.89,19.32,7.71,7.85,25.44,10.5,24.48,3.08,30.58,7.83,15.14,6.15,8.25,5.96,24.0,22.56,25.09,8.94,8.41,23.52,11.87
5.59,7.48,7.7,17.1,22.75,25.63,21.19,2.7,9.24,21.39,5.88,1.69,5.35,17.24,23.49,21.18,14.15,19.57,4.4,59.18,20.99,24.27,6.05,18.76,6.47,2.43,2.05,19.06,19.67,1.54,6.26,4.76,4.42,3.21,4.01,4.91,16.94,3.14,1.34,0.0,1.68,2.96,16.63,19.61,18.86,17.93,6.73,7.57,6.8,6.54,8.47,15.47,11.21,13.07,10.75,14.46,8.04,11.33,13.38,10.08,15.24,9.45,7.21,11.01,7.06,9.8,5.39,3.61,20.59,25.09,22.82,24.17,21.04,19.66,22.04,22.13,58.92,59.29,60.29,60.19,57.74,10.57,23.77,21.05,24.73,24.09,25.49,25.09,25.3,19.18,18.02,22.62,35.38,26.09,16.36,15.47,18.53,24.96,4.96,24.84,6.56,19.99,8.38,8.52,26.11,11.17,25.15,3.75,31.26,8.5,15.81,6.83,8.92,6.63,24.67,23.24,25.76,9.61,9.08,24.19,12.55
4.19,7.63,7.85,15.7,22.9,25.78,21.34,4.12,7.84,19.99,6.02,3.11,5.49,15.84,23.63,21.32,12.74,18.17,4.54,59.33,21.14,24.41,4.65,17.35,6.61,2.58,2.88,17.66,18.27,2.37,4.86,3.35,2.11,1.8,2.6,3.5,15.53,1.56,1.49,1.68,0.0,2.45,15.22,18.2,17.45,16.52,5.32,6.16,5.39,5.14,7.06,14.06,9.8,11.66,9.34,13.05,6.63,9.92,11.97,8.67,13.83,8.04,5.8,9.6,5.65,8.39,5.62,3.84,20.82,25.32,23.05,24.4,21.28,19.9,22.27,22.36,59.15,59.52,60.53,60.42,57.97,10.8,24.01,21.28,24.96,24.33,25.72,25.32,25.53,17.77,16.62,21.21,35.61,26.33,14.95,14.06,17.12,25.19,5.19,25.07,6.79,20.22,8.62,8.75,26.34,11.4,25.39,3.98,31.49,8.74,16.04,7.06,9.15,6.86,24.9,23.47,26.0,9.84,9.32,24.42,12.78
2.45,8.27,8.49,14.26,23.54,26.42,21.98,5.39,6.1,15.64,6.67,4.38,6.14,14.39,24.28,21.96,11.3,13.82,5.19,59.97,21.78,25.06,4.11,15.91,7.26,3.22,4.16,16.21,16.83,3.65,4.32,2.81,1.23,4.75,4.09,2.96,14.09,2.84,1.82,2.96,2.45,0.0,13.85,16.82,16.08,15.15,4.71,5.55,3.8,3.76,5.68,12.69,8.22,10.08,7.97,11.68,5.04,8.34,10.6,7.08,12.46,6.46,4.21,8.01,4.28,6.81,6.37,4.59,21.57,26.07,23.8,25.15,22.03,20.65,23.02,23.11,59.9,60.27,61.27,61.17,58.72,11.55,24.75,22.03,25.71,25.07,26.47,26.07,26.28,16.19,15.03,19.84,36.36,27.07,13.36,12.48,15.54,25.94,5.94,25.82,7.54,20.97,9.36,9.5,27.09,12.15,26.14,4.73,32.24,9.49,16.79,7.81,9.9,7.61,25.65,24.22,26.75,10.59,10.07,25.17,13.53
11.54,21.95,22.17,1.77,24.08,26.96,22.52,19.07,11.61,9.46,20.35,18.06,19.81,0.99,24.82,16.6,9.14,7.64,18.86,53.19,16.85,25.59,15.17,2.11,20.93,16.9,17.84,2.41,3.7,17.33,15.38,13.87,12.62,15.81,15.15,14.02,1.15,13.9,15.5,16.63,15.22,13.85,0.0,2.97,2.23,1.3,15.7,16.54,12.95,11.55,8.45,11.68,11.74,8.25,6.96,10.69,12.65,8.96,9.61,12.23,7.79,12.1,13.36,13.16,10.03,11.24,20.03,18.25,18.11,22.03,19.76,21.11,17.99,18.45,16.14,19.07,53.01,53.38,54.39,54.28,51.84,25.2,25.23,22.5,26.18,25.55,26.94,23.08,24.1,10.02,8.86,6.66,29.47,20.19,7.19,6.3,9.37,19.05,19.6,39.48,21.19,21.44,23.02,23.15,27.56,25.8,26.61,18.39,34.34,23.14,22.13,21.46,23.56,21.27,26.12,24.69,27.22,24.25,23.72,25.64,27.18
14.51,24.92,25.14,4.44,23.24,26.12,21.68,22.04,10.77,8.62,23.32,21.03,22.79,3.96,23.97,15.76,8.29,6.8,21.84,52.35,16.0,24.75,18.14,2.09,23.91,19.87,20.81,1.57,2.18,20.3,18.35,16.84,15.59,18.78,18.13,17.0,3.42,16.88,18.47,19.61,18.2,16.82,2.97,0.0,2.33,3.55,18.67,19.51,15.92,14.52,11.42,14.66,10.89,7.41,9.93,10.33,11.81,8.12,9.79,11.39,6.95,11.25,12.68,12.32,13.0,10.4,23.0,21.22,17.27,21.19,18.92,20.27,17.14,17.61,15.29,18.23,52.17,52.54,53.55,53.44,50.99,28.18,24.38,21.66,25.34,24.7,26.1,22.24,23.26,9.17,8.02,5.83,28.63,19.35,6.35,5.46,8.52,18.21,22.57,41.76,24.17,20.6,25.99,26.13,26.72,28.46,25.77,21.36,33.5,29.24,21.28,24.44,27.52,24.24,25.28,23.85,26.37,27.22,28.77,24.8,29.84
13.76,24.17,24.4,3.99,23.43,26.32,21.87,21.3,10.96,8.82,22.57,20.29,22.04,2.96,24.17,15.95,8.49,6.99,21.09,52.55,16.2,24.95,17.4,1.45,23.16,19.12,20.06,0.76,4.51,19.55,17.61,16.1,14.84,18.03,17.38,16.25,3.38,16.13,17.72,18.86,17.45,16.08,2.23,2.33,0.0,2.24,18.78,19.62,16.03,14.63,11.53,14.76,11.0,7.52,10.04,10.44,11.91,8.22,9.89,11.49,7.05,11.36,12.78,12.43,13.1,10.51,23.1,21.32,17.37,21.29,19.02,20.38,17.25,17.71,15.4,18.33,52.28,52.64,53.65,53.54,51.1,28.28,24.49,21.76,25.44,24.81,26.2,22.34,23.37,9.28,8.12,9.74,28.73,19.45,6.45,5.57,8.63,18.32,22.67,41.86,24.27,20.7,26.1,26.23,26.82,28.57,25.87,21.47,33.6,29.35,21.39,24.54,27.63,24.34,25.38,23.95,26.48,27.32,28.87,24.91,29.94
12.83,23.24,23.47,3.06,24.65,27.54,23.09,20.37,12.18,10.04,21.64,19.36,21.11,2.03,25.39,17.17,9.71,8.21,20.16,53.77,17.42,26.17,16.47,2.0,22.23,18.2,19.13,2.32,5.0,18.62,16.68,15.17,13.92,17.1,16.45,15.32,2.45,15.2,16.8,17.93,16.52,15.15,1.3,3.55,2.24,0.0,17.0,17.84,14.25,12.85,9.75,12.98,12.31,8.83,8.26,11.99,13.23,9.53,10.91,12.81,8.36,12.67,14.66,13.74,11.32,11.82,21.33,19.54,18.69,22.61,20.33,21.69,18.56,19.03,16.71,19.65,53.59,53.96,54.97,54.86,52.41,26.5,25.8,23.08,26.76,26.12,27.52,23.66,24.68,10.59,9.43,7.96,30.05,20.76,7.77,6.88,9.94,19.63,20.9,40.78,22.49,22.02,24.32,24.45,28.13,27.1,27.18,19.69,34.92,24.44,22.7,22.76,24.86,22.57,26.7,25.26,27.79,25.55,25.02,26.22,28.48
4.64,12.04,12.27,16.15,27.32,30.2,25.76,9.17,8.29,20.44,10.44,8.16,9.91,16.29,28.05,25.74,13.2,18.62,8.96,63.75,25.56,28.83,1.2,17.81,11.03,7.0,7.93,18.11,18.72,7.42,2.27,2.9,3.47,4.48,3.82,2.25,15.99,4.0,5.6,6.73,5.32,4.71,15.7,18.67,18.78,17.0,0.0,0.84,5.91,4.45,7.58,8.93,10.33,12.19,9.86,13.58,7.15,10.45,12.5,9.19,14.36,8.57,6.32,10.12,6.18,8.92,10.01,8.23,25.21,29.71,27.44,28.79,25.66,24.28,26.66,26.75,63.54,63.9,64.91,64.8,62.36,15.18,28.39,25.67,29.35,28.71,30.11,29.71,29.92,18.3,17.14,21.74,40.0,30.71,15.47,14.59,17.65,29.58,9.58,29.46,11.18,24.61,13.0,13.14,30.73,15.79,29.77,8.37,35.87,13.12,20.43,11.44,13.54,11.25,29.29,27.85,30.38,14.23,13.7,28.81,17.16
5.48,12.89,13.11,16.99,28.16,31.04,26.6,10.01,9.13,21.28,11.28,9.0,10.75,17.13,28.89,26.58,14.04,19.46,9.8,64.59,26.4,29.67,2.04,18.65,11.87,7.84,8.77,18.95,19.56,8.27,3.11,3.74,4.31,5.32,4.66,3.09,16.83,4.84,6.44,7.57,6.16,5.55,16.54,19.51,19.62,17.84,0.84,0.0,6.75,5.29,8.42,8.09,11.17,13.03,10.7,14.42,8.0,11.29,13.34,10.03,15.2,9.41,7.16,10.97,7.02,9.76,10.85,9.07,26.05,30.55,28.28,29.63,26.5,25.13,27.5,27.59,64.38,64.75,65.75,65.65,63.2,16.03,29.23,26.51,30.19,29.55,30.95,30.55,30.76,19.14,17.98,22.58,40.84,31.55,16.31,15.43,18.49,30.42,10.42,30.3,12.02,25.45,13.84,13.98,31.57,16.63,30.62,9.21,36.72,13.96,21.27,12.29,14.38,12.09,30.13,28.7,31.22,15.07,14.54,29.65,18.01
1.36,12.11,12.34,13.4,27.38,30.26,25.82,9.23,4.25,13.8,10.51,8.23,9.98,13.54,28.12,20.93,10.45,11.97,9.03,57.53,21.18,28.9,5.34,15.06,11.1,7.06,8.0,15.36,15.98,7.49,5.55,4.04,2.57,5.97,5.32,4.19,13.24,4.07,5.66,6.8,5.39,3.8,12.95,15.92,16.03,14.25,5.91,6.75,0.0,2.81,4.73,11.74,6.38,8.24,7.01,10.73,3.21,6.5,9.65,5.24,8.18,4.62,2.37,6.18,3.33,4.97,10.33,8.55,22.44,26.36,24.09,25.45,22.32,24.61,20.47,23.4,57.35,57.71,58.72,58.61,56.17,15.51,28.71,25.99,29.67,29.03,30.43,30.03,30.24,14.35,13.19,18.89,33.81,24.52,11.52,10.64,13.7,23.39,9.9,29.78,11.5,24.93,13.32,13.46,31.05,16.11,30.1,8.69,36.2,13.44,20.75,11.77,13.86,11.57,29.61,28.18,30.7,14.55,14.02,29.13,17.49
1.45,11.86,12.08,12.0,27.13,30.01,25.57,8.98,5.1,16.29,10.26,7.97,9.73,12.14,27.87,23.43,9.05,14.47,8.78,60.02,23.68,28.64,4.03,13.66,10.84,6.81,7.75,13.96,14.57,7.24,4.04,3.62,2.53,5.2,4.55,3.07,11.84,3.82,5.41,6.54,5.14,3.76,11.55,14.52,14.63,12.85,4.45,5.29,2.81,0.0,3.39,10.4,7.28,11.62,5.67,9.39,4.1,10.06,8.31,6.14,10.17,5.51,3.27,7.07,1.67,5.87,9.94,8.16,24.94,28.86,26.59,27.95,24.82,24.21,22.97,25.9,59.85,60.21,61.22,61.11,58.67,15.11,28.32,25.6,29.28,28.64,30.04,29.64,29.85,16.85,15.69,17.55,36.31,27.02,14.02,13.14,16.2,25.89,9.51,29.39,11.1,24.54,12.93,13.06,30.65,15.71,29.7,8.3,35.8,13.05,20.36,11.37,13.47,11.18,29.22,27.78,30.31,14.16,13.63,28.74,17.09
3.37,13.78,14.0,8.9,27.81,30.69,26.25,10.9,7.02,13.19,12.18,9.89,11.65,9.04,28.55,20.33,5.95,11.37,10.7,56.93,20.58,29.33,7.0,10.56,12.77,8.73,9.67,10.86,11.48,9.16,7.21,5.7,4.45,7.64,6.99,5.86,8.74,5.74,7.33,8.47,7.06,5.68,8.45,11.42,11.53,9.75,7.58,8.42,4.73,3.39,0.0,7.29,9.73,8.51,2.56,6.28,6.02,6.95,5.2,8.06,7.06,7.43,5.19,8.99,1.86,7.79,11.86,10.08,21.83,25.75,23.48,24.84,21.71,22.18,19.86,22.79,56.74,57.1,58.11,58.01,55.56,17.03,28.95,26.23,29.9,29.27,30.66,26.8,27.83,13.74,12.58,14.44,33.2,23.91,10.92,10.03,13.09,22.78,11.43,31.31,13.03,25.17,14.85,14.98,31.28,17.64,30.33,10.22,37.72,14.97,22.28,13.29,15.39,13.1,29.84,28.41,30.94,16.08,15.55,29.37,19.01
10.38,20.79,21.01,12.14,31.05,33.93,29.49,17.91,12.85,16.43,19.18,16.9,18.65,12.27,31.78,23.57,9.18,14.6,17.7,60.16,23.81,32.56,10.13,13.79,19.77,15.74,16.67,14.09,14.71,16.17,6.29,12.71,11.46,14.65,13.99,11.18,11.97,12.74,14.34,15.47,14.06,12.69,11.68,14.66,14.76,12.98,8.93,8.09,11.74,10.4,7.29,0.0,12.98,11.76,5.31,9.52,13.02,10.2,8.44,13.47,10.3,13.34,12.19,14.4,8.85,12.48,18.85,17.07,25.08,29.0,26.72,28.08,24.95,25.42,23.1,26.04,59.98,60.35,61.36,61.25,58.8,24.03,32.19,29.47,33.15,32.51,33.91,30.05,31.07,16.98,15.82,17.68,36.44,27.15,14.16,13.27,16.33,26.02,18.43,38.31,20.02,28.41,21.85,21.98,34.52,24.63,33.57,17.22,41.31,21.97,29.09,20.29,22.39,20.1,33.09,31.65,34.18,23.08,22.55,32.61,26.01
5.78,16.53,16.75,13.5,24.69,27.57,23.13,13.65,2.53,10.07,14.92,12.64,14.39,12.72,25.43,17.21,4.04,8.25,13.44,53.8,17.46,26.2,9.75,10.85,15.51,11.48,12.41,10.33,13.07,11.91,9.96,8.45,6.98,10.39,9.73,8.6,12.89,8.48,10.08,11.21,9.8,8.22,11.74,10.89,11.0,12.31,10.33,11.17,6.38,7.28,9.73,12.98,0.0,4.52,8.25,6.06,3.57,2.78,5.51,2.97,4.46,3.02,4.44,3.9,7.74,1.41,14.74,12.96,18.72,22.64,20.37,21.72,18.6,19.06,16.75,19.68,53.62,53.99,55.0,54.89,52.45,19.92,25.84,23.11,26.79,26.16,27.55,23.69,24.71,10.63,9.47,18.4,30.08,20.8,7.8,6.91,9.98,19.66,14.31,34.2,15.91,22.05,17.74,17.87,28.17,20.52,27.22,13.11,34.95,17.86,22.74,16.18,18.28,15.99,26.73,25.3,27.83,18.96,18.44,26.25,21.9
7.64,18.39,18.61,10.02,21.21,24.09,19.65,15.51,4.39,6.59,16.79,14.5,16.26,9.24,21.94,13.73,2.32,4.77,15.3,50.32,13.97,22.72,11.61,7.37,17.37,13.34,14.28,6.85,9.59,13.77,11.82,10.31,8.84,12.25,11.59,10.46,9.41,10.34,11.94,13.07,11.66,10.08,8.25,7.41,7.52,8.83,12.19,13.03,8.24,11.62,8.51,11.76,4.52,0.0,7.03,4.84,5.43,1.74,4.29,5.01,1.65,4.88,6.3,5.95,10.1,4.03,16.6,14.82,15.24,19.16,16.89,18.24,15.12,15.58,13.26,16.2,50.14,50.51,51.52,51.41,48.97,21.78,22.35,19.63,23.31,22.67,24.07,20.21,21.23,7.14,5.99,14.92,26.6,17.32,4.32,3.43,6.5,16.18,16.18,39.73,17.77,18.57,19.6,19.73,24.69,26.43,23.74,14.97,31.47,19.72,19.25,18.04,20.14,17.85,23.25,21.82,24.35,20.83,20.3,22.77,27.81
5.65,16.06,16.29,7.41,26.32,29.2,24.76,13.19,8.12,11.7,14.46,12.18,13.93,7.55,27.06,18.84,4.46,9.88,12.98,55.44,19.09,27.84,9.29,9.07,15.05,11.01,11.95,9.37,9.98,11.44,9.5,7.99,6.73,9.92,9.27,8.14,7.25,8.02,9.61,10.75,9.34,7.97,6.96,9.93,10.04,8.26,9.86,10.7,7.01,5.67,2.56,5.31,8.25,7.03,0.0,4.8,8.3,5.47,3.72,8.75,5.58,8.61,7.46,9.68,4.13,7.76,14.13,12.35,20.35,24.27,22.0,23.36,20.23,20.69,18.38,21.31,55.26,55.62,56.63,56.52,54.08,19.31,27.47,24.74,28.42,27.79,29.18,25.32,26.35,12.26,11.1,12.96,31.71,22.43,9.43,8.55,11.61,21.3,13.7,33.58,15.3,23.68,17.12,17.26,29.8,19.91,28.85,12.49,36.58,17.25,24.37,15.57,17.66,15.37,28.36,26.93,29.46,18.35,17.83,27.89,21.29
9.37,19.78,20.0,11.14,24.13,27.01,22.57,16.9,5.93,9.51,18.17,15.89,17.64,11.28,24.86,16.65,2.27,7.69,16.69,53.24,16.9,25.64,13.0,10.29,18.76,14.73,15.66,9.77,13.72,15.16,13.21,11.7,10.45,13.64,12.98,11.85,10.98,11.73,13.33,14.46,13.05,11.68,10.69,10.33,10.44,11.99,13.58,14.42,10.73,9.39,6.28,9.52,6.06,4.84,4.8,0.0,6.97,3.28,2.06,6.56,3.39,6.42,7.84,7.49,7.86,5.57,17.86,16.08,18.16,22.08,19.81,21.16,18.04,18.5,16.19,19.12,53.06,53.43,54.44,54.33,51.89,23.04,25.28,22.55,26.23,25.6,26.99,23.13,24.15,10.07,8.91,16.67,29.52,20.24,7.24,6.35,9.42,19.1,17.43,37.32,19.03,21.49,20.86,20.99,27.61,23.64,26.66,16.22,34.39,20.98,22.17,19.3,21.39,19.1,26.17,24.74,27.27,22.08,21.56,25.69,25.02
2.6,13.35,13.58,14.64,25.6,28.49,24.04,10.48,1.44,10.99,11.75,9.47,11.22,14.78,26.34,18.12,4.96,9.16,10.27,54.72,18.37,27.12,6.58,11.76,12.34,8.3,9.24,11.24,13.99,8.73,6.79,5.28,3.81,7.21,6.56,5.43,14.48,5.31,6.9,8.04,6.63,5.04,12.65,11.81,11.91,13.23,7.15,8.0,3.21,4.1,6.02,13.02,3.57,5.43,8.3,6.97,0.0,3.69,6.43,2.44,5.37,1.81,1.27,3.37,4.57,2.16,11.57,9.79,19.64,23.56,21.28,22.64,19.51,19.98,17.66,20.59,54.54,54.91,55.91,55.81,53.36,16.75,26.75,24.03,27.7,27.07,28.46,24.61,25.63,11.54,10.38,20.13,31.0,21.71,8.72,7.83,10.89,20.58,11.14,31.02,12.74,22.97,14.57,14.7,29.08,17.35,28.13,9.93,37.44,14.69,21.99,13.01,15.1,12.81,27.64,26.21,28.74,15.79,15.27,27.17,18.73
5.9,16.65,16.87,10.73,21.91,24.79,20.35,13.77,2.65,7.3,15.05,12.76,14.52,9.95,22.65,14.43,1.27,5.47,13.56,51.03,14.68,23.43,9.87,8.07,15.63,11.6,12.54,7.55,10.3,12.03,10.08,8.57,7.1,10.51,9.85,8.72,10.11,8.6,10.2,11.33,9.92,8.34,8.96,8.12,8.22,9.53,10.45,11.29,6.5,10.06,6.95,10.2,2.78,1.74,5.47,3.28,3.69,0.0,2.74,3.27,1.68,3.14,4.56,4.21,8.54,2.29,14.87,13.08,15.94,19.87,17.59,18.95,15.82,16.29,13.97,16.9,50.85,51.22,52.22,52.12,49.67,20.04,23.06,20.34,24.01,23.38,24.77,20.91,21.94,7.85,6.69,15.62,27.31,18.02,5.03,4.14,7.2,16.89,14.44,34.32,16.03,19.28,17.86,17.99,25.39,20.64,24.44,13.23,32.17,17.98,19.96,16.3,18.4,16.11,23.95,22.52,25.05,19.09,18.56,23.48,22.02
8.29,18.7,18.92,10.07,23.58,26.46,22.02,15.82,5.39,8.97,17.1,14.81,16.57,10.2,24.32,16.1,1.72,7.14,15.62,52.7,16.35,25.1,11.92,9.74,17.68,13.65,14.59,9.22,12.64,14.08,12.13,10.62,9.37,12.56,11.9,10.77,9.9,10.66,12.25,13.38,11.97,10.6,9.61,9.79,9.89,10.91,12.5,13.34,9.65,8.31,5.2,8.44,5.51,4.29,3.72,2.06,6.43,2.74,0.0,6.01,2.84,5.87,7.3,6.94,6.78,5.02,16.79,15.0,17.62,21.54,19.26,20.62,17.49,17.96,15.64,18.57,52.52,52.89,53.89,53.79,51.34,21.96,24.73,22.01,25.68,25.05,26.44,22.58,23.61,9.52,8.36,15.59,28.98,19.69,6.7,5.81,8.87,18.56,16.36,36.24,17.95,20.95,19.78,19.91,27.06,22.56,26.11,15.15,33.84,19.9,21.63,18.22,20.32,18.03,25.62,24.19,26.72,21.01,20.48,25.15,23.94
4.64,15.39,15.62,14.0,25.19,28.07,23.63,12.52,1.4,10.57,13.79,11.51,13.26,13.22,25.92,17.71,4.54,8.74,12.31,54.3,17.95,26.7,8.62,11.35,14.38,10.34,11.28,10.82,13.57,10.77,8.83,7.32,5.85,9.25,8.6,7.47,13.39,7.35,8.94,10.08,8.67,7.08,12.23,11.39,11.49,12.81,9.19,10.03,5.24,6.14,8.06,13.47,2.97,5.01,8.75,6.56,2.44,3.27,6.01,0.0,4.96,1.88,3.31,0.93,6.61,1.56,13.61,11.83,19.22,23.14,20.87,22.22,19.09,19.56,17.24,20.18,54.12,54.49,55.5,55.39,52.94,18.79,26.33,23.61,27.29,26.65,28.05,24.19,25.21,11.12,9.97,18.9,30.58,21.3,8.3,7.41,10.47,20.16,13.18,33.06,14.78,22.55,16.6,16.74,28.67,19.39,27.71,11.97,35.45,16.72,23.23,15.05,17.14,14.85,27.23,25.8,28.32,17.83,17.3,26.75,20.77
10.15,20.56,20.78,9.56,20.74,23.62,19.18,17.68,4.33,6.13,18.96,16.67,18.43,8.78,21.48,13.26,1.35,4.3,17.48,49.86,13.51,22.26,13.78,6.9,19.54,15.51,16.45,6.38,9.13,15.94,13.99,12.48,11.23,14.42,13.76,12.63,8.94,12.52,14.11,15.24,13.83,12.46,7.79,6.95,7.05,8.36,14.36,15.2,8.18,10.17,7.06,10.3,4.46,1.65,5.58,3.39,5.37,1.68,2.84,4.96,0.0,4.82,6.25,5.89,8.64,3.97,18.65,16.86,14.77,18.69,16.42,17.78,14.65,15.12,12.8,15.73,49.68,50.04,51.05,50.95,48.5,23.82,21.89,19.16,22.84,22.21,23.6,19.74,20.77,6.68,5.52,14.45,26.14,16.85,3.86,2.97,6.03,15.72,18.22,39.26,19.81,18.11,21.64,21.77,24.22,25.97,23.27,17.01,31.0,21.76,18.79,20.08,22.18,19.89,22.78,21.35,23.88,22.87,22.34,22.31,27.35
4.01,14.76,14.99,13.86,25.05,27.93,23.49,11.89,1.26,10.43,13.16,10.88,12.63,13.08,25.79,17.57,4.4,8.61,11.68,54.17,17.82,26.57,7.99,11.21,13.75,9.72,10.65,10.69,13.44,10.14,8.2,6.69,5.22,8.62,7.97,6.84,13.25,6.72,8.32,9.45,8.04,6.46,12.1,11.25,11.36,12.67,8.57,9.41,4.62,5.51,7.43,13.34,3.02,4.88,8.61,6.42,1.81,3.14,5.87,1.88,4.82,0.0,2.68,2.81,5.98,1.61,12.98,11.2,19.08,23.0,20.73,22.09,18.96,19.42,17.11,20.04,53.99,54.35,55.36,55.25,52.81,18.16,26.2,23.47,27.15,26.52,27.91,24.05,25.08,10.99,9.83,18.76,30.44,21.16,8.16,7.28,10.34,20.03,12.55,32.44,14.15,22.41,15.98,16.11,28.53,18.76,27.58,11.34,35.31,16.1,23.1,14.42,16.51,14.22,27.09,25.66,28.19,17.2,16.68,26.62,20.14
1.77,12.52,12.75,13.81,26.48,29.36,24.92,9.64,2.31,11.86,10.92,8.63,10.39,13.95,27.21,19.0,5.83,10.03,9.44,55.59,19.24,27.99,5.75,12.63,11.51,7.47,8.41,12.11,16.38,7.9,5.96,4.45,2.98,6.38,5.73,4.6,13.65,4.48,6.07,7.21,5.8,4.21,13.36,12.68,12.78,14.66,6.32,7.16,2.37,3.27,5.19,12.19,4.44,6.3,7.46,7.84,1.27,4.56,7.3,3.31,6.25,2.68,0.0,4.24,3.74,3.03,10.74,8.96,20.51,24.43,22.15,23.51,20.38,20.85,18.53,21.47,55.41,55.78,56.79,56.68,54.23,15.92,27.62,24.9,28.58,27.94,29.34,25.48,26.5,12.41,11.25,19.3,31.87,22.58,9.59,8.7,11.76,21.45,10.31,30.19,11.91,23.84,13.73,13.87,29.95,16.52,29.0,9.1,36.61,13.85,21.16,12.18,14.27,11.98,28.52,27.08,29.61,14.96,14.43,28.04,17.9
5.57,16.32,16.55,14.93,26.12,29.0,24.56,13.45,2.33,11.5,14.72,12.44,14.19,14.15,26.85,18.64,5.47,9.68,13.24,55.23,18.88,27.63,9.55,12.28,15.31,11.28,12.21,11.76,14.5,11.7,9.76,8.25,6.78,10.18,9.53,8.4,14.32,8.28,9.87,11.01,9.6,8.01,13.16,12.32,12.43,13.74,10.12,10.97,6.18,7.07,8.99,14.4,3.9,5.95,9.68,7.49,3.37,4.21,6.94,0.93,5.89,2.81,4.24,0.0,7.54,2.49,14.54,12.76,20.15,24.07,21.8,23.15,20.03,20.49,18.18,21.11,55.05,55.42,56.43,56.32,53.88,19.72,27.26,24.54,28.22,27.58,28.98,25.12,26.14,12.05,10.9,19.83,31.51,22.23,9.23,8.34,11.41,21.09,14.11,33.99,15.71,23.48,17.54,17.67,29.6,20.32,28.65,12.9,36.38,17.66,24.16,15.98,18.07,15.78,28.16,26.73,29.26,18.76,18.24,27.68,21.7
1.97,12.38,12.6,10.48,27.65,30.53,26.09,9.5,5.61,14.77,10.78,8.49,10.24,10.62,28.38,21.91,7.52,12.94,9.29,58.5,22.15,29.16,5.6,12.13,11.36,7.33,8.27,12.43,13.05,7.76,5.81,4.3,3.05,6.24,5.58,4.45,10.31,4.33,5.93,7.06,5.65,4.28,10.03,13.0,13.1,11.32,6.18,7.02,3.33,1.67,1.86,8.85,7.74,10.1,4.13,7.86,4.57,8.54,6.78,6.61,8.64,5.98,3.74,7.54,0.0,6.38,10.44,8.66,23.42,27.34,25.07,26.42,23.3,23.76,21.44,24.38,58.32,58.69,59.7,59.59,57.15,15.62,28.83,26.11,29.78,29.15,30.54,30.14,30.35,15.32,14.17,16.02,34.78,25.5,12.5,11.61,14.68,24.36,10.02,29.9,11.61,25.05,13.44,13.57,31.16,16.22,30.21,8.81,36.31,13.56,20.87,11.88,13.98,11.69,29.72,28.29,30.82,14.66,14.14,29.25,17.6
4.37,15.12,15.34,13.01,24.2,27.08,22.64,12.24,1.12,9.58,13.52,11.23,12.99,12.23,24.93,16.72,3.55,7.76,12.04,53.31,16.96,25.71,8.34,10.36,14.1,10.07,11.01,9.84,12.58,10.5,8.55,7.04,5.58,8.98,8.32,7.19,12.4,7.08,8.67,9.8,8.39,6.81,11.24,10.4,10.51,11.82,8.92,9.76,4.97,5.87,7.79,12.48,1.41,4.03,7.76,5.57,2.16,2.29,5.02,1.56,3.97,1.61,3.03,2.49,6.38,0.0,13.34,11.56,18.23,22.15,19.88,21.23,18.11,18.57,16.25,19.19,53.13,53.5,54.51,54.4,51.96,18.51,25.34,22.62,26.3,25.66,27.06,23.2,24.22,10.13,8.98,17.91,29.59,20.31,7.31,6.42,9.49,19.17,12.91,32.79,14.5,21.56,16.33,16.46,27.68,19.11,26.73,11.7,34.46,16.45,22.24,14.77,16.87,14.58,26.24,24.81,27.34,17.56,17.03,25.76,20.49
8.97,10.08,3.48,20.48,25.35,28.23,23.79,7.83,12.62,24.77,8.48,6.82,7.94,20.62,26.08,23.77,17.52,22.95,1.06,61.78,23.59,26.86,9.43,22.13,9.06,5.03,6.59,22.43,23.05,6.08,9.64,8.13,7.8,7.15,7.95,8.28,20.31,7.09,4.72,5.39,5.62,6.37,20.03,23.0,23.1,21.33,10.01,10.85,10.33,9.94,11.86,18.85,14.74,16.6,14.13,17.86,11.57,14.87,16.79,13.61,18.65,12.98,10.74,14.54,10.44,13.34,0.0,6.27,23.25,27.75,25.48,26.83,23.7,22.32,24.7,24.79,61.58,61.95,62.95,62.85,60.4,6.42,26.43,23.71,27.39,26.75,28.15,27.75,27.96,22.47,21.31,25.91,38.04,28.75,19.64,18.76,21.82,27.62,7.62,20.7,9.22,22.65,11.04,4.37,28.77,13.83,27.81,6.41,27.11,11.16,18.47,2.68,11.58,9.29,27.33,25.9,28.42,5.47,11.74,26.85,15.21
7.19,5.16,8.52,18.7,20.43,23.31,18.87,6.04,10.84,26.65,3.56,5.04,3.03,18.84,21.17,18.86,15.74,21.16,5.21,56.86,18.67,21.95,7.65,20.35,4.15,1.26,4.81,20.65,21.27,4.3,7.86,6.35,6.02,5.37,6.17,6.5,18.53,5.3,2.94,3.61,3.84,4.59,18.25,21.22,21.32,19.54,8.23,9.07,8.55,8.16,10.08,17.07,12.96,14.82,12.35,16.08,9.79,13.08,15.0,11.83,16.86,11.2,8.96,12.76,8.66,11.56,6.27,0.0,18.36,22.86,20.58,21.94,18.81,17.43,19.81,19.9,56.68,57.05,58.06,57.95,55.51,11.47,21.54,18.82,22.49,21.86,23.25,22.86,23.06,25.04,19.55,24.15,33.14,23.86,17.89,17.0,20.06,22.72,2.73,25.74,4.32,17.76,6.15,9.42,23.87,8.93,22.92,0.91,30.65,6.27,13.58,7.73,6.69,4.4,22.43,21.0,23.53,10.51,6.85,21.96,10.31
21.84,13.2,25.5,19.88,7.39,10.27,5.83,23.03,18.6,9.71,15.51,22.02,16.75,19.1,8.12,2.89,16.12,10.47,22.2,39.92,1.9,8.9,24.64,17.22,15.84,19.62,21.79,16.7,19.45,21.29,24.84,23.34,23.0,22.36,23.15,23.49,19.26,22.29,19.92,20.59,20.82,21.57,18.11,17.27,17.37,18.69,25.21,26.05,22.44,24.94,21.83,25.08,18.72,15.24,20.35,18.16,19.64,15.94,17.62,19.22,14.77,19.08,20.51,20.15,23.42,18.23,23.25,18.36,0.0,6.89,4.61,5.97,2.84,2.08,2.87,3.93,39.74,40.11,41.12,41.01,38.57,28.45,8.53,5.81,9.49,8.85,10.25,7.94,10.06,8.1,10.26,24.78,16.2,6.92,11.69,11.81,12.07,5.78,17.62,25.91,14.03,4.75,17.84,26.4,10.87,12.61,9.91,17.28,17.65,13.39,5.43,24.71,11.67,16.09,9.43,8.0,10.52,27.49,12.91,8.95,13.99
25.76,17.7,32.68,23.8,4.93,4.82,5.36,27.53,22.52,13.63,20.01,26.52,21.25,23.02,3.24,5.84,20.04,14.39,26.7,43.84,5.66,4.08,29.13,21.14,20.34,24.12,26.29,20.62,23.37,25.78,29.34,27.83,27.5,26.85,27.65,27.98,23.19,26.79,24.42,25.09,25.32,26.07,22.03,21.19,21.29,22.61,29.71,30.55,26.36,28.86,25.75,29.0,22.64,19.16,24.27,22.08,23.56,19.87,21.54,23.14,18.69,23.0,24.43,24.07,27.34,22.15,27.75,22.86,6.89,0.0,2.27,0.92,5.32,6.26,6.79,4.07,43.67,44.03,45.04,44.93,42.49,31.84,3.69,5.2,4.02,3.23,4.78,1.05,2.07,12.02,14.18,28.7,20.12,10.84,15.61,15.73,15.99,5.94,22.12,24.61,18.53,6.41,22.34,31.3,7.07,17.11,6.5,21.77,13.85,17.89,9.93,29.21,16.17,20.58,8.13,6.7,7.57,30.4,17.41,6.47,18.49
23.49,15.42,27.73,21.53,7.21,7.1,8.05,25.25,20.24,11.36,17.73,24.24,18.98,20.75,5.51,3.56,17.77,12.12,24.42,41.57,3.38,6.35,26.86,18.87,18.06,21.85,24.02,18.35,21.1,23.51,27.07,25.56,25.23,24.58,25.38,25.71,20.91,24.51,22.14,22.82,23.05,23.8,19.76,18.92,19.02,20.33,27.44,28.28,24.09,26.59,23.48,26.72,20.37,16.89,22.0,19.81,21.28,17.59,19.26,20.87,16.42,20.73,22.15,21.8,25.07,19.88,25.48,20.58,4.61,2.27,0.0,1.36,3.05,3.98,4.51,2.28,41.39,41.76,42.77,42.66,40.21,30.68,5.96,8.03,6.29,5.5,7.05,3.32,4.35,9.74,11.9,26.42,17.85,8.57,13.33,13.45,13.71,4.15,19.85,28.13,16.26,6.97,20.06,28.63,9.34,14.84,8.77,19.5,16.12,15.62,7.66,26.94,13.9,18.31,11.65,10.22,9.84,29.72,15.14,8.75,16.21
24.84,16.78,29.08,22.88,5.85,5.74,6.28,26.61,21.6,12.72,19.09,25.6,20.33,22.1,4.15,4.92,19.13,13.48,25.78,42.93,4.74,5.0,28.22,20.23,19.42,23.2,25.37,19.71,22.45,24.87,28.42,26.92,26.58,25.94,26.73,27.07,22.27,25.87,23.5,24.17,24.4,25.15,21.11,20.27,20.38,21.69,28.79,29.63,25.45,27.95,24.84,28.08,21.72,18.24,23.36,21.16,22.64,18.95,20.62,22.22,17.78,22.09,23.51,23.15,26.42,21.23,26.83,21.94,5.97,0.92,1.36,0.0,4.41,5.34,5.87,3.15,42.75,43.12,44.12,44.02,41.57,32.76,4.61,6.12,4.94,4.15,5.7,1.97,2.99,11.1,13.26,27.78,19.21,9.92,14.69,14.81,15.07,5.02,21.2,25.53,17.61,7.33,21.42,32.22,7.98,16.19,7.42,20.86,14.76,16.97,9.01,28.29,15.25,19.67,9.05,7.62,8.49,31.32,16.49,7.39,17.57
21.72,13.65,25.96,19.75,7.84,10.72,6.28,23.48,18.47,9.59,15.96,22.47,17.21,18.97,8.57,1.79,16.0,10.35,22.65,39.8,1.61,9.35,25.09,17.1,16.29,20.08,22.25,16.58,19.32,21.74,25.3,23.79,23.46,22.81,23.61,23.94,19.14,22.74,20.37,21.04,21.28,22.03,17.99,17.14,17.25,18.56,25.66,26.5,22.32,24.82,21.71,24.95,18.6,15.12,20.23,18.04,19.51,15.82,17.49,19.09,14.65,18.96,20.38,20.03,23.3,18.11,23.7,18.81,2.84,5.32,3.05,4.41,0.0,2.21,2.74,1.08,39.62,39.99,40.99,40.89,38.44,28.9,8.99,6.26,9.94,9.31,10.7,6.37,7.4,7.97,10.13,24.65,16.08,6.79,11.56,11.68,11.94,2.95,18.08,26.36,14.49,5.2,18.29,26.85,11.32,13.06,10.37,17.73,18.1,13.85,5.88,25.16,12.12,16.54,9.88,8.45,10.98,27.95,13.37,9.4,14.44
23.25,12.27,24.58,20.22,6.46,9.34,4.9,22.1,18.94,10.05,14.58,21.09,15.83,19.44,7.19,2.26,16.46,10.81,21.27,40.27,2.08,7.97,23.71,17.57,14.91,18.7,20.87,17.05,19.79,20.36,23.92,22.41,22.08,21.43,22.23,22.56,19.61,21.36,18.99,19.66,19.9,20.65,18.45,17.61,17.71,19.03,24.28,25.13,24.61,24.21,22.18,25.42,19.06,15.58,20.69,18.5,19.98,16.29,17.96,19.56,15.12,19.42,20.85,20.49,23.76,18.57,22.32,17.43,2.08,6.26,3.98,5.34,2.21,0.0,3.21,3.3,40.09,40.45,41.46,41.35,38.91,27.52,7.61,4.88,8.56,7.93,9.32,8.92,9.13,8.44,10.6,25.12,16.54,7.26,12.03,12.15,12.41,6.13,16.7,24.98,13.11,3.82,16.91,25.47,9.94,11.68,8.99,16.35,16.72,12.47,4.51,23.78,10.74,15.16,8.5,7.07,9.6,26.57,11.99,8.02,13.06
19.87,14.64,26.95,17.9,8.83,11.72,7.28,24.48,16.62,7.74,16.96,23.47,18.2,17.12,9.57,1.36,14.15,8.5,23.65,37.66,1.6,10.35,26.08,15.25,17.29,21.07,23.24,14.73,17.47,22.73,26.29,24.78,21.07,23.8,24.6,24.93,17.29,23.74,21.37,22.04,22.27,23.02,16.14,15.29,15.4,16.71,26.66,27.5,20.47,22.97,19.86,23.1,16.75,13.26,18.38,16.19,17.66,13.97,15.64,17.24,12.8,17.11,18.53,18.18,21.44,16.25,24.7,19.81,2.87,6.79,4.51,5.87,2.74,3.21,0.0,3.83,37.48,37.85,38.86,38.75,36.3,29.9,9.98,7.26,10.94,10.3,11.7,7.84,8.86,6.12,8.28,22.8,13.94,4.66,9.71,9.83,10.09,3.52,19.07,27.35,15.48,6.2,19.29,27.85,12.31,14.06,11.36,18.72,19.1,14.84,6.88,26.16,13.12,17.53,10.88,9.44,11.97,28.94,14.36,10.4,15.44
22.8,14.73,27.04,20.84,8.92,8.89,7.36,24.57,19.55,10.67,17.05,23.56,18.29,20.06,9.66,2.88,17.08,11.43,23.73,40.88,2.69,10.44,26.17,18.18,17.37,21.16,23.33,17.66,20.41,22.82,26.38,24.87,24.54,23.89,24.69,25.02,20.22,23.82,21.46,22.13,22.36,23.11,19.07,18.23,18.33,19.65,26.75,27.59,23.4,25.9,22.79,26.04,19.68,16.2,21.31,19.12,20.59,16.9,18.57,20.18,15.73,20.04,21.47,21.11,24.38,19.19,24.79,19.9,3.93,4.07,2.28,3.15,1.08,3.3,3.83,0.0,40.7,41.07,42.08,41.97,39.53,29.99,10.07,7.35,8.09,7.3,8.85,5.12,6.14,9.05,11.22,25.73,17.16,7.88,12.65,12.77,13.03,1.87,19.16,27.44,15.57,6.29,19.38,27.94,12.4,14.15,11.45,18.81,19.18,14.93,6.97,26.25,13.21,17.62,10.96,9.53,12.06,29.03,14.45,10.49,15.53
56.74,51.52,63.83,54.78,45.71,48.59,44.15,61.35,53.5,44.62,53.84,60.35,55.08,54.0,46.45,38.23,51.03,45.38,60.52,1.01,38.48,47.23,62.96,52.13,54.16,57.95,60.12,51.61,54.35,59.61,63.17,61.66,57.95,60.68,61.48,61.81,54.17,60.61,58.25,58.92,59.15,59.9,53.01,52.17,52.28,53.59,63.54,64.38,57.35,59.85,56.74,59.98,53.62,50.14,55.26,53.06,54.54,50.85,52.52,54.12,49.68,53.99,55.41,55.05,58.32,53.13,61.58,56.68,39.74,43.67,41.39,42.75,39.62,40.09,37.48,40.7,0.0,1.44,2.45,2.34,1.18,66.78,46.86,44.14,47.81,47.18,48.57,44.71,45.74,43.0,45.16,59.68,32.23,32.83,46.59,46.71,46.97,37.64,55.95,64.23,52.36,43.08,56.16,64.73,49.19,50.94,48.24,55.6,55.97,51.72,43.76,63.04,50.0,54.41,47.75,46.32,48.85,65.82,51.24,47.28,52.32
57.11,51.89,64.2,55.15,46.08,48.96,44.52,61.72,53.87,44.98,54.2,60.71,55.45,54.37,46.82,38.6,51.39,45.74,60.89,0.97,38.85,47.59,63.33,52.5,54.53,58.32,60.49,51.97,54.72,59.98,63.54,62.03,58.32,61.05,61.85,62.18,54.54,60.98,58.61,59.29,59.52,60.27,53.38,52.54,52.64,53.96,63.9,64.75,57.71,60.21,57.1,60.35,53.99,50.51,55.62,53.43,54.91,51.22,52.89,54.49,50.04,54.35,55.78,55.42,58.69,53.5,61.95,57.05,40.11,44.03,41.76,43.12,39.99,40.45,37.85,41.07,1.44,0.0,1.16,0.9,1.55,67.14,47.23,44.5,48.18,47.55,48.94,45.08,46.1,43.37,45.53,60.05,32.6,33.19,46.96,47.08,47.34,38.01,56.32,64.6,52.73,43.44,56.53,65.09,49.56,51.3,48.61,55.97,56.34,52.09,44.13,63.4,50.36,54.78,48.12,46.69,49.22,66.19,51.61,47.65,52.68
58.12,52.9,65.21,56.16,47.09,49.97,45.53,62.73,54.87,45.99,55.21,61.72,56.46,55.38,47.82,39.61,52.4,46.75,61.9,1.73,39.85,48.6,64.34,53.5,55.54,59.32,61.5,52.98,55.73,60.99,64.55,63.04,59.33,62.06,62.85,63.19,55.54,61.99,59.62,60.29,60.53,61.27,54.39,53.55,53.65,54.97,64.91,65.75,58.72,61.22,58.11,61.36,55.0,51.52,56.63,54.44,55.91,52.22,53.89,55.5,51.05,55.36,56.79,56.43,59.7,54.51,62.95,58.06,41.12,45.04,42.77,44.12,40.99,41.46,38.86,42.08,2.45,1.16,0.0,1.58,2.55,68.15,48.23,45.51,49.19,48.55,49.95,46.09,47.11,44.37,46.54,61.05,33.6,34.2,47.96,48.09,48.35,39.01,57.33,65.61,53.74,44.45,57.54,66.1,50.57,52.31,49.62,56.98,57.35,53.09,45.13,64.41,51.37,55.79,49.13,47.7,50.22,67.2,52.62,48.65,53.69
58.01,52.79,65.1,56.05,46.98,49.86,45.42,62.62,54.77,45.88,55.1,61.61,56.35,55.27,47.72,39.5,52.29,46.64,61.79,1.91,39.75,48.5,64.23,53.4,55.43,59.22,61.39,52.88,55.62,60.88,64.44,62.93,59.22,61.95,62.75,63.08,55.44,61.88,59.51,60.19,60.42,61.17,54.28,53.44,53.54,54.86,64.8,65.65,58.61,61.11,58.01,61.25,54.89,51.41,56.52,54.33,55.81,52.12,53.79,55.39,50.95,55.25,56.68,56.32,59.59,54.4,62.85,57.95,41.01,44.93,42.66,44.02,40.89,41.35,38.75,41.97,2.34,0.9,1.58,0.0,2.45,68.04,48.13,45.4,49.08,48.45,49.84,45.98,47.01,44.27,46.43,60.95,33.5,34.09,47.86,47.98,48.24,38.91,57.22,65.5,53.63,44.34,57.43,66.0,50.46,52.2,49.51,56.87,57.24,52.99,45.03,64.3,51.26,55.68,49.02,47.59,50.12,67.09,52.51,48.55,53.58
55.57,50.35,62.65,53.6,44.54,47.42,42.98,60.18,52.32,43.44,52.66,59.17,53.9,52.82,45.27,37.06,49.85,44.2,59.35,1.36,37.3,46.05,61.78,50.95,52.99,56.77,58.94,50.43,53.18,58.43,61.99,60.48,56.77,59.5,60.3,60.63,52.99,59.44,57.07,57.74,57.97,58.72,51.84,50.99,51.1,52.41,62.36,63.2,56.17,58.67,55.56,58.8,52.45,48.97,54.08,51.89,53.36,49.67,51.34,52.94,48.5,52.81,54.23,53.88,57.15,51.96,60.4,55.51,38.57,42.49,40.21,41.57,38.44,38.91,36.3,39.53,1.18,1.55,2.55,2.45,0.0,65.6,45.68,42.96,46.64,46.0,47.4,43.54,44.56,41.82,43.98,58.5,31.05,31.65,45.41,45.53,45.79,36.46,54.77,63.05,51.18,41.9,54.99,63.55,48.01,49.76,47.06,54.42,54.8,50.54,42.58,61.86,48.82,53.23,46.58,45.14,47.67,64.64,50.06,46.1,51.14
14.15,15.25,3.44,25.66,26.82,31.24,27.6,13.0,17.79,29.95,13.65,11.99,13.12,25.79,29.09,28.95,22.7,28.12,6.24,66.96,28.77,29.87,14.61,27.31,14.24,10.21,11.77,27.61,28.23,11.26,14.82,13.31,12.98,12.33,13.13,13.46,25.49,12.26,9.89,10.57,10.8,11.55,25.2,28.18,28.28,26.5,15.18,16.03,15.51,15.11,17.03,24.03,19.92,21.78,19.31,23.04,16.75,20.04,21.96,18.79,23.82,18.16,15.92,19.72,15.62,18.51,6.42,11.47,28.45,31.84,30.68,32.76,28.9,27.52,29.9,29.99,66.78,67.14,68.15,68.04,65.6,0.0,28.89,26.86,29.84,29.21,30.6,30.2,30.41,27.66,26.5,31.1,43.22,33.94,24.83,23.94,27.01,32.81,12.81,16.29,14.4,28.06,16.23,2.07,29.06,19.01,28.11,11.6,22.7,16.35,23.66,4.45,16.77,14.48,25.87,25.07,28.72,1.69,16.93,27.15,20.39
27.35,16.38,30.32,26.99,1.64,3.08,3.0,26.21,25.71,16.83,18.69,25.2,19.94,26.21,0.94,9.03,23.24,17.59,25.38,47.04,8.85,1.72,27.82,24.34,19.02,22.8,24.98,23.82,26.56,24.47,28.03,26.52,26.19,25.54,26.33,26.67,26.38,25.47,23.1,23.77,24.01,24.75,25.23,24.38,24.49,25.8,28.39,29.23,28.71,28.32,28.95,32.19,25.84,22.35,27.47,25.28,26.75,23.06,24.73,26.33,21.89,26.2,27.62,27.26,28.83,25.34,26.43,21.54,8.53,3.69,5.96,4.61,8.99,7.61,9.98,10.07,46.86,47.23,48.23,48.13,45.68,28.89,0.0,2.84,2.28,1.64,3.04,2.64,2.85,15.19,17.35,31.87,23.29,14.01,18.78,18.9,19.16,12.87,20.82,22.25,17.23,4.04,21.04,28.94,5.32,15.81,4.15,20.47,12.11,16.59,8.63,27.91,14.87,19.28,5.77,4.34,4.76,28.04,16.11,3.19,17.19
24.63,13.66,25.96,24.27,1.72,4.6,0.54,23.49,22.99,14.1,15.97,22.48,17.21,23.49,2.45,6.31,20.51,14.86,22.66,44.32,6.13,3.23,25.09,21.62,16.3,20.08,22.25,21.09,23.84,21.74,25.3,23.79,23.46,22.81,23.61,23.94,23.66,22.75,20.38,21.05,21.28,22.03,22.5,21.66,21.76,23.08,25.67,26.51,25.99,25.6,26.23,29.47,23.11,19.63,24.74,22.55,24.03,20.34,22.01,23.61,19.16,23.47,24.9,24.54,26.11,22.62,23.71,18.82,5.81,5.2,8.03,6.12,6.26,4.88,7.26,7.35,44.14,44.5,45.51,45.4,42.96,26.86,2.84,0.0,3.79,3.16,4.55,4.16,4.36,12.46,14.62,29.14,20.57,11.29,16.05,16.17,16.43,10.15,18.1,20.21,14.51,1.32,18.31,26.91,5.17,13.08,4.22,17.75,11.95,13.87,5.91,25.18,12.14,16.56,3.73,2.3,4.83,26.0,13.39,3.26,14.46
28.31,17.33,31.27,27.95,3.52,2.42,3.95,27.16,26.66,17.78,19.65,26.16,20.89,27.17,1.89,9.99,24.19,18.54,26.33,47.99,9.8,1.31,28.77,25.29,19.97,23.76,25.93,24.77,27.52,25.42,28.98,27.47,27.14,26.49,27.29,27.62,27.33,26.42,24.06,24.73,24.96,25.71,26.18,25.34,25.44,26.76,29.35,30.19,29.67,29.28,29.9,33.15,26.79,23.31,28.42,26.23,27.7,24.01,25.68,27.29,22.84,27.15,28.58,28.22,29.78,26.3,27.39,22.49,9.49,4.02,6.29,4.94,9.94,8.56,10.94,8.09,47.81,48.18,49.19,49.08,46.64,29.84,2.28,3.79,0.0,2.6,1.18,2.97,1.95,16.14,18.3,32.82,24.25,14.96,19.73,19.85,20.11,13.83,21.78,23.2,18.19,5.0,21.99,29.9,4.33,16.76,3.77,21.43,11.11,17.54,9.58,28.86,15.82,20.24,6.72,5.29,4.84,28.99,17.07,5.06,18.14
27.67,16.7,30.64,27.31,2.89,3.4,3.32,26.53,26.03,17.15,19.01,25.52,20.26,26.53,1.19,9.35,23.56,17.91,25.7,47.36,9.17,2.04,28.14,24.66,19.34,23.12,25.3,24.14,26.88,24.79,28.35,26.84,26.51,25.86,26.65,26.99,26.7,25.79,23.42,24.09,24.33,25.07,25.55,24.7,24.81,26.12,28.71,29.55,29.03,28.64,29.27,32.51,26.16,22.67,27.79,25.6,27.07,23.38,25.05,26.65,22.21,26.52,27.94,27.58,29.15,25.66,26.75,21.86,8.85,3.23,5.5,4.15,9.31,7.93,10.3,7.3,47.18,47.55,48.55,48.45,46.0,29.21,1.64,3.16,2.6,0.0,3.36,2.18,2.39,15.51,17.67,32.19,23.61,14.33,19.1,19.22,19.48,13.19,21.14,22.57,17.55,4.36,21.36,29.26,5.64,16.13,5.08,20.79,12.43,16.91,8.95,28.23,15.19,19.6,6.09,4.66,6.0,28.36,16.43,4.43,17.51
29.07,18.09,32.03,28.71,4.28,1.46,4.71,27.92,27.42,18.54,20.41,26.92,21.65,27.93,2.65,10.75,24.95,19.3,27.09,48.75,10.56,2.07,29.53,26.05,20.73,24.52,26.69,25.53,28.28,26.18,29.74,28.23,27.9,27.25,28.05,28.38,28.09,27.18,24.82,25.49,25.72,26.47,26.94,26.1,26.2,27.52,30.11,30.95,30.43,30.04,30.66,33.91,27.55,24.07,29.18,26.99,28.46,24.77,26.44,28.05,23.6,27.91,29.34,28.98,30.54,27.06,28.15,23.25,10.25,4.78,7.05,5.7,10.7,9.32,11.7,8.85,48.57,48.94,49.95,49.84,47.4,30.6,3.04,4.55,1.18,3.36,0.0,3.73,2.71,16.9,19.06,33.58,25.01,15.72,20.49,20.61,20.87,14.59,22.54,23.96,18.95,5.76,22.75,30.66,4.82,17.52,4.25,22.19,11.6,18.3,10.34,29.62,16.58,21.0,7.48,6.05,5.32,29.75,17.83,5.83,18.9
28.67,17.69,31.63,24.85,3.89,3.78,4.31,27.53,23.56,14.68,20.01,26.52,21.25,24.07,2.19,6.89,21.09,15.44,26.69,44.89,6.7,3.03,29.13,22.19,20.33,24.12,26.29,21.67,24.42,25.78,29.34,27.83,27.5,26.85,27.65,27.98,24.23,26.78,24.42,25.09,25.32,26.07,23.08,22.24,22.34,23.66,29.71,30.55,30.03,29.64,26.8,30.05,23.69,20.21,25.32,23.13,24.61,20.91,22.58,24.19,19.74,24.05,25.48,25.12,30.14,23.2,27.75,22.86,7.94,1.05,3.32,1.97,6.37,8.92,7.84,5.12,44.71,45.08,46.09,45.98,43.54,30.2,2.64,4.16,2.97,2.18,3.73,0.0,1.02,13.07,15.23,29.75,21.17,11.89,16.66,16.78,17.04,6.99,22.14,23.56,18.55,5.36,22.35,30.26,6.02,17.12,5.45,21.79,12.8,17.91,9.95,29.22,16.18,20.6,7.08,5.65,6.52,29.35,17.43,5.43,18.5
28.88,17.9,31.84,25.87,4.09,2.75,4.52,27.73,24.59,15.71,20.22,26.72,21.46,25.09,2.4,7.91,22.12,16.47,26.9,45.92,7.73,1.97,29.34,23.22,20.54,24.33,26.5,22.7,25.44,25.99,29.55,28.04,27.71,27.06,27.86,28.19,25.26,26.99,24.63,25.3,25.53,26.28,24.1,23.26,23.37,24.68,29.92,30.76,30.24,29.85,27.83,31.07,24.71,21.23,26.35,24.15,25.63,21.94,23.61,25.21,20.77,25.08,26.5,26.14,30.35,24.22,27.96,23.06,10.06,2.07,4.35,2.99,7.4,9.13,8.86,6.14,45.74,46.1,47.11,47.01,44.56,30.41,2.85,4.36,1.95,2.39,2.71,1.02,0.0,14.09,16.25,30.77,22.2,12.91,17.68,17.8,18.06,8.01,22.35,23.77,18.76,5.57,22.56,30.46,4.99,17.33,4.43,22.0,11.78,18.11,10.15,29.43,16.39,20.81,7.29,5.86,5.5,29.56,17.64,5.63,18.71
13.74,19.87,24.72,11.78,14.06,16.95,12.5,21.62,10.5,1.62,22.19,20.61,23.43,11.0,14.8,6.58,8.03,2.38,21.41,43.18,6.83,15.58,17.72,9.13,22.51,26.3,20.38,8.61,11.35,19.88,17.93,16.42,14.95,18.36,17.7,16.57,11.17,16.45,18.05,19.18,17.77,16.19,10.02,9.17,9.28,10.59,18.3,19.14,14.35,16.85,13.74,16.98,10.63,7.14,12.26,10.07,11.54,7.85,9.52,11.12,6.68,10.99,12.41,12.05,15.32,10.13,22.47,25.04,8.1,12.02,9.74,11.1,7.97,8.44,6.12,9.05,43.0,43.37,44.37,44.27,41.82,27.66,15.19,12.46,16.14,15.51,16.9,13.07,14.09,0.0,2.16,16.68,19.46,10.17,3.59,3.71,3.97,9.04,24.3,32.58,20.71,11.43,24.52,33.08,17.54,19.29,16.59,23.95,24.32,20.07,12.11,31.39,18.35,22.76,16.1,14.67,17.2,34.17,19.59,15.63,20.67
12.59,22.04,23.56,10.63,16.23,19.11,14.67,20.46,9.34,1.1,24.35,19.45,25.59,9.85,16.96,8.75,6.87,1.22,20.26,45.34,8.99,17.74,16.56,7.97,24.68,18.29,19.23,7.45,10.2,18.72,16.77,15.26,13.8,17.2,16.54,15.41,10.01,15.3,16.89,18.02,16.62,15.03,8.86,8.02,8.12,9.43,17.14,17.98,13.19,15.69,12.58,15.82,9.47,5.99,11.1,8.91,10.38,6.69,8.36,9.97,5.52,9.83,11.25,10.9,14.17,8.98,21.31,19.55,10.26,14.18,11.9,13.26,10.13,10.6,8.28,11.22,45.16,45.53,46.54,46.43,43.98,26.5,17.35,14.62,18.3,17.67,19.06,15.23,16.25,2.16,0.0,15.52,10.73,12.34,2.43,2.55,2.96,11.2,26.46,34.74,22.87,13.59,26.68,27.29,19.71,21.45,18.75,26.11,26.49,22.23,14.27,25.6,20.51,24.93,18.27,16.83,19.36,28.39,21.75,17.79,22.83
17.53,27.94,28.16,6.91,30.74,33.62,29.18,25.06,18.27,16.13,26.34,24.05,25.8,7.25,31.48,23.26,16.33,14.3,24.85,59.86,23.51,32.26,21.16,8.77,26.92,22.89,23.83,9.07,4.25,23.32,21.37,19.86,18.61,21.8,21.14,20.01,5.89,19.89,21.49,22.62,21.21,19.84,6.66,5.83,9.74,7.96,21.74,22.58,18.89,17.55,14.44,17.68,18.4,14.92,12.96,16.67,20.13,15.62,15.59,18.9,14.45,18.76,19.3,19.83,16.02,17.91,25.91,24.15,24.78,28.7,26.42,27.78,24.65,25.12,22.8,25.73,59.68,60.05,61.05,60.95,58.5,31.1,31.87,29.14,32.82,32.19,33.58,29.75,30.77,16.68,15.52,0.0,17.55,26.85,13.86,12.97,16.03,25.72,25.59,45.47,27.18,28.11,29.01,29.14,34.22,31.79,33.27,24.38,41.0,29.13,28.79,27.45,29.55,27.26,32.78,31.35,33.88,30.24,29.71,32.31,33.17
33.2,27.98,40.29,31.24,22.17,25.05,20.61,37.81,29.96,21.07,30.3,36.8,31.54,30.46,22.91,14.69,27.48,21.84,36.98,32.41,14.94,23.69,39.42,28.59,30.62,34.41,36.58,28.07,21.19,36.07,39.63,38.12,34.41,37.14,37.94,38.27,30.63,37.07,34.71,35.38,35.61,36.36,29.47,28.63,28.73,30.05,40.0,40.84,33.81,36.31,33.2,36.44,30.08,26.6,31.71,29.52,31.0,27.31,28.98,30.58,26.14,30.44,31.87,31.51,34.78,29.59,38.04,33.14,16.2,20.12,17.85,19.21,16.08,16.54,13.94,17.16,32.23,32.6,33.6,33.5,31.05,43.22,23.29,20.57,24.25,23.61,25.01,21.17,22.2,19.46,10.73,17.55,0.0,9.28,23.05,23.17,23.43,14.1,32.41,40.69,28.82,19.54,32.62,41.19,25.65,27.4,24.7,32.06,32.43,28.18,20.22,39.5,26.46,30.87,24.21,22.78,25.31,42.28,27.7,23.74,28.77
23.92,18.7,31.01,21.96,12.89,15.77,11.33,28.53,20.67,11.79,21.01,27.52,22.26,21.18,13.62,5.41,18.2,12.55,27.7,33.0,5.65,14.4,30.14,19.3,21.34,25.12,27.29,18.78,21.53,26.79,30.35,28.84,25.13,27.86,28.65,28.99,21.34,27.79,25.42,26.09,26.33,27.07,20.19,19.35,19.45,20.76,30.71,31.55,24.52,27.02,23.91,27.15,20.8,17.32,22.43,20.24,21.71,18.02,19.69,21.3,16.85,21.16,22.58,22.23,25.5,20.31,28.75,23.86,6.92,10.84,8.57,9.92,6.79,7.26,4.66,7.88,32.83,33.19,34.2,34.09,31.65,33.94,14.01,11.29,14.96,14.33,15.72,11.89,12.91,10.17,12.34,26.85,9.28,0.0,13.76,13.88,14.14,4.81,23.12,31.41,19.54,10.25,23.34,31.9,16.37,18.11,15.42,22.78,23.15,18.89,10.93,30.21,17.17,21.59,14.93,13.5,16.02,32.99,18.42,14.45,19.49
10.92,23.46,21.9,8.96,17.65,20.54,16.09,18.8,7.68,3.04,20.07,17.79,19.54,8.18,18.39,10.17,5.2,1.21,18.59,46.77,10.42,19.17,14.9,6.31,20.66,16.62,17.56,5.79,8.53,17.05,15.11,13.6,12.13,15.53,14.88,13.75,8.35,13.63,15.22,16.36,14.95,13.36,7.19,6.35,6.45,7.77,15.47,16.31,11.52,14.02,10.92,14.16,7.8,4.32,9.43,7.24,8.72,5.03,6.7,8.3,3.86,8.16,9.59,9.23,12.5,7.31,19.64,17.89,11.69,15.61,13.33,14.69,11.56,12.03,9.71,12.65,46.59,46.96,47.96,47.86,45.41,24.83,18.78,16.05,19.73,19.1,20.49,16.66,17.68,3.59,2.43,13.86,23.05,13.76,0.0,0.89,2.5,12.63,22.07,36.17,24.3,15.02,28.11,25.63,21.13,22.88,20.18,20.86,27.91,23.66,15.7,23.94,21.94,26.35,19.69,18.26,20.79,26.72,23.18,19.22,24.26
10.03,23.59,21.01,8.07,17.78,20.66,16.22,17.91,6.79,3.16,19.18,16.9,18.65,7.29,18.51,10.3,4.32,1.33,17.7,46.89,10.54,19.29,14.01,5.42,19.77,15.74,16.67,4.9,7.64,16.16,14.22,12.71,11.24,14.64,13.99,12.86,7.46,12.74,14.34,15.47,14.06,12.48,6.3,5.46,5.57,6.88,14.59,15.43,10.64,13.14,10.03,13.27,6.91,3.43,8.55,6.35,7.83,4.14,5.81,7.41,2.97,7.28,8.7,8.34,11.61,6.42,18.76,17.0,11.81,15.73,13.45,14.81,11.68,12.15,9.83,12.77,46.71,47.08,48.09,47.98,45.53,23.94,18.9,16.17,19.85,19.22,20.61,16.78,17.8,3.71,2.55,12.97,23.17,13.88,0.89,0.0,3.06,12.75,21.18,36.29,24.42,15.14,24.61,24.74,21.25,23.0,20.3,19.97,28.04,23.78,15.82,23.05,22.06,22.85,19.82,18.38,20.91,25.83,23.3,19.34,24.38
13.1,23.85,24.07,11.13,18.04,20.92,16.48,20.97,9.85,3.47,26.16,19.96,27.4,10.35,18.77,10.56,7.38,2.2,20.77,47.15,10.8,19.55,17.07,8.48,26.49,18.8,19.74,7.96,10.71,19.23,17.28,15.77,14.31,17.71,17.05,15.92,10.52,15.8,17.4,18.53,17.12,15.54,9.37,8.52,8.63,9.94,17.65,18.49,13.7,16.2,13.09,16.33,9.98,6.5,11.61,9.42,10.89,7.2,8.87,10.47,6.03,10.34,11.76,11.41,14.68,9.49,21.82,20.06,12.07,15.99,13.71,15.07,11.94,12.41,10.09,13.03,46.97,47.34,48.35,48.24,45.79,27.01,19.16,16.43,20.11,19.48,20.87,17.04,18.06,3.97,2.96,16.03,23.43,14.14,2.5,3.06,0.0,13.01,28.27,36.55,24.68,15.4,28.49,27.8,21.51,23.26,20.56,23.04,28.3,24.04,16.08,26.11,22.32,26.74,20.08,18.64,21.17,28.9,23.56,19.6,24.64
22.78,17.56,29.87,20.82,11.75,14.63,10.19,27.39,19.54,10.66,19.88,26.39,21.12,20.04,12.49,4.27,17.07,11.42,26.56,37.82,4.52,13.27,29.0,18.17,20.2,23.99,26.16,17.65,20.39,25.65,29.21,27.7,23.99,26.72,27.52,27.85,20.21,26.65,24.29,24.96,25.19,25.94,19.05,18.21,18.32,19.63,29.58,30.42,23.39,25.89,22.78,26.02,19.66,16.18,21.3,19.1,20.58,16.89,18.56,20.16,15.72,20.03,21.45,21.09,24.36,19.17,27.62,22.72,5.78,5.94,4.15,5.02,2.95,6.13,3.52,1.87,37.64,38.01,39.01,38.91,36.46,32.81,12.87,10.15,13.83,13.19,14.59,6.99,8.01,9.04,11.2,25.72,14.1,4.81,12.63,12.75,13.01,0.0,21.99,30.27,18.4,9.12,22.21,30.77,15.23,16.98,14.28,21.64,22.01,17.76,9.8,29.08,16.04,20.45,13.79,12.36,14.89,31.86,17.28,13.32,18.36
8.54,4.43,9.87,20.05,19.7,22.58,18.14,7.4,12.19,25.92,2.83,6.39,2.3,20.19,20.43,18.12,17.09,22.52,6.57,56.13,17.94,21.21,9.0,21.7,3.41,3.99,6.16,22.01,22.62,5.65,9.21,7.7,7.37,6.72,7.52,7.85,19.88,6.66,4.29,4.96,5.19,5.94,19.6,22.57,22.67,20.9,9.58,10.42,9.9,9.51,11.43,18.43,14.31,16.18,13.7,17.43,11.14,14.44,16.36,13.18,18.22,12.55,10.31,14.11,10.02,12.91,7.62,2.73,17.62,22.12,19.85,21.2,18.08,16.7,19.07,19.16,55.95,56.32,57.33,57.22,54.77,12.81,20.82,18.1,21.78,21.14,22.54,22.14,22.35,24.3,26.46,25.59,32.41,23.12,22.07,21.18,28.27,21.99,0.0,27.1,3.59,17.02,5.42,10.77,23.14,8.2,22.19,2.45,29.92,5.54,12.85,9.08,5.95,3.66,21.7,20.27,22.8,11.86,6.12,21.22,9.58
28.42,29.53,17.72,39.93,19.59,24.0,20.37,27.28,32.07,34.2,27.93,26.27,27.4,40.07,21.86,26.4,36.98,34.96,20.52,64.41,26.22,22.64,28.88,41.71,28.52,24.48,26.04,41.19,42.5,25.54,29.09,27.59,27.25,26.61,27.4,27.74,39.77,26.54,24.17,24.84,25.07,25.82,39.48,41.76,41.86,40.78,29.46,30.3,29.78,29.39,31.31,38.31,34.2,39.73,33.58,37.32,31.02,34.32,36.24,33.06,39.26,32.44,30.19,33.99,29.9,32.79,20.7,25.74,25.91,24.61,28.13,25.53,26.36,24.98,27.35,27.44,64.23,64.6,65.61,65.5,63.05,16.29,22.25,20.21,23.2,22.57,23.96,23.56,23.77,32.58,34.74,45.47,40.69,31.41,36.17,36.29,36.55,30.27,27.1,0.0,28.67,21.42,30.5,16.34,17.72,33.18,21.47,25.87,9.72,30.62,26.0,18.72,31.04,28.75,19.23,18.42,22.08,15.44,31.2,20.5,34.56
10.14,0.84,11.47,21.65,16.11,18.99,14.55,8.99,13.78,22.33,1.47,7.98,2.72,21.78,16.84,14.53,18.69,23.09,8.16,52.54,14.35,17.62,10.6,23.3,1.8,5.59,7.76,23.6,24.22,7.25,10.81,9.3,8.97,8.32,9.12,9.45,21.48,8.25,5.89,6.56,6.79,7.54,21.19,24.17,24.27,22.49,11.18,12.02,11.5,11.1,13.03,20.02,15.91,17.77,15.3,19.03,12.74,16.03,17.95,14.78,19.81,14.15,11.91,15.71,11.61,14.5,9.22,4.32,14.03,18.53,16.26,17.61,14.49,13.11,15.48,15.57,52.36,52.73,53.74,53.63,51.18,14.4,17.23,14.51,18.19,17.55,18.95,18.55,18.76,20.71,22.87,27.18,28.82,19.54,24.3,24.42,24.68,18.4,3.59,28.67,0.0,13.43,3.8,12.37,19.55,4.61,18.6,3.24,26.33,1.95,9.26,10.68,2.36,2.05,18.11,16.68,19.21,13.46,2.53,17.64,5.99
23.57,12.6,24.9,23.21,2.92,5.8,1.09,22.43,21.93,13.04,14.91,21.42,16.15,22.43,3.66,5.25,19.45,13.81,21.6,43.26,5.07,4.44,24.03,20.56,15.24,19.02,21.19,20.04,22.78,20.68,24.24,22.73,22.4,21.75,22.55,22.89,22.6,21.69,19.32,19.99,20.22,20.97,21.44,20.6,20.7,22.02,24.61,25.45,24.93,24.54,25.17,28.41,22.05,18.57,23.68,21.49,22.97,19.28,20.95,22.55,18.11,22.41,23.84,23.48,25.05,21.56,22.65,17.76,4.75,6.41,6.97,7.33,5.2,3.82,6.2,6.29,43.08,43.44,44.45,44.34,41.9,28.06,4.04,1.32,5.0,4.36,5.76,5.36,5.57,11.43,13.59,28.11,19.54,10.25,15.02,15.14,15.4,9.12,17.02,21.42,13.43,0.0,17.25,25.82,6.38,12.03,5.43,16.69,13.16,12.81,4.85,24.13,11.09,15.5,4.94,3.51,6.03,27.21,12.33,4.46,13.41
11.96,4.64,13.3,23.47,19.91,22.8,18.36,10.82,15.61,26.13,3.3,9.81,4.55,23.61,20.65,18.34,20.52,26.89,9.99,56.34,18.16,21.43,12.43,25.13,2.7,7.41,9.59,25.43,26.05,9.08,12.64,11.13,10.8,10.15,10.94,11.28,23.31,10.08,7.71,8.38,8.62,9.36,23.02,25.99,26.1,24.32,13.0,13.84,13.32,12.93,14.85,21.85,17.74,19.6,17.12,20.86,14.57,17.86,19.78,16.6,21.64,15.98,13.73,17.54,13.44,16.33,11.04,6.15,17.84,22.34,20.06,21.42,18.29,16.91,19.29,19.38,56.16,56.53,57.54,57.43,54.99,16.23,21.04,18.31,21.99,21.36,22.75,22.35,22.56,24.52,26.68,29.01,32.62,23.34,28.11,24.61,28.49,22.21,5.42,30.5,3.8,17.25,0.0,14.19,23.35,8.41,22.4,5.07,30.14,5.75,13.06,12.5,6.17,3.29,21.92,20.48,23.01,15.29,6.33,21.44,9.79
12.1,13.2,1.4,23.61,26.28,30.7,27.06,10.95,15.74,27.9,11.6,9.94,11.07,23.74,28.55,26.9,20.65,26.07,4.19,64.91,26.72,29.33,12.56,25.26,12.19,8.16,9.72,25.56,26.18,9.21,12.77,11.26,10.93,10.28,11.08,11.41,23.44,10.21,7.85,8.52,8.75,9.5,23.15,26.13,26.23,24.45,13.14,13.98,13.46,13.06,14.98,21.98,17.87,19.73,17.26,20.99,14.7,17.99,19.91,16.74,21.77,16.11,13.87,17.67,13.57,16.46,4.37,9.42,26.4,31.3,28.63,32.22,26.85,25.47,27.85,27.94,64.73,65.09,66.1,66.0,63.55,2.07,28.94,26.91,29.9,29.26,30.66,30.26,30.46,33.08,27.29,29.14,41.19,31.9,25.63,24.74,27.8,30.77,10.77,16.34,12.37,25.82,14.19,0.0,29.12,16.96,28.17,9.55,22.76,14.3,21.61,2.4,14.72,12.43,25.93,25.13,28.78,1.12,14.88,27.21,18.34
29.69,18.71,30.49,29.33,3.6,3.93,5.33,28.54,28.04,19.16,21.02,27.53,22.27,28.55,4.94,11.36,25.57,19.92,27.71,49.37,11.18,3.42,30.15,26.67,21.35,25.14,27.31,26.15,28.9,26.8,30.36,28.85,28.52,27.87,28.67,29.0,28.71,27.8,25.44,26.11,26.34,27.09,27.56,26.72,26.82,28.13,30.73,31.57,31.05,30.65,31.28,34.52,28.17,24.69,29.8,27.61,29.08,25.39,27.06,28.67,24.22,28.53,29.95,29.6,31.16,27.68,28.77,23.87,10.87,7.07,9.34,7.98,11.32,9.94,12.31,12.4,49.19,49.56,50.57,50.46,48.01,29.06,5.32,5.17,4.33,5.64,4.82,6.02,4.99,17.54,19.71,34.22,25.65,16.37,21.13,21.25,21.51,15.23,23.14,17.72,19.55,6.38,23.35,29.12,0.0,18.14,1.5,22.81,8.0,18.92,10.96,31.49,17.2,21.62,5.94,4.51,1.92,28.21,18.45,2.75,19.52
14.75,3.77,16.08,26.26,14.69,17.57,13.13,13.6,18.39,20.9,6.08,12.59,7.33,26.39,15.42,13.11,23.3,21.67,12.77,51.12,12.93,16.2,15.21,28.42,6.41,10.2,12.37,27.9,28.83,11.86,15.42,13.91,13.58,12.93,13.73,14.06,26.09,12.86,10.5,11.17,11.4,12.15,25.8,28.46,28.57,27.1,15.79,16.63,16.11,15.71,17.64,24.63,20.52,26.43,19.91,23.64,17.35,20.64,22.56,19.39,25.97,18.76,16.52,20.32,16.22,19.11,13.83,8.93,12.61,17.11,14.84,16.19,13.06,11.68,14.06,14.15,50.94,51.3,52.31,52.2,49.76,19.01,15.81,13.08,16.76,16.13,17.52,17.12,17.33,19.29,21.45,31.79,27.4,18.11,22.88,23.0,23.26,16.98,8.2,33.18,4.61,12.03,8.41,16.96,18.14,0.0,17.17,7.85,24.91,3.97,7.83,15.29,2.25,6.66,16.69,15.26,17.78,18.07,3.49,16.21,1.38
28.74,17.76,29.54,28.38,2.65,3.37,4.38,27.59,27.09,18.21,20.07,26.58,21.32,27.59,4.37,10.41,24.62,18.97,26.76,48.42,10.23,2.85,29.2,25.72,20.4,24.19,26.36,25.2,27.95,25.85,29.41,27.9,27.57,26.92,27.72,28.05,27.76,26.85,24.48,25.15,25.39,26.14,26.61,25.77,25.87,27.18,29.77,30.62,30.1,29.7,30.33,33.57,27.22,23.74,28.85,26.66,28.13,24.44,26.11,27.71,23.27,27.58,29.0,28.65,30.21,26.73,27.81,22.92,9.91,6.5,8.77,7.42,10.37,8.99,11.36,11.45,48.24,48.61,49.62,49.51,47.06,28.11,4.15,4.22,3.77,5.08,4.25,5.45,4.43,16.59,18.75,33.27,24.7,15.42,20.18,20.3,20.56,14.28,22.19,21.47,18.6,5.43,22.4,28.17,1.5,17.17,0.0,21.86,8.28,17.97,10.01,30.54,16.25,20.67,4.99,3.56,1.07,27.26,17.49,1.8,18.57
7.33,4.08,8.66,18.84,19.35,22.23,17.79,6.19,10.98,25.57,2.48,5.18,1.95,18.98,20.09,17.77,15.89,21.31,5.36,55.78,17.59,20.87,7.79,20.5,3.07,1.41,4.95,20.8,21.41,4.44,8.0,6.49,6.16,5.51,6.31,6.65,18.68,5.45,3.08,3.75,3.98,4.73,18.39,21.36,21.47,19.69,8.37,9.21,8.69,8.3,10.22,17.22,13.11,14.97,12.49,16.22,9.93,13.23,15.15,11.97,17.01,11.34,9.1,12.9,8.81,11.7,6.41,0.91,17.28,21.77,19.5,20.86,17.73,16.35,18.72,18.81,55.6,55.97,56.98,56.87,54.42,11.6,20.47,17.75,21.43,20.79,22.19,21.79,22.0,23.95,26.11,24.38,32.06,22.78,20.86,19.97,23.04,21.64,2.45,25.87,3.24,16.69,5.07,9.55,22.81,7.85,21.86,0.0,29.57,5.19,12.5,7.87,5.6,3.32,21.35,19.92,22.45,10.65,5.77,20.88,9.23
34.84,25.49,24.13,36.11,10.38,10.72,12.11,33.69,34.82,25.94,27.81,32.68,29.05,35.33,11.72,18.15,32.35,26.7,26.93,56.15,17.96,10.2,35.3,33.45,28.13,30.9,32.46,32.93,35.68,31.95,35.51,34.0,33.67,33.02,33.82,34.15,35.49,32.95,30.58,31.26,31.49,32.24,34.34,33.5,33.6,34.92,35.87,36.72,36.2,35.8,37.72,41.31,34.95,31.47,36.58,34.39,37.44,32.17,33.84,35.45,31.0,35.31,36.61,36.38,36.31,34.46,27.11,30.65,17.65,13.85,16.12,14.76,18.1,16.72,19.1,19.18,55.97,56.34,57.35,57.24,54.8,22.7,12.11,11.95,11.11,12.43,11.6,12.8,11.78,24.32,26.49,41.0,32.43,23.15,27.91,28.04,28.3,22.01,29.92,9.72,26.33,13.16,30.14,22.76,8.0,24.91,8.28,29.57,0.0,25.7,17.74,25.13,23.98,28.4,13.02,12.21,8.19,21.85,25.23,9.08,26.3
12.08,1.11,13.42,23.59,15.47,18.35,13.91,10.94,15.73,21.69,3.42,9.93,4.67,23.73,16.2,13.89,20.64,22.45,10.11,51.9,13.71,16.98,12.55,25.25,3.75,7.53,9.71,28.68,26.17,9.2,12.76,11.25,10.92,10.27,11.06,11.4,23.43,10.2,7.83,8.5,8.74,9.49,23.14,29.24,29.35,24.44,13.12,13.96,13.44,13.05,14.97,21.97,17.86,19.72,17.25,20.98,14.69,17.98,19.9,16.72,21.76,16.1,13.85,17.66,13.56,16.45,11.16,6.27,13.39,17.89,15.62,16.97,13.85,12.47,14.84,14.93,51.72,52.09,53.09,52.99,50.54,16.35,16.59,13.87,17.54,16.91,18.3,17.91,18.11,20.07,22.23,29.13,28.18,18.89,23.66,23.78,24.04,17.76,5.54,30.62,1.95,12.81,5.75,14.3,18.92,3.97,17.97,5.19,25.7,0.0,8.61,12.62,1.72,4.0,17.47,16.04,18.57,15.41,2.32,16.99,5.35
19.39,8.42,20.72,23.89,7.51,10.39,5.95,18.25,22.61,13.73,10.73,17.24,11.97,23.11,8.24,5.93,20.14,14.49,17.42,43.94,5.75,9.02,19.86,21.24,11.06,14.84,17.01,20.72,23.46,16.51,20.07,18.56,18.22,17.58,18.37,18.71,23.28,17.51,15.14,15.81,16.04,16.79,22.13,21.28,21.39,22.7,20.43,21.27,20.75,20.36,22.28,29.09,22.74,19.25,24.37,22.17,21.99,19.96,21.63,23.23,18.79,23.1,21.16,24.16,20.87,22.24,18.47,13.58,5.43,9.93,7.66,9.01,5.88,4.51,6.88,6.97,43.76,44.13,45.13,45.03,42.58,23.66,8.63,5.91,9.58,8.95,10.34,9.95,10.15,12.11,14.27,28.79,20.22,10.93,15.7,15.82,16.08,9.8,12.85,26.0,9.26,4.85,13.06,21.61,10.96,7.83,10.01,12.5,17.74,8.61,0.0,19.93,6.89,11.31,9.51,8.08,10.61,22.72,8.14,9.03,9.21
10.41,11.51,1.51,21.92,26.79,29.67,25.23,9.26,14.05,26.21,9.91,8.25,9.38,22.05,27.52,25.21,18.96,24.38,2.5,63.22,25.03,28.3,10.87,23.57,10.5,6.47,8.03,23.87,24.49,7.52,11.08,9.57,9.24,8.59,9.39,9.72,21.75,8.52,6.15,6.83,7.06,7.81,21.46,24.44,24.54,22.76,11.44,12.29,11.77,11.37,13.29,20.29,16.18,18.04,15.57,19.3,13.01,16.3,18.22,15.05,20.08,14.42,12.18,15.98,11.88,14.77,2.68,7.73,24.71,29.21,26.94,28.29,25.16,23.78,26.16,26.25,63.04,63.4,64.41,64.3,61.86,4.45,27.91,25.18,28.86,28.23,29.62,29.22,29.43,31.39,25.6,27.45,39.5,30.21,23.94,23.05,26.11,29.08,9.08,18.72,10.68,24.13,12.5,2.4,31.49,15.29,30.54,7.87,25.13,12.62,19.93,0.0,13.03,10.74,28.31,27.5,31.16,3.49,13.19,29.58,16.65
12.5,1.53,13.83,24.01,13.75,16.63,12.19,11.36,16.15,19.97,3.84,10.35,5.08,24.15,14.48,12.17,21.05,20.73,10.53,50.18,11.99,15.26,12.96,27.48,4.17,7.95,10.12,26.96,26.58,9.61,13.17,11.66,11.33,10.68,11.48,11.81,23.84,10.62,8.25,8.92,9.15,9.9,23.56,27.52,27.63,24.86,13.54,14.38,13.86,13.47,15.39,22.39,18.28,20.14,17.66,21.39,15.1,18.4,20.32,17.14,22.18,16.51,14.27,18.07,13.98,16.87,11.58,6.69,11.67,16.17,13.9,15.25,12.12,10.74,13.12,13.21,50.0,50.36,51.37,51.26,48.82,16.77,14.87,12.14,15.82,15.19,16.58,16.18,16.39,18.35,20.51,29.55,26.46,17.17,21.94,22.06,22.32,16.04,5.95,31.04,2.36,11.09,6.17,14.72,17.2,2.25,16.25,5.6,23.98,1.72,6.89,13.03,0.0,4.42,15.75,14.32,16.84,15.82,2.74,15.27,3.63
10.21,2.89,11.54,21.72,18.16,21.04,16.6,9.07,13.86,24.38,1.55,8.06,2.79,21.86,18.9,16.59,18.76,25.14,8.24,54.59,16.4,19.68,10.67,23.38,1.29,5.66,7.83,23.68,24.29,7.32,10.88,9.37,9.04,8.39,9.19,9.52,21.56,8.33,5.96,6.63,6.86,7.61,21.27,24.24,24.34,22.57,11.25,12.09,11.57,11.18,13.1,20.1,15.99,17.85,15.37,19.1,12.81,16.11,18.03,14.85,19.89,14.22,11.98,15.78,11.69,14.58,9.29,4.4,16.09,20.58,18.31,19.67,16.54,15.16,17.53,17.62,54.41,54.78,55.79,55.68,53.23,14.48,19.28,16.56,20.24,19.6,21.0,20.6,20.81,22.76,24.93,27.26,30.87,21.59,26.35,22.85,26.74,20.45,3.66,28.75,2.05,15.5,3.29,12.43,21.62,6.66,20.67,3.32,28.4,4.0,11.31,10.74,4.42,0.0,20.16,18.73,21.26,13.53,4.58,19.69,8.04
28.25,17.27,27.3,27.89,3.11,7.53,3.89,27.1,26.6,17.72,19.59,26.1,20.83,27.11,5.38,9.93,24.13,18.48,26.27,47.93,9.74,6.16,28.71,25.23,19.91,23.7,25.87,24.71,27.46,25.36,28.92,27.41,27.08,26.43,27.23,27.56,27.27,26.36,24.0,24.67,24.9,25.65,26.12,25.28,25.38,26.7,29.29,30.13,29.61,29.22,29.84,33.09,26.73,23.25,28.36,26.17,27.64,23.95,25.62,27.23,22.78,27.09,28.52,28.16,29.72,26.24,27.33,22.43,9.43,8.13,11.65,9.05,9.88,8.5,10.88,10.96,47.75,48.12,49.13,49.02,46.58,25.87,5.77,3.73,6.72,6.09,7.48,7.08,7.29,16.1,18.27,32.78,24.21,14.93,19.69,19.82,20.08,13.79,21.7,19.23,18.11,4.94,21.92,25.93,5.94,16.69,4.99,21.35,13.02,17.47,9.51,28.31,15.75,20.16,0.0,1.95,5.6,25.02,17.01,4.03,18.08
26.82,15.84,26.5,26.46,1.68,6.09,2.46,25.67,25.17,16.29,18.15,24.66,19.4,25.68,3.95,8.49,22.7,17.05,24.84,46.5,8.31,4.73,27.28,23.8,18.48,22.27,24.44,23.28,26.03,23.93,27.49,25.98,25.65,25.0,25.8,26.13,25.84,24.93,22.56,23.24,23.47,24.22,24.69,23.85,23.95,25.26,27.85,28.7,28.18,27.78,28.41,31.65,25.3,21.82,26.93,24.74,26.21,22.52,24.19,25.8,21.35,25.66,27.08,26.73,28.29,24.81,25.9,21.0,8.0,6.7,10.22,7.62,8.45,7.07,9.44,9.53,46.32,46.69,47.7,47.59,45.14,25.07,4.34,2.3,5.29,4.66,6.05,5.65,5.86,14.67,16.83,31.35,22.78,13.5,18.26,18.38,18.64,12.36,20.27,18.42,16.68,3.51,20.48,25.13,4.51,15.26,3.56,19.92,12.21,16.04,8.08,27.5,14.32,18.73,1.95,0.0,4.17,24.22,15.57,2.59,16.65
29.34,18.37,30.15,28.98,3.26,4.44,4.99,28.2,27.7,18.82,20.68,27.19,21.93,28.2,5.3,11.02,25.23,19.58,27.37,49.03,10.84,3.92,29.81,26.33,21.01,24.8,26.97,25.81,28.56,26.46,30.02,28.51,28.18,27.53,28.32,28.66,28.37,27.46,25.09,25.76,26.0,26.75,27.22,26.37,26.48,27.79,30.38,31.22,30.7,30.31,30.94,34.18,27.83,24.35,29.46,27.27,28.74,25.05,26.72,28.32,23.88,28.19,29.61,29.26,30.82,27.34,28.42,23.53,10.52,7.57,9.84,8.49,10.98,9.6,11.97,12.06,48.85,49.22,50.22,50.12,47.67,28.72,4.76,4.83,4.84,6.0,5.32,6.52,5.5,17.2,19.36,33.88,25.31,16.02,20.79,20.91,21.17,14.89,22.8,22.08,19.21,6.03,23.01,28.78,1.92,17.78,1.07,22.45,8.19,18.57,10.61,31.16,16.84,21.26,5.6,4.17,0.0,27.87,18.1,1.58,19.18
13.19,14.3,2.49,24.7,25.38,29.8,26.16,12.05,16.84,28.99,12.7,11.04,12.17,24.84,27.65,27.99,21.74,27.17,5.28,66.0,27.81,28.43,13.65,26.35,13.28,9.25,10.81,26.66,27.27,10.3,13.86,12.35,12.02,11.37,12.17,12.5,24.53,11.31,8.94,9.61,9.84,10.59,24.25,27.22,27.32,25.55,14.23,15.07,14.55,14.16,16.08,23.08,18.96,20.83,18.35,22.08,15.79,19.09,21.01,17.83,22.87,17.2,14.96,18.76,14.66,17.56,5.47,10.51,27.49,30.4,29.72,31.32,27.95,26.57,28.94,29.03,65.82,66.19,67.2,67.09,64.64,1.69,28.04,26.0,28.99,28.36,29.75,29.35,29.56,34.17,28.39,30.24,42.28,32.99,26.72,25.83,28.9,31.86,11.86,15.44,13.46,27.21,15.29,1.12,28.21,18.07,27.26,10.65,21.85,15.41,22.72,3.49,15.82,13.53,25.02,24.22,27.87,0.0,15.97,26.3,19.44
12.66,1.69,14.0,24.17,14.99,17.87,13.43,11.52,16.31,21.21,4.0,10.51,5.25,24.31,15.72,13.41,21.22,21.97,10.69,51.42,13.23,16.5,13.13,28.72,4.33,8.12,10.29,28.2,26.75,9.78,13.34,11.83,11.5,10.85,11.64,11.98,24.01,10.78,8.41,9.08,9.32,10.07,23.72,28.77,28.87,25.02,13.7,14.54,14.02,13.63,15.55,22.55,18.44,20.3,17.83,21.56,15.27,18.56,20.48,17.3,22.34,16.68,14.43,18.24,14.14,17.03,11.74,6.85,12.91,17.41,15.14,16.49,13.37,11.99,14.36,14.45,51.24,51.61,52.62,52.51,50.06,16.93,16.11,13.39,17.07,16.43,17.83,17.43,17.64,19.59,21.75,29.71,27.7,18.42,23.18,23.3,23.56,17.28,6.12,31.2,2.53,12.33,6.33,14.88,18.45,3.49,17.49,5.77,25.23,2.32,8.14,13.19,2.74,4.58,17.01,15.57,18.1,15.97,0.0,16.52,4.87
27.77,16.8,28.58,27.41,1.69,4.61,3.41,26.63,26.13,17.25,19.11,25.62,20.35,26.63,3.72,9.45,23.66,18.01,25.8,47.46,9.27,4.5,28.23,24.76,19.44,23.22,25.39,24.24,26.98,24.89,28.44,26.94,26.6,25.96,26.75,27.09,26.8,25.89,23.52,24.19,24.42,25.17,25.64,24.8,24.91,26.22,28.81,29.65,29.13,28.74,29.37,32.61,26.25,22.77,27.89,25.69,27.17,23.48,25.15,26.75,22.31,26.62,28.04,27.68,29.25,25.76,26.85,21.96,8.95,6.47,8.75,7.39,9.4,8.02,10.4,10.49,47.28,47.65,48.65,48.55,46.1,27.15,3.19,3.26,5.06,4.43,5.83,5.43,5.63,15.63,17.79,32.31,23.74,14.45,19.22,19.34,19.6,13.32,21.22,20.5,17.64,4.46,21.44,27.21,2.75,16.21,1.8,20.88,9.08,16.99,9.03,29.58,15.27,19.69,4.03,2.59,1.58,26.3,16.52,0.0,17.61
16.13,5.15,17.46,27.64,16.07,18.95,14.51,14.98,19.77,22.28,7.46,13.97,8.71,27.77,16.8,14.49,24.68,23.05,14.15,52.5,14.31,17.58,16.59,29.8,7.79,11.58,13.75,29.28,30.21,13.24,16.8,15.29,14.96,14.31,15.11,15.44,27.47,14.24,11.87,12.55,12.78,13.53,27.18,29.84,29.94,28.48,17.16,18.01,17.49,17.09,19.01,26.01,21.9,27.81,21.29,25.02,18.73,22.02,23.94,20.77,27.35,20.14,17.9,21.7,17.6,20.49,15.21,10.31,13.99,18.49,16.21,17.57,14.44,13.06,15.44,15.53,52.32,52.68,53.69,53.58,51.14,20.39,17.19,14.46,18.14,17.51,18.9,18.5,18.71,20.67,22.83,33.17,28.77,19.49,24.26,24.38,24.64,18.36,9.58,34.56,5.99,13.41,9.79,18.34,19.52,1.38,18.57,9.23,26.3,5.35,9.21,16.65,3.63,8.04,18.08,16.65,19.18,19.44,4.87,17.61,0.0
