0.0,15.47,21.66,12.5,3.87,7.73,4.69,7.58,19.92,16.34,12.08,3.97,5.02,18.71,19.76,13.14,3.76,5.36,11.11,18.12,1.78,11.15,15.54,12.24,8.68,6.6,12.26,10.24,18.93,11.34,17.11,8.46,11.07,11.44,3.82,14.78,9.86,4.05,14.71,20.3,6.49,16.05,11.97,7.74,15.86,9.98,16.53,14.68,13.1,16.64,19.31,13.18,19.28,14.17,12.04,16.17,20.05,13.86,14.94,16.29,9.96,15.43,12.8,17.16,16.87,12.36,7.76,13.68,15.59,15.84,9.75,13.44,11.99,15.7,10.56,9.81,11.57,12.67,12.09,14.26,12.9,12.26,11.95,14.27,15.37,13.91,10.27,14.29,14.43,14.52,15.12,13.72,12.92,6.09,4.57,19.38,1.18,1.2,1.7,7.09,9.87,6.94,8.97,5.95,5.88,3.14,8.66,8.95,14.63,12.45,12.63,13.31,17.69,17.32,15.57,17.42,18.35,16.76,19.95,17.86,19.69,18.47,21.8
15.47,0.0,28.26,15.34,28.58,27.01,30.28,26.32,23.92,13.06,25.19,27.91,25.87,25.31,26.36,35.94,26.83,29.33,15.07,22.0,30.71,27.5,19.56,20.0,30.04,28.16,20.85,16.08,20.1,27.7,23.7,24.72,18.82,27.8,26.9,16.61,28.58,29.63,16.5,24.18,28.82,19.7,22.26,29.11,17.65,24.56,19.23,27.9,26.87,23.23,23.19,27.27,25.88,20.78,17.65,27.67,26.64,26.96,27.27,22.89,24.54,19.77,25.91,20.93,23.47,24.79,27.96,27.69,25.51,26.19,24.74,23.71,24.39,24.95,28.21,24.4,23.16,25.07,22.37,24.52,21.65,21.27,22.18,20.86,21.98,26.24,21.86,24.64,24.69,25.35,25.39,23.25,23.19,26.85,27.82,26.25,30.9,31.97,29.37,23.77,24.14,24.67,23.77,25.25,26.58,28.56,22.75,22.5,15.47,26.23,28.99,20.28,18.53,18.16,16.09,18.27,19.19,17.6,23.83,19.06,23.58,22.35,28.67
21.66,28.26,0.0,16.78,20.14,18.57,21.83,17.87,7.89,15.54,15.1,19.46,17.42,5.05,4.99,27.49,18.08,20.88,15.32,8.7,22.26,16.34,9.36,11.78,19.61,19.71,12.63,14.57,10.02,19.25,5.73,14.99,13.67,16.21,18.46,13.97,11.02,21.19,13.91,8.76,20.37,9.12,12.17,18.68,15.05,14.82,9.05,8.15,16.78,7.1,8.59,17.18,2.11,10.69,15.01,4.32,2.69,7.99,7.5,4.37,14.76,9.24,15.81,7.63,3.57,6.79,17.52,8.72,3.61,2.91,14.65,5.37,6.91,1.64,9.28,12.86,6.62,14.98,12.28,4.93,5.34,11.18,5.47,11.15,5.71,6.98,11.77,3.07,6.19,3.98,5.65,4.06,4.44,18.41,19.37,5.9,22.45,23.53,20.92,15.02,15.4,15.93,15.03,16.8,18.14,20.11,14.0,13.75,13.83,15.88,18.55,10.19,12.94,10.08,14.77,13.54,11.12,11.99,10.51,11.65,12.03,11.55,6.45
12.5,15.34,16.78,0.0,11.56,10.0,13.26,12.46,14.01,5.94,14.78,10.9,8.85,14.05,15.1,15.72,8.74,13.92,1.56,12.1,13.47,15.14,9.33,7.65,17.68,14.3,4.85,2.57,9.87,15.33,12.44,12.13,3.35,15.44,9.84,4.28,18.48,12.61,4.92,14.28,14.96,8.2,9.67,16.75,4.21,11.96,9.0,17.48,16.46,11.97,13.28,17.17,14.62,9.52,2.7,16.41,15.38,16.55,16.86,11.63,11.94,9.54,15.49,10.7,12.21,14.34,15.59,17.67,14.25,14.93,14.33,12.45,13.98,13.69,18.11,11.8,11.9,14.66,9.78,13.26,10.39,10.01,10.92,9.6,10.72,15.83,10.6,13.39,13.43,14.09,14.13,11.99,11.93,12.99,12.83,16.35,12.65,13.36,11.3,6.92,8.31,5.56,6.69,7.52,9.56,10.49,6.91,6.66,5.24,6.26,16.62,9.02,8.3,7.92,6.18,9.68,8.96,7.37,13.92,8.83,13.67,12.45,18.76
3.87,28.58,20.14,11.56,0.0,5.82,1.69,4.28,18.02,14.44,10.18,4.68,3.22,16.81,17.86,14.74,5.21,2.36,10.18,16.22,2.12,9.24,13.64,10.33,5.67,3.3,10.58,9.3,17.02,9.43,15.2,6.55,9.79,9.54,4.26,12.87,6.86,1.05,12.81,18.39,3.48,14.14,10.07,4.74,13.95,8.07,14.62,12.77,11.19,14.73,17.4,11.27,17.38,12.26,10.75,14.26,18.14,11.95,13.04,14.39,8.05,13.53,10.89,15.26,14.97,10.45,4.46,11.77,13.68,13.93,7.85,11.54,10.09,13.79,7.56,7.91,9.66,10.77,10.18,12.35,10.99,10.36,10.04,12.36,13.47,12.01,8.36,12.38,12.52,12.62,13.22,11.81,11.02,2.79,1.27,17.48,2.31,3.39,5.26,5.17,7.97,6.84,8.04,4.04,2.0,5.6,6.74,7.03,12.73,10.77,10.72,11.4,15.78,15.41,13.67,15.52,16.44,14.86,18.04,15.95,17.79,16.57,19.89
7.73,27.01,18.57,10.0,5.82,0.0,15.59,14.8,24.23,20.66,17.1,13.23,11.18,23.03,24.08,8.92,8.56,16.26,16.41,22.43,12.89,17.47,19.86,16.55,20.01,16.63,17.52,15.53,23.24,17.66,21.42,14.45,16.01,17.76,12.22,19.09,20.81,14.95,19.03,24.61,17.3,20.36,16.29,19.08,20.17,14.29,20.84,19.81,18.79,20.95,23.62,19.5,23.6,18.48,16.98,20.48,24.36,18.88,19.18,20.61,14.27,19.75,17.82,21.48,21.18,16.67,17.92,19.99,19.9,20.15,16.66,17.76,16.31,20.01,20.44,14.13,15.88,16.99,16.4,18.57,17.21,16.57,16.26,18.58,19.69,18.15,14.58,18.6,18.74,18.84,19.44,18.03,17.23,15.33,15.17,23.7,12.34,11.92,11.0,11.39,14.37,13.07,14.26,10.27,11.9,10.18,12.97,13.26,18.95,16.99,18.95,17.62,22.0,21.63,19.89,21.74,22.66,21.07,24.26,22.17,24.01,22.78,26.11
4.69,30.28,21.83,13.26,1.69,15.59,0.0,5.3,19.7,16.12,7.62,5.41,4.91,18.49,19.54,16.43,6.89,1.06,11.87,17.9,2.85,6.16,15.33,12.02,4.37,2.62,12.26,10.99,18.71,7.63,16.89,8.24,11.47,5.78,5.95,14.56,5.55,0.84,14.49,20.08,2.18,15.83,11.75,3.44,15.64,9.76,16.31,7.97,7.43,16.42,19.09,5.94,19.06,13.95,12.44,15.95,19.83,9.4,8.89,16.07,9.74,15.22,8.34,16.95,16.65,12.14,3.78,7.38,15.37,15.62,7.53,13.23,11.78,15.48,6.26,9.59,11.35,8.31,11.87,14.04,12.68,12.04,11.73,14.05,15.15,9.46,10.05,14.07,10.58,14.31,11.28,13.5,12.7,3.82,1.72,19.17,3.04,4.12,5.99,6.85,9.65,8.53,9.73,5.73,3.69,6.32,8.43,8.72,14.41,12.45,7.95,13.09,17.47,17.1,15.36,17.21,18.13,16.54,19.73,17.64,19.48,18.25,21.58
7.58,26.32,17.87,12.46,4.28,14.8,5.3,0.0,16.08,12.29,7.1,6.17,4.13,14.87,15.92,16.17,6.11,4.52,10.92,14.07,5.83,6.16,11.7,8.18,6.2,3.35,9.15,10.74,14.88,6.35,13.26,3.47,9.28,6.46,5.16,10.72,7.38,4.75,10.66,16.25,4.01,11.99,7.92,5.27,11.81,4.21,12.68,9.69,8.11,12.79,15.25,8.19,15.44,10.32,10.25,10.63,16.2,8.87,9.96,12.45,6.11,11.59,7.81,13.32,13.03,6.65,6.62,8.69,11.74,11.99,4.77,7.91,5.73,11.85,9.14,5.97,7.72,6.42,8.04,8.72,9.05,8.79,8.1,10.42,11.53,8.93,6.42,10.44,10.06,10.68,10.75,9.87,9.08,2.04,3.01,15.54,6.02,7.1,7.63,6.6,4.89,8.28,7.81,5.48,4.84,6.82,4.96,6.53,10.58,10.26,7.65,9.46,13.64,13.26,11.52,13.37,14.29,12.71,15.89,13.81,15.64,14.42,17.95
19.92,23.92,7.89,14.01,18.02,24.23,19.7,16.08,0.0,14.04,13.51,20.34,18.3,3.46,5.85,28.37,16.5,21.76,14.66,1.97,23.14,14.76,7.77,10.2,18.03,20.59,11.05,12.99,3.29,20.13,5.99,13.41,12.09,14.63,19.34,12.48,16.91,22.07,12.41,3.17,21.25,7.54,10.59,17.09,13.56,13.24,4.3,16.22,15.2,5.52,3.0,15.6,5.37,9.11,13.51,11.2,6.13,15.29,15.59,6.08,13.17,5.18,14.23,4.52,5.51,13.12,15.94,16.02,7.55,9.79,13.07,10.62,12.72,6.15,16.54,11.28,11.49,13.4,10.7,8.82,8.99,9.6,10.51,9.57,8.26,14.57,10.19,6.69,10.3,7.94,10.12,8.42,9.43,19.28,20.25,2.07,23.33,24.41,21.8,13.44,13.82,14.34,13.44,17.68,19.02,20.99,12.42,12.17,7.53,14.29,16.97,8.61,4.9,4.78,13.27,5.51,4.84,6.99,1.99,3.62,3.5,3.03,4.48
16.34,13.06,15.54,5.94,14.44,20.66,16.12,12.29,14.04,0.0,13.07,15.79,13.75,13.19,14.24,23.82,14.71,17.21,5.67,9.88,18.59,15.38,7.11,7.88,17.92,16.04,4.59,6.68,7.65,15.57,11.58,12.6,4.44,15.68,14.78,2.71,16.46,17.51,1.63,12.06,16.7,7.58,10.14,16.99,2.19,12.44,6.78,15.78,14.75,11.11,11.07,15.15,13.76,8.66,3.27,15.55,14.52,14.84,15.15,10.77,12.42,7.32,13.78,8.48,11.35,12.67,15.84,15.57,13.39,14.07,12.62,11.59,12.27,12.83,16.09,12.27,11.04,12.95,10.25,12.4,9.53,9.14,10.06,8.74,9.86,14.12,9.74,12.52,12.57,13.23,13.27,11.13,11.07,14.73,15.7,14.13,18.77,19.85,17.25,11.65,12.02,10.07,7.85,13.13,14.46,16.44,10.62,10.37,3.02,7.35,16.86,8.16,6.08,5.71,3.96,5.82,6.74,5.15,11.71,6.61,11.45,10.23,16.55
12.08,25.19,15.1,14.78,10.18,17.1,7.62,7.1,13.51,13.07,0.0,9.67,7.63,12.08,13.14,17.7,10.93,6.52,11.81,14.12,12.47,2.46,8.92,6.48,5.73,4.72,9.12,12.26,11.59,4.34,10.48,2.53,10.16,1.86,8.66,10.46,4.14,11.39,10.4,12.13,5.58,8.68,6.03,4.79,11.54,3.76,9.9,4.36,2.43,10.01,11.4,2.83,12.66,7.54,11.5,6.84,13.42,2.64,3.73,9.66,3.24,8.81,1.47,10.54,10.24,3.99,3.64,3.33,8.03,7.79,1.4,4.43,3.07,11.73,3.77,4.56,4.94,2.18,6.15,6.06,6.27,5.63,4.76,7.64,8.75,3.32,3.64,7.7,4.45,6.99,5.15,7.12,5.36,7.02,7.99,12.76,12.65,13.73,11.13,8.13,7.88,9.8,9.63,7.0,8.34,10.32,8.6,8.35,10.32,12.08,4.67,6.68,11.65,9.64,11.26,13.11,10.68,10.29,15.92,13.86,15.69,14.47,15.17
3.97,27.91,19.46,10.9,4.68,13.23,5.41,6.17,20.34,15.79,9.67,0.0,2.36,16.06,17.11,14.0,2.16,6.09,9.52,15.47,3.19,8.49,12.89,9.58,11.03,7.32,9.83,8.64,16.27,8.68,14.45,5.8,9.04,8.79,1.06,12.12,11.84,4.78,12.06,17.64,7.21,13.39,9.32,10.1,13.2,7.32,13.87,12.02,10.44,13.98,16.65,10.52,16.63,11.51,10.01,13.51,17.39,11.2,12.29,13.64,7.3,12.78,10.14,14.51,14.22,9.7,8.95,11.02,12.93,13.18,7.1,10.79,9.34,13.04,11.46,7.16,8.91,10.02,9.43,11.6,10.24,9.61,9.3,11.61,12.72,11.26,7.61,11.63,11.77,11.87,12.47,11.06,10.27,6.77,5.3,16.73,2.37,4.43,2.77,4.42,7.22,5.34,7.37,3.3,3.34,2.3,5.99,6.28,11.98,10.02,9.97,10.66,15.04,14.66,12.92,14.77,15.69,14.11,17.29,15.2,17.04,15.82,19.14
5.02,25.87,17.42,8.85,3.22,11.18,4.91,4.13,18.3,13.75,7.63,2.36,0.0,14.02,15.07,11.95,2.3,5.65,7.39,13.42,5.42,6.45,10.85,7.54,8.99,6.03,7.78,6.51,14.23,6.64,12.41,3.76,6.99,6.75,1.35,10.08,9.79,4.34,10.02,15.6,6.69,11.35,7.28,8.06,11.16,5.28,11.83,9.98,8.4,11.94,14.61,8.48,14.59,9.47,7.96,11.47,15.35,9.16,10.25,11.6,5.26,10.74,8.1,12.47,12.17,7.66,6.91,8.98,10.89,11.14,5.06,8.75,7.3,11.0,9.42,5.12,6.87,7.98,7.39,9.56,8.2,7.56,7.25,9.57,10.68,9.22,5.57,9.59,9.73,9.83,10.43,9.02,8.22,4.73,4.56,14.69,5.61,6.69,3.82,2.38,5.17,4.05,5.25,1.25,1.29,3.01,3.95,4.24,9.94,7.97,7.93,8.61,12.99,12.62,10.88,12.73,13.65,12.06,15.25,13.16,15.0,13.77,17.1
18.71,25.31,5.05,14.05,16.81,23.03,18.49,14.87,3.46,13.19,12.08,16.06,14.02,0.0,2.26,24.76,15.35,18.15,12.59,4.27,19.53,13.61,6.63,9.05,16.88,16.98,9.9,11.84,5.59,16.52,2.59,12.26,10.94,13.48,15.73,11.24,15.76,18.46,11.18,4.34,17.64,6.39,9.44,15.95,12.32,12.09,5.55,15.08,14.05,3.61,4.16,14.45,1.78,7.96,12.28,8.02,2.95,14.14,14.45,4.94,12.03,6.51,13.08,4.13,4.36,11.97,14.79,14.87,6.39,6.61,11.92,6.59,11.57,2.56,15.39,10.13,10.34,12.25,9.55,7.66,7.84,8.45,9.36,8.42,7.11,13.42,9.04,5.54,7.4,6.78,8.96,7.27,8.28,15.68,16.64,1.57,19.72,20.8,18.19,12.29,12.67,13.2,12.3,14.07,15.41,17.38,11.27,11.02,11.1,13.15,15.82,7.46,8.86,7.35,12.04,9.46,8.39,9.26,6.43,7.58,7.95,7.47,3.55
19.76,26.36,4.99,15.1,17.86,24.08,19.54,15.92,5.85,14.24,13.14,17.11,15.07,2.26,0.0,28.29,19.18,21.69,14.58,3.71,23.06,15.05,8.07,10.5,18.32,20.51,11.34,13.28,5.02,20.05,6.28,13.7,12.39,14.92,19.26,12.4,17.2,21.99,12.34,3.77,21.18,7.83,10.88,17.39,13.48,13.53,5.99,16.52,15.49,5.81,3.6,15.89,5.66,9.4,13.43,11.49,6.43,15.58,15.89,6.38,13.47,5.78,14.53,5.12,5.8,13.41,16.23,16.31,7.84,10.09,13.36,10.92,13.01,6.44,16.83,11.57,11.78,13.69,10.99,9.11,9.28,9.89,10.81,9.86,8.55,14.86,10.48,6.98,10.6,8.23,10.41,8.71,9.72,19.21,20.18,2.36,23.25,24.33,21.73,16.12,16.5,17.03,16.13,17.6,18.94,20.92,15.1,14.85,12.26,14.59,17.26,8.9,7.95,6.51,13.2,8.55,6.57,8.72,5.52,6.66,7.03,6.56,4.77
13.14,35.94,27.49,15.72,14.74,8.92,16.43,16.17,28.37,23.82,17.7,14.0,11.95,24.76,28.29,0.0,5.27,7.33,7.48,13.51,7.1,8.54,10.93,7.62,11.08,7.71,8.59,6.61,14.32,8.74,12.5,5.53,7.09,8.84,3.29,10.17,11.89,6.02,10.1,15.69,8.38,11.44,7.36,10.15,11.25,5.37,11.92,10.89,9.87,12.03,14.7,10.57,14.67,9.56,8.06,11.56,15.44,9.96,10.26,11.68,5.35,10.82,8.9,12.55,12.26,7.75,9.0,11.07,10.98,11.23,7.74,8.83,7.38,11.09,11.52,5.2,6.96,8.06,7.48,9.65,8.29,7.65,7.34,9.66,10.76,9.23,5.66,9.68,9.82,9.91,10.51,9.11,8.31,6.41,6.24,14.77,7.29,8.37,5.76,2.47,5.44,4.15,5.34,1.35,2.97,4.95,4.05,4.34,10.02,8.07,10.03,8.7,13.08,12.71,10.96,12.81,13.74,12.15,15.34,13.25,15.08,13.86,17.19
3.76,26.83,18.08,8.74,5.21,8.56,6.89,6.11,16.5,14.71,10.93,2.16,2.3,15.35,19.18,5.27,0.0,7.63,7.35,14.76,4.73,8.43,11.75,8.46,10.97,8.01,8.5,6.47,15.57,8.62,13.32,5.74,7.3,8.73,1.1,11.42,11.77,6.33,11.35,16.94,8.68,12.69,8.2,10.04,9.78,8.37,12.73,13.89,10.38,12.84,15.95,10.46,15.49,10.38,8.27,14.56,16.25,12.95,13.26,12.5,8.35,11.64,11.9,13.37,13.08,10.75,8.89,10.96,13.97,14.23,7.04,11.83,10.38,14.56,11.4,8.2,9.96,11.06,8.31,12.65,11.28,9.06,10.34,10.47,11.58,12.23,8.66,12.68,12.82,12.91,13.51,12.1,11.31,6.71,6.55,15.59,3.91,4.62,2.57,3.32,6.3,3.18,5.21,3.92,3.27,1.76,4.9,5.19,11.27,8.69,9.91,9.52,14.33,13.96,12.21,14.06,14.99,13.4,16.59,14.5,16.33,15.11,18.0
5.36,29.33,20.88,13.92,2.36,16.26,1.06,4.52,21.76,17.21,6.52,6.09,5.65,18.15,21.69,7.33,7.63,0.0,12.53,17.05,3.52,5.35,14.68,11.17,3.57,1.81,12.13,11.65,17.86,6.82,16.25,6.45,12.26,4.97,6.61,13.71,4.75,1.31,13.64,19.23,1.37,14.98,10.9,2.63,14.79,7.19,15.67,7.16,6.62,15.77,18.24,5.13,18.42,13.31,13.23,12.16,19.18,8.59,8.08,15.43,9.1,14.57,7.53,16.3,16.01,9.63,2.97,6.57,14.72,14.97,6.73,10.89,8.71,14.84,5.45,8.95,10.71,7.5,11.02,11.7,12.03,11.77,11.09,13.4,14.51,8.65,9.41,13.43,9.77,13.66,10.47,12.85,12.06,3.01,3.17,18.52,3.7,4.78,6.65,7.52,7.87,9.2,10.79,6.4,4.35,6.99,7.95,9.51,13.56,13.24,7.15,12.45,16.62,16.25,14.5,16.35,17.28,15.69,18.88,16.79,18.62,17.4,20.94
11.11,15.07,15.32,1.56,10.18,16.41,11.87,10.92,14.66,5.67,11.81,9.52,7.39,12.59,14.58,7.48,7.35,12.53,0.0,10.54,12.08,12.92,7.77,6.15,15.46,12.91,3.09,1.19,8.31,13.11,10.95,10.74,1.85,13.22,8.45,2.73,16.26,11.23,3.36,12.72,13.58,6.7,8.17,14.53,2.65,10.58,7.44,16.1,15.08,10.47,11.73,14.95,13.12,8.02,1.14,14.91,13.88,15.17,15.47,10.13,10.56,7.98,14.11,9.14,10.71,12.96,13.38,15.45,12.75,13.43,12.95,10.95,12.6,12.19,15.89,10.42,10.4,13.28,8.28,11.76,8.89,8.51,9.42,8.1,9.22,14.44,9.1,11.89,11.93,12.59,12.63,10.49,10.43,11.61,11.45,14.79,11.26,11.98,9.92,5.54,6.81,4.18,5.3,6.13,8.18,9.11,5.41,5.16,3.68,4.77,14.4,7.52,6.74,6.36,4.62,6.47,7.4,5.81,12.36,7.27,12.11,10.89,17.2
18.12,22.0,8.7,12.1,16.22,22.43,17.9,14.07,1.97,9.88,14.12,15.47,13.42,4.27,3.71,13.51,14.76,17.05,10.54,0.0,18.66,15.46,4.52,8.2,18.0,16.11,9.04,10.98,1.32,15.65,3.81,12.67,10.08,15.75,14.85,7.99,16.77,17.58,7.93,2.18,16.77,5.4,10.45,17.07,9.08,12.51,2.33,16.09,15.07,3.36,1.19,15.46,6.16,8.97,9.03,8.55,6.93,15.15,15.46,4.92,12.49,3.37,14.1,2.71,4.34,12.99,15.91,15.88,6.38,7.07,12.94,11.9,12.58,6.94,16.4,12.35,11.35,13.26,10.57,7.65,9.84,9.46,10.37,9.05,7.08,14.43,10.05,5.52,9.14,6.78,8.96,5.87,8.25,14.8,15.77,2.86,18.85,19.93,17.32,11.72,12.1,12.62,11.73,13.2,14.53,16.51,10.7,10.45,5.56,14.18,16.94,8.47,2.93,2.8,8.79,3.53,2.87,5.02,4.0,1.65,3.75,2.53,5.27
1.78,30.71,22.26,13.47,2.12,12.89,2.85,5.83,23.14,18.59,12.47,3.19,5.42,19.53,23.06,7.1,4.73,3.52,12.08,18.66,0.0,11.33,15.73,12.42,6.89,4.81,12.67,11.21,19.11,11.52,17.29,8.64,11.88,11.63,4.79,14.96,8.08,2.27,14.9,20.48,4.7,16.23,12.16,5.96,16.04,10.16,16.71,10.49,13.28,16.82,19.49,8.46,19.47,14.35,12.85,16.35,20.23,14.04,15.13,16.48,10.14,15.62,12.98,17.35,17.06,12.54,5.98,13.86,15.77,16.02,9.94,13.63,12.18,15.88,8.78,10.0,11.75,12.86,12.27,14.44,13.08,12.45,12.14,14.45,15.56,14.1,10.45,14.47,14.61,14.71,15.31,13.9,13.11,4.31,2.79,19.57,0.98,1.27,3.14,7.26,10.06,7.91,9.94,6.14,4.09,4.11,8.83,9.12,14.82,12.86,12.81,13.5,17.88,17.5,15.76,17.61,18.53,16.95,20.13,18.04,19.88,18.66,21.98
11.15,27.5,16.34,15.14,9.24,17.47,6.16,6.16,14.76,15.38,2.46,8.49,6.45,13.61,15.05,8.54,8.43,5.35,12.92,15.46,11.33,0.0,10.03,7.59,4.58,3.57,10.23,11.01,16.83,3.5,11.59,1.36,11.23,2.33,7.32,12.68,5.38,10.05,12.61,13.24,4.44,9.8,7.14,3.65,13.76,3.0,11.01,5.57,3.99,11.12,12.51,4.07,13.77,8.65,12.2,7.95,14.53,4.38,5.47,10.78,3.07,9.92,3.32,11.65,11.36,5.1,2.49,4.57,9.14,8.9,2.51,5.54,4.18,12.84,5.01,4.16,6.05,3.29,7.26,7.17,7.38,6.75,5.87,8.75,9.86,4.44,4.75,8.81,5.56,8.1,6.26,8.24,6.48,6.18,7.15,13.87,11.31,12.39,9.79,6.88,7.05,8.56,9.76,5.76,7.0,8.98,7.12,8.48,12.53,12.21,3.83,7.79,15.59,10.76,13.47,15.32,11.79,11.41,17.84,15.76,17.59,16.37,16.28
15.54,19.56,9.36,9.33,13.64,19.86,15.33,11.7,7.77,7.11,8.92,12.89,10.85,6.63,8.07,10.93,11.75,14.68,7.77,4.52,15.73,10.03,0.0,3.07,13.67,13.77,5.05,6.99,3.65,13.31,4.56,9.05,6.09,10.27,12.52,5.59,12.55,15.25,5.49,4.22,14.44,1.49,6.23,12.74,6.63,8.88,2.14,11.87,10.84,4.09,3.49,11.24,6.74,2.96,6.63,8.53,7.5,10.93,11.24,3.69,8.82,1.2,9.88,2.36,4.33,8.76,11.58,11.66,6.36,7.05,8.71,6.26,8.36,5.81,12.18,6.92,7.13,9.04,6.34,6.58,4.63,5.24,6.16,5.21,3.89,10.21,5.83,5.5,7.63,6.16,7.88,4.05,5.07,12.47,13.44,6.84,16.51,17.59,14.99,9.08,9.46,9.99,9.09,10.86,12.2,14.18,8.06,7.81,4.15,8.29,12.61,4.26,3.7,1.7,5.46,5.12,2.73,3.61,10.0,5.0,7.7,6.48,9.25
12.24,20.0,11.78,7.65,10.33,16.55,12.02,8.18,10.2,7.88,6.48,9.58,7.54,9.05,10.5,7.62,8.46,11.17,6.15,8.2,12.42,7.59,3.07,0.0,12.06,10.18,3.48,5.42,6.64,9.72,7.75,6.74,4.52,9.82,8.92,5.23,10.21,11.65,5.17,6.06,10.84,2.14,2.63,11.13,6.32,6.58,4.42,9.52,8.5,7.28,8.67,8.89,9.93,2.72,5.49,10.23,10.69,8.59,8.89,6.94,4.46,3.33,7.53,4.21,7.52,6.42,9.98,9.32,9.56,10.24,6.37,7.5,6.02,9.0,9.84,3.23,4.79,6.7,2.75,8.32,3.95,3.5,6.01,4.91,4.26,7.86,3.49,8.69,8.49,8.58,9.18,7.3,6.98,8.87,9.84,10.03,12.92,13.99,11.39,5.49,5.86,6.39,5.49,7.27,8.6,10.58,4.46,4.21,5.09,6.73,11.01,3.95,6.69,4.69,6.03,7.88,5.72,5.05,10.71,8.63,10.46,9.24,12.44
8.68,30.04,19.61,17.68,5.67,20.01,4.37,6.2,18.03,17.92,5.73,11.03,8.99,16.88,18.32,11.08,10.97,3.57,15.46,18.0,6.89,4.58,13.67,12.06,0.0,2.93,13.71,15.26,19.4,6.08,15.07,5.49,13.81,4.23,9.9,15.25,2.16,4.6,15.19,16.72,2.5,13.27,10.62,1.5,16.33,8.35,14.49,4.57,4.18,14.6,15.99,2.54,17.24,12.13,14.78,8.65,18.0,5.39,5.5,14.25,7.82,13.39,5.15,15.12,14.83,8.57,2.23,3.98,10.44,9.2,5.99,9.01,7.65,16.31,2.86,10.49,9.53,6.76,10.73,8.26,10.85,10.22,9.34,12.23,13.33,7.91,8.23,12.28,6.97,9.41,7.1,11.71,9.95,4.73,4.9,17.34,7.0,8.08,9.95,11.13,9.62,12.81,12.33,10.01,9.58,11.55,9.7,11.05,15.11,14.79,6.41,11.27,18.17,14.23,16.05,17.9,15.26,17.24,20.42,18.33,20.17,18.95,19.76
6.6,28.16,19.71,14.3,3.3,16.63,2.62,3.35,20.59,16.04,4.72,7.32,6.03,16.98,20.51,7.71,8.01,1.81,12.91,16.11,4.81,3.57,13.77,10.18,2.93,0.0,11.03,12.61,16.75,5.01,15.14,5.35,11.15,3.15,7.04,12.6,4.13,2.86,12.54,18.12,1.29,13.87,9.8,2.01,13.68,6.08,14.56,6.39,4.81,14.67,17.13,4.89,17.31,12.2,12.12,10.35,18.08,6.78,6.48,14.32,7.99,13.46,5.72,15.19,14.9,7.5,1.16,5.39,13.61,11.3,4.91,7.94,6.58,13.73,4.83,7.84,9.6,5.69,9.91,9.57,10.93,10.66,9.98,12.3,13.4,6.84,8.3,12.32,7.96,12.55,8.66,11.74,10.95,1.9,2.07,17.41,5.07,6.15,8.02,8.48,6.76,10.15,9.68,7.36,5.34,8.69,6.84,8.4,12.46,12.13,5.33,11.34,15.51,15.14,13.4,15.25,16.17,14.58,17.77,15.68,17.52,16.29,19.83
12.26,20.85,12.63,4.85,10.58,17.52,12.26,9.15,11.05,4.59,9.12,9.83,7.78,9.9,11.34,8.59,8.5,12.13,3.09,9.04,12.67,10.23,5.05,3.48,13.71,11.03,0.0,2.65,7.44,10.66,8.28,7.69,1.75,10.76,8.84,2.35,13.16,11.57,2.88,9.93,11.78,4.03,5.6,12.08,2.83,7.52,6.57,12.47,11.45,7.81,9.2,11.85,10.45,5.35,1.95,12.25,11.22,11.54,11.84,7.46,7.5,5.22,10.48,8.34,8.04,9.37,10.92,12.27,10.08,10.77,9.32,8.29,8.97,9.53,12.79,7.53,7.74,9.65,5.71,9.1,6.23,5.84,6.76,5.44,6.56,10.82,6.44,9.22,9.27,9.93,9.97,7.82,7.76,9.81,10.78,10.56,12.43,13.15,11.09,5.62,6.0,5.35,4.45,6.48,8.52,10.28,4.6,4.35,3.31,3.95,11.95,4.86,7.49,5.49,4.25,6.1,6.52,5.85,11.51,9.43,11.26,10.04,12.97
10.24,16.08,14.57,2.57,9.3,15.53,10.99,10.74,12.99,6.68,12.26,8.64,6.51,11.84,13.28,6.61,6.47,11.65,1.19,10.98,11.21,11.01,6.99,5.42,15.26,12.61,2.65,0.0,9.39,13.07,10.23,9.86,1.14,13.17,7.58,3.69,16.22,10.35,4.33,11.88,12.7,5.98,7.45,14.49,3.62,9.7,8.52,15.22,14.2,9.76,11.15,14.91,12.41,7.31,2.11,14.2,13.17,14.29,14.59,9.42,9.68,7.17,13.23,10.29,10.0,12.08,13.33,15.4,12.04,12.72,12.07,13.17,11.72,11.48,15.85,9.54,11.29,12.4,7.57,13.98,8.18,7.79,8.71,7.39,8.51,13.56,9.99,11.17,14.15,11.88,14.85,9.78,12.65,10.73,10.57,12.51,10.38,11.1,9.04,4.66,6.1,3.3,4.43,5.26,7.3,8.23,4.7,4.45,4.65,4.05,14.36,6.81,7.7,7.44,5.59,7.44,8.47,6.77,13.46,11.38,13.21,11.99,14.92
18.93,20.1,10.02,9.87,17.02,23.24,18.71,14.88,3.29,7.65,11.59,16.27,14.23,5.59,5.02,14.32,15.57,17.86,8.31,1.32,19.11,16.83,3.65,6.64,19.4,16.75,7.44,9.39,0.0,16.41,5.15,13.44,8.5,16.52,15.62,6.15,15.22,18.35,6.04,3.52,17.54,4.54,8.9,17.83,7.18,13.28,2.49,14.53,13.51,4.71,2.53,13.91,7.51,6.01,7.18,9.89,8.27,13.6,13.9,6.36,13.26,3.87,12.54,4.05,5.69,11.43,16.68,14.33,7.73,8.41,11.38,8.92,11.03,8.29,14.85,13.11,9.8,11.71,9.01,9.0,7.29,7.91,8.82,9.82,6.56,12.87,8.5,6.87,10.29,8.12,10.3,6.72,7.73,15.57,16.54,4.21,19.61,20.69,18.09,12.49,12.86,13.39,12.49,13.96,15.3,17.28,11.46,11.21,4.7,14.95,17.7,6.92,2.98,1.95,6.01,3.7,2.01,4.16,4.77,1.81,4.52,3.29,6.62
11.34,27.7,19.25,15.33,9.43,17.66,7.63,6.35,20.13,15.57,4.34,8.68,6.64,16.52,20.05,8.74,8.62,6.82,13.11,15.65,11.52,3.5,13.31,9.72,6.08,5.01,10.66,13.07,16.41,0.0,19.19,9.6,15.21,8.67,11.29,16.65,3.19,6.64,16.59,22.17,4.53,17.92,13.85,3.54,17.73,10.34,18.61,5.61,5.21,18.72,21.18,3.57,21.36,16.25,16.17,9.68,22.13,6.43,6.53,18.37,12.04,17.51,10.03,19.24,18.95,11.81,4.27,5.01,17.67,10.23,9.22,12.25,10.89,17.78,3.9,11.89,13.65,10.0,13.96,13.88,14.98,14.71,14.03,16.35,17.45,11.15,12.35,16.37,12.27,16.6,8.13,15.8,15.0,10.16,11.13,21.46,15.29,16.37,13.76,12.53,11.02,14.21,13.73,11.41,10.97,12.95,11.1,12.45,16.51,16.19,7.81,15.39,19.57,19.19,17.45,19.3,20.22,18.64,21.82,19.73,21.57,20.35,23.88
17.11,23.7,5.73,12.44,15.2,21.42,16.89,13.26,5.99,11.58,10.48,14.45,12.41,2.59,6.28,12.5,13.32,16.25,10.95,3.81,17.29,11.59,4.56,7.75,15.07,15.14,8.28,10.23,5.15,19.19,0.0,10.48,9.17,11.7,13.95,9.46,13.98,16.68,9.4,3.73,15.87,4.61,7.66,14.17,10.55,10.31,3.56,13.3,12.27,1.61,3.0,12.67,2.48,6.18,10.5,6.8,3.42,12.36,12.67,3.17,10.25,3.01,11.31,2.14,2.59,10.19,13.01,13.09,4.63,5.32,10.14,7.7,9.79,3.26,13.61,8.35,8.56,10.47,7.77,5.9,6.06,6.67,7.59,6.64,5.33,11.64,7.26,3.77,7.39,5.03,7.21,4.12,6.5,13.9,14.87,3.43,17.94,19.02,16.42,10.51,10.89,11.42,10.52,12.29,13.63,15.61,9.49,9.24,9.32,11.37,14.04,5.68,6.75,5.58,10.26,7.35,6.61,7.48,8.21,5.46,9.73,6.34,5.41
8.46,24.72,14.99,12.13,6.55,14.45,8.24,3.47,13.41,12.6,2.53,5.8,3.76,12.26,13.7,5.53,5.74,6.45,10.74,12.67,8.64,1.36,9.05,6.74,5.49,5.35,7.69,9.86,13.44,9.6,10.48,0.0,8.51,3.2,4.69,9.95,6.19,7.42,9.89,12.17,5.81,8.72,4.08,4.52,11.03,1.67,9.94,6.34,4.48,10.05,11.44,4.88,12.69,7.58,9.48,7.73,13.46,4.57,5.71,9.7,2.03,8.84,3.52,10.57,10.28,3.75,3.36,5.3,7.79,7.55,1.59,5.01,2.83,9.11,5.82,2.82,4.98,2.55,6.19,5.82,6.31,5.67,5.36,7.68,8.78,4.68,3.68,7.7,5.8,6.75,6.5,7.12,5.13,3.84,4.81,12.79,8.68,9.76,7.16,5.55,4.41,7.22,7.04,4.42,4.37,6.35,4.49,5.76,9.81,9.49,6.28,6.72,12.87,9.68,10.75,12.6,10.71,11.94,15.12,13.04,14.87,13.65,15.21
11.07,18.82,13.67,3.35,9.79,16.01,11.47,9.28,12.09,4.44,10.16,9.04,6.99,10.94,12.39,7.09,7.3,12.26,1.85,10.08,11.88,11.23,6.09,4.52,13.81,11.15,1.75,1.14,8.5,15.21,9.17,8.51,0.0,11.37,7.81,2.94,14.41,10.54,3.58,10.75,12.39,4.85,6.32,12.68,2.87,8.13,7.38,13.65,12.62,8.62,10.02,13.1,11.27,6.17,1.36,13.06,12.03,12.71,13.02,8.28,8.11,6.04,11.66,9.15,8.86,10.51,11.53,13.6,10.9,11.58,10.49,9.1,10.14,10.34,14.04,7.96,8.55,10.82,6.43,9.92,7.04,6.66,7.57,6.25,7.37,11.99,7.25,10.04,10.08,10.74,10.78,8.64,8.58,10.42,11.39,11.37,11.4,12.11,10.05,4.58,4.96,4.31,3.41,5.44,7.49,9.24,3.56,3.31,3.9,2.92,12.55,5.67,6.96,6.3,4.84,6.69,7.34,6.66,12.33,10.24,12.08,10.85,13.79
11.44,27.8,16.21,15.44,9.54,17.76,5.78,6.46,14.63,15.68,1.86,8.79,6.75,13.48,14.92,8.84,8.73,4.97,13.22,15.75,11.63,2.33,10.27,9.82,4.23,3.15,10.76,13.17,16.52,8.67,11.7,3.2,11.37,0.0,7.66,13.01,3.3,6.0,12.95,13.25,4.0,9.8,7.15,3.21,14.09,4.88,11.02,3.49,1.91,11.13,12.52,1.99,13.78,8.66,12.54,7.08,14.54,2.92,3.58,10.78,4.36,9.93,1.74,11.66,11.36,5.11,2.06,2.49,9.15,7.64,2.52,5.55,4.19,12.85,2.93,5.68,6.06,3.3,7.27,7.18,7.39,6.75,5.88,8.76,9.87,4.44,4.76,8.82,4.49,8.11,4.97,8.24,6.48,6.52,7.49,13.88,11.65,12.73,10.12,8.89,7.38,10.57,10.09,7.77,7.34,9.31,7.46,8.82,12.87,12.55,4.17,7.8,15.93,10.76,13.81,15.66,11.8,11.41,18.18,16.1,17.93,16.71,16.29
3.82,26.9,18.46,9.84,4.26,12.22,5.95,5.16,19.34,14.78,8.66,1.06,1.35,15.73,19.26,3.29,1.1,6.61,8.45,14.85,4.79,7.32,12.52,8.92,9.9,7.04,8.84,7.58,15.62,11.29,13.95,4.69,7.81,7.66,0.0,11.11,10.83,5.38,11.05,16.64,7.73,12.38,8.31,9.09,12.19,6.31,12.86,11.01,9.43,12.97,15.64,9.51,15.62,10.51,9.0,12.5,16.38,10.19,11.28,12.63,6.29,11.77,9.13,13.5,13.21,8.69,7.94,10.01,11.92,12.17,6.09,9.78,8.33,12.04,10.46,6.15,7.91,9.01,8.42,10.59,9.23,8.6,8.29,10.6,11.71,10.25,6.61,10.62,10.76,10.86,11.46,10.05,9.26,5.76,5.6,15.72,4.02,4.73,2.68,3.41,6.21,4.33,6.37,2.29,2.33,1.86,4.98,5.28,10.97,9.01,8.97,9.65,14.03,13.65,11.91,13.76,14.68,13.1,16.28,14.19,16.03,14.81,18.13
14.78,16.61,13.97,4.28,12.87,19.09,14.56,10.72,12.48,2.71,10.46,12.12,10.08,11.24,12.4,10.17,11.42,13.71,2.73,7.99,14.96,12.68,5.59,5.23,15.25,12.6,2.35,3.69,6.15,16.65,9.46,9.95,2.94,13.01,11.11,0.0,14.95,16.0,1.08,10.55,15.19,6.06,8.63,15.48,2.22,10.93,5.27,14.26,13.24,9.6,9.56,13.64,12.25,7.14,1.58,14.04,13.01,13.33,13.64,9.26,10.91,5.81,12.27,6.97,9.83,11.16,14.33,14.06,11.87,12.56,11.11,10.08,10.76,11.32,14.58,10.76,9.53,11.44,8.74,10.89,8.02,7.63,8.55,7.23,8.35,12.61,8.23,11.01,11.06,11.72,11.76,9.61,9.55,13.22,14.19,12.62,17.26,18.34,15.74,10.13,10.51,6.7,5.71,11.61,12.95,14.93,9.11,8.86,1.51,5.22,15.35,6.65,4.57,4.2,2.45,4.3,5.23,3.64,10.19,5.1,9.94,8.72,15.03
9.86,28.58,11.02,18.48,6.86,20.81,5.55,7.38,16.91,16.46,4.14,11.84,9.79,15.76,17.2,11.89,11.77,4.75,16.26,16.77,8.08,5.38,12.55,10.21,2.16,4.13,13.16,16.22,15.22,3.19,13.98,6.19,14.41,3.3,10.83,14.95,0.0,5.79,13.83,15.56,3.68,12.11,9.46,2.68,14.97,7.19,13.33,3.5,3.07,13.44,14.83,1.44,16.08,10.97,14.93,7.57,16.85,4.29,4.39,13.09,6.66,12.23,4.05,13.96,13.67,7.41,3.42,2.88,9.36,8.12,4.83,6.82,6.49,10.35,1.76,7.99,8.37,5.61,9.57,7.19,9.7,9.06,8.19,11.07,12.17,5.57,7.07,11.12,5.86,8.33,6.02,10.55,8.79,5.91,6.08,16.18,8.18,9.26,13.11,11.87,10.37,13.55,13.08,10.75,10.32,12.3,10.44,11.8,13.75,15.53,7.15,10.11,15.07,13.07,14.69,16.54,14.1,13.72,19.34,17.28,19.12,17.9,18.6
4.05,29.63,21.19,12.61,1.05,14.95,0.84,4.75,22.07,17.51,11.39,4.78,4.34,18.46,21.99,6.02,6.33,1.31,11.23,17.58,2.27,10.05,15.25,11.65,4.6,2.86,11.57,10.35,18.35,6.64,16.68,7.42,10.54,6.0,5.38,16.0,5.79,0.0,13.85,19.44,2.44,15.18,11.11,3.7,14.99,9.11,15.66,8.22,7.68,15.77,18.44,6.19,18.42,13.31,11.8,15.3,19.18,12.99,9.14,15.43,9.09,14.57,11.94,16.3,16.01,11.5,4.04,7.63,14.72,14.97,8.89,12.58,11.13,14.84,6.51,8.95,10.71,11.81,11.22,13.39,12.03,11.4,11.09,13.4,14.51,13.05,9.41,13.42,13.56,13.66,14.26,12.85,12.06,3.26,1.74,18.52,2.4,3.47,5.35,6.21,9.01,7.89,9.08,5.09,3.05,5.68,7.78,8.08,13.77,11.81,11.77,12.45,16.83,16.45,14.71,16.56,17.48,15.9,19.08,16.99,18.83,17.61,20.94
14.71,16.5,13.91,4.92,12.81,19.03,14.49,10.66,12.41,1.63,10.4,12.06,10.02,11.18,12.34,10.1,11.35,13.64,3.36,7.93,14.9,12.61,5.49,5.17,15.19,12.54,2.88,4.33,6.04,16.59,9.4,9.89,3.58,12.95,11.05,1.08,13.83,13.85,0.0,10.43,15.07,5.95,8.51,15.36,1.14,10.81,5.15,14.15,13.12,9.48,9.44,13.52,12.13,7.03,2.22,13.92,12.89,13.21,13.52,9.14,10.79,5.69,12.15,6.85,9.72,11.04,14.21,13.94,11.76,12.44,10.99,9.96,10.64,11.2,14.46,10.64,9.41,11.32,8.62,10.77,7.9,7.51,8.43,7.11,8.23,12.49,8.11,10.89,10.94,11.6,11.64,9.5,9.44,13.1,14.07,12.5,17.14,18.22,15.62,10.02,10.39,10.92,10.02,11.5,12.83,14.81,8.99,8.74,1.39,6.31,15.23,6.53,4.45,4.08,2.33,4.19,5.11,3.52,10.08,4.98,9.82,8.6,14.92
20.3,24.18,8.76,14.28,18.39,24.61,20.08,16.25,3.17,12.06,12.13,17.64,15.6,4.34,3.77,15.69,16.94,19.23,12.72,2.18,20.48,13.24,4.22,6.06,16.72,18.12,9.93,11.88,3.52,22.17,3.73,12.17,10.75,13.25,16.64,10.55,15.56,19.44,10.43,0.0,18.96,4.42,9.25,15.76,11.26,11.91,3.42,14.89,13.87,3.21,2.08,14.26,6.32,7.78,11.22,8.39,7.08,13.96,14.26,4.76,11.84,3.21,12.9,2.55,4.19,11.79,14.61,14.69,6.23,6.91,11.74,9.29,11.39,7.1,15.21,9.94,10.16,12.07,9.37,7.5,7.66,8.26,9.18,8.24,6.92,13.23,8.86,5.37,8.98,6.62,8.8,5.71,8.1,16.99,17.96,3.02,21.03,22.11,19.51,13.9,14.28,14.81,13.91,15.38,16.72,18.7,12.88,12.63,7.74,16.36,15.64,7.28,5.12,4.99,10.98,5.72,5.05,7.2,6.55,3.83,5.93,4.71,5.43
6.49,28.82,20.37,14.96,3.48,17.3,2.18,4.01,21.25,16.7,5.58,7.21,6.69,17.64,21.18,8.38,8.68,1.37,13.58,16.77,4.7,4.44,14.44,10.84,2.5,1.29,11.78,12.7,17.54,4.53,15.87,5.81,12.39,4.0,7.73,15.19,3.68,2.44,15.07,18.96,0.0,14.52,10.44,1.58,14.33,6.73,15.21,6.1,5.7,15.32,17.78,4.07,17.96,12.85,12.77,11.24,18.72,7.67,7.03,14.97,8.64,14.11,6.61,15.84,15.55,8.39,2.05,5.51,14.26,12.19,5.8,8.83,7.47,14.38,4.4,8.49,10.25,6.58,10.56,10.46,11.57,11.31,10.63,12.95,14.05,7.72,8.95,12.97,8.85,13.2,9.55,12.39,11.6,2.55,2.72,18.06,4.82,5.9,7.77,9.13,7.41,10.8,10.33,8.0,5.47,8.1,7.49,9.05,13.1,12.78,6.22,11.99,16.16,15.79,14.04,15.9,16.82,15.23,18.42,16.33,18.16,16.94,20.48
16.05,19.7,9.12,8.2,14.14,20.36,15.83,11.99,7.54,7.58,8.68,13.39,11.35,6.39,7.83,11.44,12.69,14.98,6.7,5.4,16.23,9.8,1.49,2.14,13.27,13.87,4.03,5.98,4.54,17.92,4.61,8.72,4.85,9.8,12.38,6.06,12.11,15.18,5.95,4.42,14.52,0.0,4.3,14.73,6.56,10.17,2.85,11.66,10.64,3.88,3.76,11.03,6.53,2.03,6.52,8.32,7.29,10.73,11.03,3.49,6.13,1.75,9.67,2.63,4.12,8.56,13.57,11.45,6.16,6.84,8.51,5.51,8.16,5.6,11.98,4.9,6.93,8.84,4.42,6.37,3.25,3.88,4.79,4.44,3.69,10.0,5.62,5.3,6.97,5.95,7.25,3.85,4.86,12.46,13.43,6.63,16.51,17.59,14.98,7.16,7.53,8.06,7.16,10.86,12.2,14.17,6.13,5.88,5.34,7.37,14.6,3.86,4.59,2.59,6.28,6.01,3.62,4.5,9.79,5.89,10.71,9.49,9.05
11.97,22.26,12.17,9.67,10.07,16.29,11.75,7.92,10.59,10.14,6.03,9.32,7.28,9.44,10.88,7.36,8.2,10.9,8.17,10.45,12.16,7.14,6.23,2.63,10.62,9.8,5.6,7.45,8.9,13.85,7.66,4.08,6.32,7.15,8.31,8.63,9.46,11.11,8.51,9.25,10.44,4.3,0.0,10.66,8.52,3.87,6.88,9.23,8.2,6.99,8.38,8.6,9.63,4.52,8.47,9.93,10.4,8.29,8.6,6.64,2.84,5.78,7.24,7.51,7.22,6.12,9.5,9.02,9.26,9.94,6.07,7.21,5.72,8.7,9.54,1.61,3.27,6.4,1.64,8.02,5.39,2.39,3.97,4.62,5.72,7.57,1.96,8.4,8.19,8.29,8.89,7.0,6.69,8.39,9.36,9.73,12.44,13.52,10.91,5.01,5.39,5.91,5.02,6.79,8.12,10.1,3.99,3.74,7.3,7.47,10.53,3.66,8.62,6.62,8.24,10.09,7.65,7.27,12.89,10.83,12.67,11.44,12.15
7.74,29.11,18.68,16.75,4.74,19.08,3.44,5.27,17.09,16.99,4.79,10.1,8.06,15.95,17.39,10.15,10.04,2.63,14.53,17.07,5.96,3.65,12.74,11.13,1.5,2.01,12.08,14.49,17.83,3.54,14.17,4.52,12.68,3.21,9.09,15.48,2.68,3.7,15.36,15.76,1.58,14.73,10.66,0.0,15.4,7.42,13.55,5.1,4.95,13.66,15.06,3.06,16.31,11.2,13.84,9.17,17.07,6.92,6.02,13.32,6.89,12.46,5.86,14.19,13.9,7.64,1.3,4.51,11.68,11.44,5.05,8.08,6.72,15.38,3.39,9.56,8.6,5.83,9.8,9.71,9.92,9.29,8.41,11.29,12.4,6.98,7.3,11.35,8.1,10.64,7.62,10.78,9.02,3.8,3.96,16.41,6.07,7.15,9.02,10.2,8.69,11.88,11.4,9.08,8.64,10.62,8.76,10.12,14.18,13.85,5.48,10.34,17.24,13.3,15.12,16.97,14.33,16.3,19.49,17.4,19.24,18.02,18.83
15.86,17.65,15.05,4.21,13.95,20.17,15.64,11.81,13.56,2.19,11.54,13.2,11.16,12.32,13.48,11.25,9.78,14.79,2.65,9.08,16.04,13.76,6.63,6.32,16.33,13.68,2.83,3.62,7.18,17.73,10.55,11.03,2.87,14.09,12.19,2.22,14.97,14.99,1.14,11.26,14.33,6.56,8.52,15.4,0.0,11.95,6.3,15.29,14.27,10.63,10.58,14.66,13.27,8.17,1.51,15.06,14.04,14.36,14.66,10.28,11.93,6.83,13.3,8.0,10.86,12.19,15.35,15.08,12.9,13.58,12.14,11.1,11.78,12.34,15.6,11.79,10.55,12.46,9.77,11.92,9.04,8.66,9.58,8.26,9.37,13.63,9.25,12.04,12.08,12.74,12.78,10.64,10.58,14.24,15.21,13.65,18.29,19.37,12.38,7.27,7.64,6.64,6.09,12.64,13.97,11.57,6.24,5.99,2.54,5.6,16.38,7.67,5.6,5.22,3.48,5.33,6.25,4.67,11.22,6.12,10.97,9.75,16.06
9.98,24.56,14.82,11.96,8.07,14.29,9.76,4.21,13.24,12.44,3.76,7.32,5.28,12.09,13.53,5.37,8.37,7.19,10.58,12.51,10.16,3.0,8.88,6.58,8.35,6.08,7.52,9.7,13.28,10.34,10.31,1.67,8.13,4.88,6.31,10.93,7.19,9.11,10.81,11.91,6.73,10.17,3.87,7.42,11.95,0.0,9.83,6.6,5.6,9.94,11.33,5.99,12.58,7.47,9.37,8.0,13.35,5.68,5.97,9.59,1.48,8.74,4.63,10.46,10.17,4.02,5.81,6.41,8.89,7.82,2.19,5.28,3.1,9.0,6.93,2.44,4.87,3.79,6.08,6.09,6.2,5.56,5.25,7.57,8.67,4.94,3.57,7.59,6.07,7.83,6.76,7.02,6.22,4.39,5.36,12.69,9.97,11.04,8.44,5.44,4.96,7.12,6.93,4.32,5.65,7.63,5.9,5.65,9.7,9.38,6.83,6.61,12.76,9.57,10.64,12.49,10.61,11.83,15.01,12.93,14.76,13.54,15.1
16.53,19.23,9.05,9.0,14.62,20.84,16.31,12.68,4.3,6.78,9.9,13.87,11.83,5.55,5.99,11.92,12.73,15.67,7.44,2.33,16.71,11.01,2.14,4.42,14.49,14.56,6.57,8.52,2.49,18.61,3.56,9.94,7.38,11.02,12.86,5.27,13.33,15.66,5.15,3.42,15.21,2.85,6.88,13.55,6.3,9.83,0.0,12.8,11.78,2.79,2.75,12.17,5.43,4.37,6.31,8.29,7.21,11.87,12.17,4.39,9.75,1.14,10.81,2.09,4.09,9.7,12.52,12.59,6.13,6.81,9.65,6.96,9.3,5.57,13.12,7.85,8.07,9.98,7.28,7.28,5.33,6.17,7.09,6.15,4.59,11.14,6.77,5.27,8.33,6.52,8.58,4.75,5.76,13.4,14.37,5.25,17.45,18.53,15.92,10.02,10.39,10.92,10.02,11.8,13.13,15.11,9.0,8.74,3.83,9.83,13.55,5.19,3.38,1.38,5.14,4.8,2.41,3.29,5.79,2.83,5.53,4.31,7.66
14.68,27.9,8.15,17.48,12.77,19.81,7.97,9.69,16.22,15.78,4.36,12.02,9.98,15.08,16.52,10.89,13.89,7.16,16.1,16.09,10.49,5.57,11.87,9.52,4.57,6.39,12.47,15.22,14.53,5.61,13.3,6.34,13.65,3.49,11.01,14.26,3.5,8.22,14.15,14.89,6.1,11.66,9.23,5.1,15.29,6.6,12.8,0.0,2.41,12.82,14.21,2.95,9.09,7.53,14.31,4.67,9.28,1.67,1.6,7.82,6.04,11.62,2.91,13.35,7.67,3.86,5.26,1.24,6.46,5.22,5.03,4.05,3.97,7.4,1.75,7.37,5.29,3.53,8.96,4.28,6.31,6.04,5.06,10.45,7.84,2.8,6.45,6.35,3.09,5.38,3.12,6.42,5.38,9.72,10.69,15.57,10.63,11.7,13.94,10.94,10.59,12.61,12.43,9.81,11.15,13.13,11.41,11.16,13.13,14.89,7.37,9.49,14.46,12.45,14.07,15.92,13.49,13.1,18.73,16.67,18.5,17.28,12.04
13.1,26.87,16.78,16.46,11.19,18.79,7.43,8.11,15.2,14.75,2.43,10.44,8.4,14.05,15.49,9.87,10.38,6.62,15.08,15.07,13.28,3.99,10.84,8.5,4.18,4.81,11.45,14.2,13.51,5.21,12.27,4.48,12.62,1.91,9.43,13.24,3.07,7.68,13.12,13.87,5.7,10.64,8.2,4.95,14.27,5.6,11.78,2.41,0.0,12.1,13.49,2.29,14.75,9.63,13.59,6.71,15.51,2.38,2.94,11.76,5.33,10.9,1.81,12.63,12.34,4.69,4.12,1.78,8.13,7.26,3.49,5.22,5.16,8.75,2.22,6.65,7.03,4.27,8.24,6.13,8.36,7.72,6.85,9.73,10.84,3.78,5.73,7.51,4.3,7.05,4.78,9.22,7.46,8.58,9.55,14.85,13.72,14.79,12.19,10.22,9.45,11.89,11.72,9.1,9.4,11.38,10.69,10.44,12.41,14.17,6.23,8.77,13.74,11.74,13.35,15.2,12.77,12.39,18.01,15.95,17.78,16.56,17.26
16.64,23.23,7.1,11.97,14.73,20.95,16.42,12.79,5.52,11.11,10.01,13.98,11.94,3.61,5.81,12.03,12.84,15.77,10.47,3.36,16.82,11.12,4.09,7.28,14.6,14.67,7.81,9.76,4.71,18.72,1.61,10.05,8.62,11.13,12.97,9.6,13.44,15.77,9.48,3.21,15.32,3.88,6.99,13.66,10.63,9.94,2.79,12.82,12.1,0.0,2.53,12.22,3.49,3.66,10.05,6.35,5.27,11.92,12.22,2.72,9.8,1.92,10.86,1.41,2.15,9.75,12.57,12.64,4.19,4.87,9.7,6.18,9.35,3.63,13.16,7.9,8.11,10.02,7.33,5.46,4.55,6.22,7.14,6.2,3.81,11.19,6.81,3.32,6.94,4.58,6.76,3.97,4.99,13.45,14.42,4.6,17.5,18.57,15.97,10.06,10.44,10.97,10.07,11.85,13.18,15.16,9.04,8.79,8.87,10.92,13.59,5.24,6.28,3.77,9.82,6.88,4.8,5.68,7.76,4.99,9.28,5.87,7.02
19.31,23.19,8.59,13.28,17.4,23.62,19.09,15.25,3.0,11.07,11.4,16.65,14.61,4.16,3.6,14.7,15.95,18.24,11.73,1.19,19.49,12.51,3.49,8.67,15.99,17.13,9.2,11.15,2.53,21.18,3.0,11.44,10.02,12.52,15.64,9.56,14.83,18.44,9.44,2.08,17.78,3.76,8.38,15.06,10.58,11.33,2.75,14.21,13.49,2.53,0.0,13.6,4.87,7.11,10.21,7.73,6.64,13.29,13.6,4.1,13.67,2.55,12.24,1.89,3.53,11.13,17.09,14.02,5.57,6.25,11.08,8.63,10.72,5.01,14.54,9.28,9.49,11.4,8.71,6.84,6.99,7.6,8.52,7.57,6.26,12.57,8.19,4.7,8.32,5.96,8.14,5.05,7.43,15.98,16.95,2.87,20.03,21.11,18.5,12.9,13.28,13.8,12.9,14.38,15.71,17.69,11.88,11.63,6.74,15.36,18.12,6.62,4.11,3.98,9.97,4.71,4.05,6.2,5.18,2.83,4.93,3.71,5.28
13.18,27.27,17.18,17.17,11.27,19.5,5.94,8.19,15.6,15.15,2.83,10.52,8.48,14.45,15.89,10.57,10.46,5.13,14.95,15.46,8.46,4.07,11.24,8.89,2.54,4.89,11.85,14.91,13.91,3.57,12.67,4.88,13.1,1.99,9.51,13.64,1.44,6.19,13.52,14.26,4.07,11.03,8.6,3.06,14.66,5.99,12.17,2.95,2.29,12.22,13.6,0.0,14.76,9.64,13.6,7.0,15.52,3.32,3.8,11.77,5.34,10.91,2.72,12.64,12.35,6.09,3.71,2.28,8.79,7.56,3.5,6.53,5.17,13.83,1.22,6.66,7.04,4.28,8.25,6.62,8.37,7.74,6.86,9.74,10.85,5.43,5.74,9.8,5.27,7.76,5.45,9.23,7.47,8.18,9.15,14.86,8.63,9.71,11.78,10.55,9.04,12.23,11.75,9.43,9.0,10.97,9.12,10.47,12.42,14.21,5.83,8.78,13.75,11.75,13.36,15.21,12.78,12.4,18.02,15.96,17.79,16.57,17.27
19.28,25.88,2.11,14.62,17.38,23.6,19.06,15.44,5.37,13.76,12.66,16.63,14.59,1.78,5.66,14.67,15.49,18.42,13.12,6.16,19.47,13.77,6.74,9.93,17.24,17.31,10.45,12.41,7.51,21.36,2.48,12.69,11.27,13.78,15.62,12.25,16.08,18.42,12.13,6.32,17.96,6.53,9.63,16.31,13.27,12.58,5.43,9.09,14.75,3.49,4.87,14.76,0.0,7.59,11.91,5.25,2.4,13.77,7.6,3.14,11.65,6.14,12.71,4.01,2.38,11.6,14.42,14.5,3.5,3.84,11.55,5.44,11.2,1.24,15.02,9.76,9.97,11.88,9.18,4.77,7.47,8.08,8.99,8.05,6.74,7.05,8.67,3.14,6.26,3.89,6.07,4.13,4.51,15.3,16.27,2.63,19.35,20.43,17.82,11.92,12.3,12.82,11.93,13.7,15.03,17.01,10.9,10.65,10.73,12.77,15.45,7.09,9.84,6.98,11.67,10.44,8.01,8.89,7.41,8.55,8.93,8.45,4.61
14.17,20.78,10.69,9.52,12.26,18.48,13.95,10.32,9.11,8.66,7.54,11.51,9.47,7.96,9.4,9.56,10.38,13.31,8.02,8.97,14.35,8.65,2.96,2.72,12.13,12.2,5.35,7.31,6.01,16.25,6.18,7.58,6.17,8.66,10.51,7.14,10.97,13.31,7.03,7.78,12.85,2.03,4.52,11.2,8.17,7.47,4.37,7.53,9.63,3.66,7.11,9.64,7.59,0.0,7.3,6.59,9.22,9.17,6.45,2.57,7.05,3.28,8.11,4.16,3.48,4.09,9.82,9.9,5.41,6.09,6.95,3.86,6.6,5.32,10.42,5.16,2.97,7.28,3.15,4.68,1.6,1.89,2.8,3.44,1.92,5.17,4.07,3.92,5.31,4.75,5.6,2.76,3.31,10.7,11.67,8.56,14.75,15.83,13.22,7.32,7.7,8.22,7.32,9.1,10.43,12.41,6.3,6.05,6.12,8.17,10.85,2.49,6.12,4.12,7.06,8.91,5.15,4.98,11.72,9.66,11.5,10.27,10.98
12.04,17.65,15.01,2.7,10.75,16.98,12.44,10.25,13.51,3.27,11.5,10.01,7.96,12.28,13.43,8.06,8.27,13.23,1.14,9.03,12.85,12.2,6.63,5.49,14.78,12.12,1.95,2.11,7.18,16.17,10.5,9.48,1.36,12.54,9.0,1.58,14.93,11.8,2.22,11.22,12.77,6.52,8.47,13.84,1.51,9.37,6.31,14.31,13.59,10.05,10.21,13.6,11.91,7.3,0.0,15.07,14.04,13.89,14.19,10.28,9.28,6.84,12.83,8.0,10.86,11.68,12.7,14.77,12.9,13.58,11.67,11.1,11.32,12.34,15.22,9.14,10.55,12.0,7.61,11.92,9.04,8.66,9.58,8.26,9.37,13.16,9.25,12.04,12.09,12.74,12.78,10.64,10.58,11.59,12.56,13.65,12.22,12.93,10.87,5.76,6.13,5.13,4.58,6.62,8.66,10.06,4.74,4.48,2.54,4.09,13.73,7.67,5.6,5.22,3.48,5.33,6.25,4.67,11.22,6.12,10.97,9.75,16.06
16.17,27.67,4.32,16.41,14.26,20.48,15.95,10.63,11.2,15.55,6.84,13.51,11.47,8.02,11.49,11.56,14.56,12.16,14.91,8.55,16.35,7.95,8.53,10.23,8.65,10.35,12.25,14.2,9.89,9.68,6.8,7.73,13.06,7.08,12.5,14.04,7.57,15.3,13.92,8.39,11.24,8.32,9.93,9.17,15.06,8.0,8.29,4.67,6.71,6.35,7.73,7.0,5.25,6.59,15.07,0.0,5.92,4.75,4.14,5.14,6.6,8.59,5.59,6.98,4.58,5.05,9.29,5.36,3.15,1.61,7.05,3.47,5.43,4.04,5.92,8.35,5.61,5.56,7.36,2.31,5.25,6.07,4.6,10.5,6.22,4.54,7.43,3.57,3.49,3.21,2.41,4.64,3.69,11.07,12.04,9.1,16.43,17.51,14.9,11.9,11.64,13.58,13.4,10.78,12.11,14.09,12.37,12.12,13.17,15.85,10.32,9.54,11.43,9.43,14.12,17.38,10.46,11.34,13.71,15.5,15.23,14.76,8.68
20.05,26.64,2.69,15.38,18.14,24.36,19.83,16.2,6.13,14.52,13.42,17.39,15.35,2.95,6.43,15.44,16.25,19.18,13.88,6.93,20.23,14.53,7.5,10.69,18.0,18.08,11.22,13.17,8.27,22.13,3.42,13.46,12.03,14.54,16.38,13.01,16.85,19.18,12.89,7.08,18.72,7.29,10.4,17.07,14.04,13.35,7.21,9.28,15.51,5.27,6.64,15.52,2.4,9.22,14.04,5.92,0.0,7.92,7.54,4.73,7.92,7.8,8.65,6.19,3.79,7.0,12.79,8.76,3.44,3.75,9.92,5.58,7.12,3.25,9.76,11.41,6.83,8.21,10.84,4.71,5.55,6.47,5.68,9.71,5.93,7.19,10.32,3.29,6.4,3.83,6.01,4.27,4.66,13.66,14.63,6.54,17.51,18.59,15.99,13.57,13.95,14.48,13.58,11.86,13.2,15.18,12.55,12.3,12.38,14.43,13.82,8.75,10.64,8.64,13.32,12.06,9.67,10.55,13.95,9.51,15.46,14.99,8.14
13.86,26.96,7.99,16.55,11.95,18.88,9.4,8.87,15.29,14.84,2.64,11.2,9.16,14.14,15.58,9.96,12.95,8.59,15.17,15.15,14.04,4.38,10.93,8.59,5.39,6.78,11.54,14.29,13.6,6.43,12.36,4.57,12.71,2.92,10.19,13.33,4.29,12.99,13.21,13.96,7.67,10.73,8.29,6.92,14.36,5.68,11.87,1.67,2.38,11.92,13.29,3.32,13.77,9.17,13.89,4.75,7.92,0.0,1.37,6.71,4.52,10.78,1.3,12.51,6.56,2.64,5.61,1.41,5.87,5.18,3.37,2.95,2.45,6.48,2.47,6.53,4.07,2.01,8.12,3.87,5.21,4.82,3.95,9.61,6.74,1.51,5.62,5.25,2.03,4.79,2.52,5.36,4.32,8.99,9.96,14.73,14.63,15.71,13.1,10.1,9.86,11.78,11.6,8.98,10.31,12.29,10.57,10.32,12.29,14.05,6.64,8.66,13.62,11.62,13.23,15.09,12.65,12.27,17.89,15.83,17.67,16.44,17.15
14.94,27.27,7.5,16.86,13.04,19.18,8.89,9.96,15.59,15.15,3.73,12.29,10.25,14.45,15.89,10.26,13.26,8.08,15.47,15.46,15.13,5.47,11.24,8.89,5.5,6.48,11.84,14.59,13.9,6.53,12.67,5.71,13.02,3.58,11.28,13.64,4.39,9.14,13.52,14.26,7.03,11.03,8.6,6.02,14.66,5.97,12.17,1.6,2.94,12.22,13.6,3.8,7.6,6.45,14.19,4.14,7.54,1.37,0.0,6.51,5.44,11.01,2.4,12.74,6.32,2.69,5.42,1.57,5.46,4.6,4.42,2.74,3.37,6.24,2.61,6.76,4.12,2.92,5.73,3.46,5.01,4.87,3.75,9.84,6.54,1.63,5.84,5.01,1.79,4.39,2.11,5.11,4.08,10.04,11.0,14.96,14.86,15.93,13.33,10.33,10.9,12.0,11.83,9.21,10.54,12.52,10.8,10.55,12.52,14.28,7.68,8.88,13.85,11.85,13.46,15.31,12.88,12.5,18.12,16.06,17.89,16.67,11.05
16.29,22.89,4.37,11.63,14.39,20.61,16.07,12.45,6.08,10.77,9.66,13.64,11.6,4.94,6.38,11.68,12.5,15.43,10.13,4.92,16.48,10.78,3.69,6.94,14.25,14.32,7.46,9.42,6.36,18.37,3.17,9.7,8.28,10.78,12.63,9.26,13.09,15.43,9.14,4.76,14.97,3.49,6.64,13.32,10.28,9.59,4.39,7.82,11.76,2.72,4.1,11.77,3.14,2.57,10.28,5.14,4.73,6.71,6.51,0.0,9.09,3.57,10.15,3.22,1.27,4.64,11.85,11.93,3.31,3.99,8.98,3.82,4.76,3.19,12.45,7.19,4.23,9.31,6.61,4.14,2.19,3.34,3.32,5.48,1.46,5.72,6.1,1.78,5.19,3.17,5.44,1.62,2.63,12.74,13.7,5.41,16.78,17.86,15.26,9.35,9.73,10.26,9.36,11.13,12.47,14.44,8.33,8.08,8.16,10.21,12.88,4.52,6.41,4.41,9.1,7.83,5.44,6.32,8.57,6.55,10.08,9.61,7.82
9.96,24.54,14.76,11.94,8.05,14.27,9.74,6.11,13.17,12.42,3.24,7.3,5.26,12.03,13.47,5.35,8.35,9.1,10.56,12.49,10.14,3.07,8.82,4.46,7.82,7.99,7.5,9.68,13.26,12.04,10.25,2.03,8.11,4.36,6.29,10.91,6.66,9.09,10.79,11.84,8.64,6.13,2.84,6.89,11.93,1.48,9.75,6.04,5.33,9.8,13.67,5.34,11.65,7.05,9.28,6.6,7.92,4.52,5.44,9.09,0.0,8.27,4.06,10.0,9.71,2.63,5.77,5.84,6.07,6.32,2.22,4.71,1.45,6.37,6.36,1.56,2.78,3.22,3.46,5.52,4.06,3.53,2.8,7.1,8.21,4.37,3.11,4.96,5.5,5.01,6.2,4.38,3.4,5.47,6.43,12.22,10.65,11.73,9.12,6.12,6.04,7.8,7.61,5.0,6.34,8.31,6.58,6.33,10.39,10.06,6.79,6.15,11.11,9.11,11.33,13.18,10.14,9.76,15.7,13.61,15.45,14.23,14.64
15.43,19.77,9.24,9.54,13.53,19.75,15.22,11.59,5.18,7.32,8.81,12.78,10.74,6.51,5.78,10.82,11.64,14.57,7.98,3.37,15.62,9.92,1.2,3.33,13.39,13.46,5.22,7.17,3.87,17.51,3.01,8.84,6.04,9.93,11.77,5.81,12.23,14.57,5.69,3.21,14.11,1.75,5.78,12.46,6.83,8.74,1.14,11.62,10.9,1.92,2.55,10.91,6.14,3.28,6.84,8.59,7.8,10.78,11.01,3.57,8.27,0.0,9.75,1.39,4.2,8.64,11.46,11.54,6.24,6.92,8.59,6.14,8.24,5.68,12.06,6.8,7.01,8.92,6.22,6.46,4.5,5.12,6.03,5.09,3.77,10.08,5.71,5.38,7.5,6.03,7.76,3.93,4.94,12.34,13.31,6.71,16.39,17.47,14.86,8.96,9.34,9.86,8.96,10.74,12.07,14.05,7.94,7.69,4.38,9.81,12.49,4.13,3.93,1.93,5.68,5.35,2.96,3.84,9.87,3.73,7.07,5.85,9.13
12.8,25.91,15.81,15.49,10.89,17.82,8.34,7.81,14.23,13.78,1.47,10.14,8.1,13.08,14.53,8.9,11.9,7.53,14.11,14.1,12.98,3.32,9.88,7.53,5.15,5.72,10.48,13.23,12.54,10.03,11.31,3.52,11.66,1.74,9.13,12.27,4.05,11.94,12.15,12.9,6.61,9.67,7.24,5.86,13.3,4.63,10.81,2.91,1.81,10.86,12.24,2.72,12.71,8.11,12.83,5.59,8.65,1.3,2.4,10.15,4.06,9.75,0.0,11.34,11.05,2.97,4.44,2.03,6.71,6.02,2.2,3.49,2.78,7.22,2.81,5.36,5.75,2.25,6.95,4.57,7.07,6.44,4.38,8.44,9.55,2.39,4.45,5.99,2.87,5.64,3.36,5.97,4.99,7.82,8.79,13.56,13.46,14.54,11.93,8.93,8.69,10.61,10.43,7.81,9.14,11.12,9.4,9.15,11.12,12.88,5.47,7.49,12.45,10.45,12.06,13.91,11.48,11.1,16.72,14.66,16.49,15.27,15.97
17.16,20.93,7.63,10.7,15.26,21.48,16.95,13.32,4.52,8.48,10.54,14.51,12.47,4.13,5.12,12.55,13.37,16.3,9.14,2.71,17.35,11.65,2.36,4.21,15.12,15.19,8.34,10.29,4.05,19.24,2.14,10.57,9.15,11.66,13.5,6.97,13.96,16.3,6.85,2.55,15.84,2.63,7.51,14.19,8.0,10.46,2.09,13.35,12.63,1.41,1.89,12.64,4.01,4.16,8.0,6.98,6.19,12.51,12.74,3.22,10.0,1.39,11.34,0.0,2.67,10.27,13.09,13.17,4.71,5.4,10.22,6.64,9.87,4.16,13.69,8.43,8.64,10.55,7.85,5.98,5.01,6.75,7.67,6.72,4.27,11.72,7.34,3.85,7.47,5.1,7.29,4.43,5.45,13.98,14.95,5.13,18.02,19.1,16.5,10.59,10.97,11.5,10.6,12.37,13.71,15.68,9.57,9.32,5.53,11.45,14.12,5.76,5.09,3.08,6.84,6.25,4.11,4.99,8.29,4.37,6.47,5.25,7.54
16.87,23.47,3.57,12.21,14.97,21.18,16.65,13.03,5.51,11.35,10.24,14.22,12.17,4.36,5.8,12.26,13.08,16.01,10.71,4.34,17.06,11.36,4.33,7.52,14.83,14.9,8.04,10.0,5.69,18.95,2.59,10.28,8.86,11.36,13.21,9.83,13.67,16.01,9.72,4.19,15.55,4.12,7.22,13.9,10.86,10.17,4.09,7.67,12.34,2.15,3.53,12.35,2.38,3.48,10.86,4.58,3.79,6.56,6.32,1.27,9.71,4.2,11.05,2.67,0.0,5.08,12.61,12.69,2.23,2.91,9.74,4.16,9.39,2.13,13.21,7.95,8.16,10.07,7.37,3.5,2.98,6.27,3.76,6.24,2.36,5.77,6.86,1.36,4.98,2.62,4.8,1.92,3.07,13.49,14.46,4.91,17.54,18.62,16.01,10.11,10.49,11.01,10.11,11.89,13.22,15.2,9.09,8.84,8.92,10.96,13.64,5.28,7.18,5.17,9.86,8.59,6.2,7.08,8.07,6.05,9.59,9.11,7.32
12.36,24.79,6.79,14.34,10.45,16.67,12.14,6.65,13.12,12.67,3.99,9.7,7.66,11.97,13.41,7.75,10.75,9.63,12.96,12.99,12.54,5.1,8.76,6.42,8.57,7.5,9.37,12.08,11.43,11.81,10.19,3.75,10.51,5.11,8.69,11.16,7.41,11.5,11.04,11.79,8.39,8.56,6.12,7.64,12.19,4.02,9.7,3.86,4.69,9.75,11.13,6.09,11.6,4.09,11.68,5.05,7.0,2.64,2.69,4.64,2.63,8.64,2.97,10.27,5.08,0.0,6.32,3.79,5.16,4.9,3.45,2.36,1.45,5.46,4.86,4.49,1.9,2.58,3.52,3.18,3.15,2.66,1.89,7.57,4.68,1.56,3.57,4.05,2.69,4.1,3.39,3.48,2.5,7.09,8.06,12.69,12.57,13.65,11.04,8.04,7.66,9.72,9.54,6.92,8.25,10.23,8.51,8.26,10.25,11.99,7.34,6.61,11.58,9.58,11.19,13.04,10.61,10.23,15.85,13.79,15.62,14.4,15.1
7.76,27.96,17.52,15.59,4.46,17.92,3.78,6.62,15.94,15.84,3.64,8.95,6.91,14.79,16.23,9.0,8.89,2.97,13.38,15.91,5.98,2.49,11.58,9.98,2.23,1.16,10.92,13.33,16.68,4.27,13.01,3.36,11.53,2.06,7.94,14.33,3.42,4.04,14.21,14.61,2.05,13.57,9.5,1.3,15.35,5.81,12.52,5.26,4.12,12.57,17.09,3.71,14.42,9.82,12.7,9.29,12.79,5.61,5.42,11.85,5.77,11.46,4.44,13.09,12.61,6.32,0.0,4.33,10.49,10.25,3.86,6.89,5.53,14.19,4.08,8.37,7.4,4.64,8.61,8.52,8.73,8.09,7.22,10.1,11.21,5.78,6.1,10.16,6.91,9.45,7.61,9.58,7.82,3.09,3.26,15.22,6.26,7.34,10.24,9.0,7.5,10.68,10.21,7.88,7.45,9.43,7.57,8.93,12.98,12.66,4.28,9.14,16.04,12.11,13.92,15.77,13.14,15.11,18.3,16.21,18.04,16.82,17.63
13.68,27.69,8.72,17.67,11.77,19.99,7.38,8.69,16.02,15.57,3.33,11.02,8.98,14.87,16.31,11.07,10.96,6.57,15.45,15.88,13.86,4.57,11.66,9.32,3.98,5.39,12.27,15.4,14.33,5.01,13.09,5.3,13.6,2.49,10.01,14.06,2.88,7.63,13.94,14.69,5.51,11.45,9.02,4.51,15.08,6.41,12.59,1.24,1.78,12.64,14.02,2.28,14.5,9.9,14.77,5.36,8.76,1.41,1.57,11.93,5.84,11.54,2.03,13.17,12.69,3.79,4.33,0.0,6.62,5.76,4.17,3.94,3.72,7.43,1.27,7.33,5.18,3.28,8.92,4.62,6.21,5.93,4.95,10.41,7.73,2.69,6.42,6.2,2.99,5.55,3.27,6.31,5.27,8.9,9.87,15.53,14.03,15.11,12.51,10.9,9.77,12.58,12.4,9.78,9.72,11.7,9.84,11.12,13.09,14.85,6.55,9.46,14.42,12.42,14.03,15.88,13.45,13.07,18.69,16.63,18.46,17.24,17.94
15.59,25.51,3.61,14.25,13.68,19.9,15.37,11.74,7.55,13.39,8.03,12.93,10.89,6.39,7.84,10.98,13.97,14.72,12.75,6.38,15.77,9.14,6.36,9.56,10.44,13.61,10.08,12.04,7.73,17.67,4.63,7.79,10.9,9.15,11.92,11.87,9.36,14.72,11.76,6.23,14.26,6.16,9.26,11.68,12.9,8.89,6.13,6.46,8.13,4.19,5.57,8.79,3.5,5.41,12.9,3.15,3.44,5.87,5.46,3.31,6.07,6.24,6.71,4.71,2.23,5.16,10.49,6.62,0.0,2.08,8.27,3.56,5.29,2.26,7.63,7.78,5.04,6.11,6.27,2.56,4.06,5.0,4.02,8.71,4.52,5.09,5.95,1.52,4.3,1.69,3.73,2.81,2.83,12.01,12.98,6.77,15.86,16.94,14.33,11.33,12.58,13.49,12.59,10.21,11.54,13.52,11.56,11.31,11.39,13.44,12.16,7.75,9.65,7.65,12.33,15.6,8.68,9.55,12.7,13.71,14.22,13.74,6.9
15.84,26.19,2.91,14.93,13.93,20.15,15.62,11.99,9.79,14.07,7.79,13.18,11.14,6.61,10.09,11.23,14.23,14.97,13.43,7.07,16.02,8.9,7.05,10.24,9.2,11.3,10.77,12.72,8.41,10.23,5.32,7.55,11.58,7.64,12.17,12.56,8.12,14.97,12.44,6.91,12.19,6.84,9.94,11.44,13.58,7.82,6.81,5.22,7.26,4.87,6.25,7.56,3.84,6.09,13.58,1.61,3.75,5.18,4.6,3.99,6.32,6.92,6.02,5.4,2.91,4.9,10.25,5.76,2.08,0.0,7.26,3.31,5.27,2.55,6.37,10.71,5.44,5.86,10.14,2.15,4.85,5.77,4.43,9.0,5.23,4.84,9.62,2.19,3.94,2.42,2.86,3.57,3.56,10.9,11.87,7.65,16.26,17.34,14.74,11.74,11.48,13.78,12.88,10.62,11.95,13.93,11.85,11.6,11.68,13.73,11.16,8.05,9.94,7.94,12.62,15.89,8.97,9.85,12.27,14.0,13.78,13.31,7.19
9.75,24.74,14.65,14.33,7.85,16.66,7.53,4.77,13.07,12.62,1.4,7.1,5.06,11.92,13.36,7.74,7.04,6.73,12.95,12.94,9.94,2.51,8.71,6.37,5.99,4.91,9.32,12.07,11.38,9.22,10.14,1.59,10.49,2.52,6.09,11.11,4.83,8.89,10.99,11.74,5.8,8.51,6.07,5.05,12.14,2.19,9.65,5.03,3.49,9.7,11.08,3.5,11.55,6.95,11.67,7.05,9.92,3.37,4.42,8.98,2.22,8.59,2.2,10.22,9.74,3.45,3.86,4.17,8.27,7.26,0.0,4.82,2.64,11.3,4.91,4.13,4.51,1.48,5.72,5.63,5.84,5.21,4.33,7.21,8.32,3.72,3.21,7.27,4.85,6.56,5.54,6.7,4.94,5.1,6.07,12.33,9.94,11.02,8.42,7.7,5.68,9.38,9.2,6.58,5.63,7.61,5.75,7.92,9.89,11.65,5.34,6.25,11.22,9.22,10.83,12.68,10.25,9.87,15.49,13.43,15.26,14.04,14.74
13.44,23.71,5.37,12.45,11.54,17.76,13.23,7.91,10.62,11.59,4.43,10.79,8.75,6.59,10.92,8.83,11.83,10.89,10.95,11.9,13.63,5.54,6.26,7.5,9.01,7.94,8.29,13.17,8.92,12.25,7.7,5.01,9.1,5.55,9.78,10.08,6.82,12.58,9.96,9.29,8.83,5.51,7.21,8.08,11.1,5.28,6.96,4.05,5.22,6.18,8.63,6.53,5.44,3.86,11.1,3.47,5.58,2.95,2.74,3.82,4.71,6.14,3.49,6.64,4.16,2.36,6.89,3.94,3.56,3.31,4.82,0.0,2.71,4.13,5.31,5.63,2.89,3.04,4.64,1.57,2.54,3.36,1.88,6.38,4.06,2.02,4.72,2.89,1.61,2.5,2.22,2.86,1.46,8.35,9.32,8.8,13.71,14.79,12.19,9.18,8.92,10.86,10.68,8.06,9.4,11.38,9.66,9.41,9.06,13.14,7.8,5.42,9.16,7.16,10.0,11.85,8.19,9.03,11.96,12.59,14.43,13.21,9.02
11.99,24.39,6.91,13.98,10.09,16.31,11.78,5.73,12.72,12.27,3.07,9.34,7.3,11.57,13.01,7.38,10.38,8.71,12.6,12.58,12.18,4.18,8.36,6.02,7.65,6.58,8.97,11.72,11.03,10.89,9.79,2.83,10.14,4.19,8.33,10.76,6.49,11.13,10.64,11.39,7.47,8.16,5.72,6.72,11.78,3.1,9.3,3.97,5.16,9.35,10.72,5.17,11.2,6.6,11.32,5.43,7.12,2.45,3.37,4.76,1.45,8.24,2.78,9.87,9.39,1.45,5.53,3.72,5.29,5.27,2.64,2.71,0.0,5.57,4.66,2.92,1.98,1.7,5.59,3.46,3.26,2.73,2.0,7.08,4.79,2.32,3.08,4.16,3.44,4.21,4.14,3.58,2.61,6.23,7.2,12.19,12.09,13.17,10.57,7.56,6.8,9.24,9.06,6.44,7.78,9.76,8.04,7.78,9.76,11.52,6.48,6.12,11.08,9.08,10.7,12.55,10.11,9.73,15.35,13.29,15.13,13.91,14.61
15.7,24.95,1.64,13.69,13.79,20.01,15.48,11.85,6.15,12.83,11.73,13.04,11.0,2.56,6.44,11.09,14.56,14.84,12.19,6.94,15.88,12.84,5.81,9.0,16.31,13.73,9.53,11.48,8.29,17.78,3.26,9.11,10.34,12.85,12.04,11.32,10.35,14.84,11.2,7.1,14.38,5.6,8.7,15.38,12.34,9.0,5.57,7.4,8.75,3.63,5.01,13.83,1.24,5.32,12.34,4.04,3.25,6.48,6.24,3.19,6.37,5.68,7.22,4.16,2.13,5.46,14.19,7.43,2.26,2.55,11.3,4.13,5.57,0.0,8.53,9.38,5.39,6.77,8.81,3.48,4.11,5.03,4.24,7.68,4.28,5.75,8.29,1.85,4.96,2.6,4.78,2.83,3.22,14.93,15.9,3.42,18.98,20.05,17.45,11.55,11.92,12.45,11.55,13.33,14.66,16.64,10.52,10.27,10.36,12.4,15.07,6.72,10.89,6.61,11.3,11.49,7.64,8.52,8.46,9.6,9.98,9.5,5.39
10.56,28.21,9.28,18.11,7.56,20.44,6.26,9.14,16.54,16.09,3.77,11.46,9.42,15.39,16.83,11.52,11.4,5.45,15.89,16.4,8.78,5.01,12.18,9.84,2.86,4.83,12.79,15.85,14.85,3.9,13.61,5.82,14.04,2.93,10.46,14.58,1.76,6.51,14.46,15.21,4.4,11.98,9.54,3.39,15.6,6.93,13.12,1.75,2.22,13.16,14.54,1.22,15.02,10.42,15.22,5.92,9.76,2.47,2.61,12.45,6.36,12.06,2.81,13.69,13.21,4.86,4.08,1.27,7.63,6.37,4.91,5.31,4.66,8.53,0.0,7.65,6.24,4.09,9.24,5.4,7.32,6.99,6.07,10.73,11.84,3.81,6.73,7.32,4.1,6.54,4.24,7.43,6.39,6.6,6.77,15.85,8.87,9.95,12.77,11.54,10.03,13.22,12.74,10.42,9.99,11.96,10.11,11.46,13.41,15.2,6.82,9.77,14.74,12.74,14.35,16.2,13.77,13.39,19.01,16.95,18.78,17.56,18.26
9.81,24.4,12.86,11.8,7.91,14.13,9.59,5.97,11.28,12.27,4.56,7.16,5.12,10.13,11.57,5.2,8.2,8.95,10.42,12.35,10.0,4.16,6.92,3.23,10.49,7.84,7.53,9.54,13.11,11.89,8.35,2.82,7.96,5.68,6.15,10.76,7.99,8.95,10.64,9.94,8.49,4.9,1.61,9.56,11.79,2.44,7.85,7.37,6.65,7.9,9.28,6.66,9.76,5.16,9.14,8.35,11.41,6.53,6.76,7.19,1.56,6.8,5.36,8.43,7.95,4.49,8.37,7.33,7.78,10.71,4.13,5.63,2.92,9.38,7.65,0.0,2.69,4.6,2.23,6.22,4.02,2.98,3.91,5.39,6.5,5.77,1.39,6.25,6.39,6.49,7.09,7.78,4.89,6.65,7.62,10.51,10.51,11.58,8.98,5.98,7.22,7.65,5.6,4.86,6.19,8.17,4.57,4.32,8.07,8.05,8.78,4.44,9.4,7.4,9.01,10.86,8.43,8.05,13.67,11.61,13.44,12.22,12.92
11.57,23.16,6.62,11.9,9.66,15.88,11.35,7.72,11.49,11.04,4.94,8.91,6.87,10.34,11.78,6.96,9.96,10.71,10.4,11.35,11.75,6.05,7.13,4.79,9.53,9.6,7.74,11.29,9.8,13.65,8.56,4.98,8.55,6.06,7.91,9.53,8.37,10.71,9.41,10.16,10.25,6.93,3.27,8.6,10.55,4.87,8.07,5.29,7.03,8.11,9.49,7.04,9.97,2.97,10.55,5.61,6.83,4.07,4.12,4.23,2.78,7.01,5.75,8.64,8.16,1.9,7.4,5.18,5.04,5.44,4.51,2.89,1.98,5.39,6.24,2.69,0.0,3.39,2.4,3.8,2.18,1.54,1.18,5.74,3.5,2.99,1.33,3.83,3.97,4.07,4.67,3.26,2.47,8.45,9.42,10.86,12.3,13.38,10.78,7.77,9.03,7.89,6.99,6.65,7.99,9.97,5.96,5.71,8.42,9.45,8.35,4.78,9.75,7.75,9.36,11.21,8.78,8.4,14.02,11.96,13.79,12.57,13.27
12.67,25.07,14.98,14.66,10.77,16.99,8.31,6.42,13.4,12.95,2.18,10.02,7.98,12.25,13.69,8.06,11.06,7.5,13.28,13.26,12.86,3.29,9.04,6.7,6.76,5.69,9.65,12.4,11.71,10.0,10.47,2.55,10.82,3.3,9.01,11.44,5.61,11.81,11.32,12.07,6.58,8.84,6.4,5.83,12.46,3.79,9.98,3.53,4.27,10.02,11.4,4.28,11.88,7.28,12.0,5.56,8.21,2.01,2.92,9.31,3.22,8.92,2.25,10.55,10.07,2.58,4.64,3.28,6.11,5.86,1.48,3.04,1.7,6.77,4.09,4.6,3.39,0.0,6.36,4.07,4.65,4.16,3.39,7.85,8.95,1.88,3.85,5.49,3.01,5.0,3.7,4.98,4.0,7.93,8.9,12.97,12.86,13.94,11.34,8.34,6.84,10.01,9.83,7.21,8.55,10.53,8.81,8.56,10.53,12.29,5.58,6.89,11.86,9.85,11.47,13.32,10.89,10.5,16.13,14.06,15.9,14.68,15.38
12.09,22.37,12.28,9.78,10.18,16.4,11.87,8.04,10.7,10.25,6.15,9.43,7.39,9.55,10.99,7.48,8.31,11.02,8.28,10.57,12.27,7.26,6.34,2.75,10.73,9.91,5.71,7.57,9.01,13.96,7.77,6.19,6.43,7.27,8.42,8.74,9.57,11.22,8.62,9.37,10.56,4.42,1.64,9.8,9.77,6.08,7.28,8.96,8.24,7.33,8.71,8.25,9.18,3.15,7.61,7.36,10.84,8.12,5.73,6.61,3.46,6.22,6.95,7.85,7.37,3.52,8.61,8.92,6.27,10.14,5.72,4.64,5.59,8.81,9.24,2.23,2.4,6.36,0.0,5.44,2.96,1.24,2.82,4.81,4.3,4.62,3.38,4.74,5.61,5.46,6.3,4.05,4.1,8.59,9.56,9.93,12.63,13.71,11.11,5.2,5.58,6.11,5.21,6.98,8.32,10.3,4.18,3.93,7.49,7.66,10.72,3.85,8.82,6.81,8.43,10.28,7.85,7.46,13.09,11.02,12.86,11.64,12.34
14.26,24.52,4.93,13.26,12.35,18.57,14.04,8.72,8.82,12.4,6.06,11.6,9.56,7.66,9.11,9.65,12.65,11.7,11.76,7.65,14.44,7.17,6.58,8.32,8.26,9.57,9.1,13.98,9.0,13.88,5.9,5.82,9.92,7.18,10.59,10.89,7.19,13.39,10.77,7.5,10.46,6.37,8.02,9.71,11.92,6.09,7.28,4.28,6.13,5.46,6.84,6.62,4.77,4.68,11.92,2.31,4.71,3.87,3.46,4.14,5.52,6.46,4.57,5.98,3.5,3.18,8.52,4.62,2.56,2.15,5.63,1.57,3.46,3.48,5.4,6.22,3.8,4.07,5.44,0.0,3.35,4.17,2.69,7.19,4.32,3.1,5.53,2.48,2.31,1.5,1.61,2.82,1.78,9.16,10.13,8.04,14.52,15.6,13.0,10.0,9.74,11.67,11.49,8.87,10.21,12.19,10.47,10.22,9.87,13.95,9.42,6.23,9.29,7.29,10.81,10.71,8.32,9.2,13.97,14.98,15.48,15.01,8.16
12.9,21.65,5.34,10.39,10.99,17.21,12.68,9.05,8.99,9.53,6.27,10.24,8.2,7.84,9.28,8.29,11.28,12.03,8.89,9.84,13.08,7.38,4.63,3.95,10.85,10.93,6.23,8.18,7.29,14.98,6.06,6.31,7.04,7.39,9.23,8.02,9.7,12.03,7.9,7.66,11.57,3.25,5.39,9.92,9.04,6.2,5.33,6.31,8.36,4.55,6.99,8.37,7.47,1.6,9.04,5.25,5.55,5.21,5.01,2.19,4.06,4.5,7.07,5.01,2.98,3.15,8.73,6.21,4.06,4.85,5.84,2.54,3.26,4.11,7.32,4.02,2.18,4.65,2.96,3.35,0.0,1.41,1.58,4.43,1.81,4.19,2.82,2.55,4.03,3.27,4.28,1.42,1.94,9.77,10.74,8.48,13.62,14.69,12.09,8.3,8.68,9.21,8.31,7.97,9.3,11.28,7.28,7.03,7.11,9.15,9.92,3.47,7.32,5.31,8.05,9.9,6.35,7.08,11.64,10.64,12.48,11.26,10.89
12.26,21.27,11.18,10.01,10.36,16.57,12.04,8.79,9.6,9.14,5.63,9.61,7.56,8.45,9.89,7.65,9.06,11.77,8.51,9.46,12.45,6.75,5.24,3.5,10.22,10.66,5.84,7.79,7.91,14.71,6.67,5.67,6.66,6.75,8.6,7.63,9.06,11.4,7.51,8.26,11.31,3.88,2.39,9.29,8.66,5.56,6.17,6.04,7.72,6.22,7.6,7.74,8.08,1.89,8.66,6.07,6.47,4.82,4.87,3.34,3.53,5.12,6.44,6.75,6.27,2.66,8.09,5.93,5.0,5.77,5.21,3.36,2.73,5.03,6.99,2.98,1.54,4.16,1.24,4.17,1.41,0.0,1.8,3.88,3.06,3.71,2.0,3.5,4.31,4.22,5.01,2.81,2.81,9.36,10.33,9.0,13.02,14.1,11.49,5.97,6.35,6.88,5.98,7.37,8.71,10.68,4.95,4.7,6.56,8.43,9.33,2.93,7.89,5.89,7.5,9.35,6.92,6.54,12.16,10.1,11.93,10.71,11.42
11.95,22.18,5.47,10.92,10.04,16.26,11.73,8.1,10.51,10.06,4.76,9.3,7.25,9.36,10.81,7.34,10.34,11.09,9.42,10.37,12.14,5.87,6.16,6.01,9.34,9.98,6.76,8.71,8.82,14.03,7.59,5.36,7.57,5.88,8.29,8.55,8.19,11.09,8.43,9.18,10.63,4.79,3.97,8.41,9.58,5.25,7.09,5.06,6.85,7.14,8.52,6.86,8.99,2.8,9.58,4.6,5.68,3.95,3.75,3.32,2.8,6.03,4.38,7.67,3.76,1.89,7.22,4.95,4.02,4.43,4.33,1.88,2.0,4.24,6.07,3.91,1.18,3.39,2.82,2.69,1.58,1.8,0.0,4.8,3.11,2.99,2.35,2.69,2.83,2.93,3.53,2.12,1.32,8.36,9.33,9.92,12.2,13.28,10.68,7.68,8.93,9.35,9.18,6.56,7.89,9.87,8.15,7.9,7.48,11.63,8.51,3.84,8.81,6.8,8.42,10.27,7.84,7.45,13.08,11.01,12.85,11.63,12.33
14.27,20.86,11.15,9.6,12.36,18.58,14.05,10.42,9.57,8.74,7.64,11.61,9.57,8.42,9.86,9.66,10.47,13.4,8.1,9.05,14.45,8.75,5.21,4.91,12.23,12.3,5.44,7.39,9.82,16.35,6.64,7.68,6.25,8.76,10.6,7.23,11.07,13.4,7.11,8.24,12.95,4.44,4.62,11.29,8.26,7.57,6.15,10.45,9.73,6.2,7.57,9.74,8.05,3.44,8.26,10.5,9.71,9.61,9.84,5.48,7.1,5.09,8.44,6.72,6.24,7.57,10.1,10.41,8.71,9.0,7.21,6.38,7.08,7.68,10.73,5.39,5.74,7.85,4.81,7.19,4.43,3.88,4.8,0.0,5.34,11.65,7.27,3.78,7.4,5.04,7.22,4.13,6.51,13.91,14.88,5.12,17.95,19.03,16.43,10.52,10.9,11.43,10.53,12.3,13.64,15.62,9.5,9.25,9.33,11.38,14.05,5.7,7.59,5.59,10.27,8.11,6.62,7.49,8.28,6.22,9.79,9.32,7.53
15.37,21.98,5.71,10.72,13.47,19.69,15.15,11.53,8.26,9.86,8.75,12.72,10.68,7.11,8.55,10.76,11.58,14.51,9.22,7.08,15.56,9.86,3.89,4.26,13.33,13.4,6.56,8.51,6.56,17.45,5.33,8.78,7.37,9.87,11.71,8.35,12.17,14.51,8.23,6.92,14.05,3.69,5.72,12.4,9.37,8.67,4.59,7.84,10.84,3.81,6.26,10.85,6.74,1.92,9.37,6.22,5.93,6.74,6.54,1.46,8.21,3.77,9.55,4.27,2.36,4.68,11.21,7.73,4.52,5.23,8.32,4.06,4.79,4.28,11.84,6.5,3.5,8.95,4.3,4.32,1.81,3.06,3.11,5.34,0.0,5.69,6.24,2.97,5.39,3.92,5.64,1.82,2.83,12.88,13.85,7.71,16.92,18.0,15.4,9.49,9.87,10.4,9.5,11.27,12.61,14.59,8.47,8.22,8.3,10.35,13.02,4.67,6.55,4.55,9.24,7.97,5.58,6.46,10.87,7.85,12.39,11.92,10.13
13.91,26.24,6.98,15.83,12.01,18.15,9.46,8.93,14.57,14.12,3.32,11.26,9.22,13.42,14.86,9.23,12.23,8.65,14.44,14.43,14.1,4.44,10.21,7.86,7.91,6.84,10.82,13.56,12.87,11.15,11.64,4.68,11.99,4.44,10.25,12.61,5.57,13.05,12.49,13.23,7.72,10.0,7.57,6.98,13.63,4.94,11.14,2.8,3.78,11.19,12.57,5.43,7.05,5.17,13.16,4.54,7.19,1.51,1.63,5.72,4.37,10.08,2.39,11.72,5.77,1.56,5.78,2.69,5.09,4.84,3.72,2.02,2.32,5.75,3.81,5.77,2.99,1.88,4.62,3.1,4.19,3.71,2.99,11.65,5.69,0.0,4.77,4.55,2.07,4.06,2.54,4.53,3.55,8.96,9.93,13.88,13.78,14.86,12.25,9.25,9.82,10.93,10.75,8.13,9.46,11.44,9.72,9.47,11.44,13.2,6.61,7.81,12.77,10.77,12.38,14.23,11.8,11.42,17.04,14.98,16.81,15.59,10.68
10.27,21.86,11.77,10.6,8.36,14.58,10.05,6.42,10.19,9.74,3.64,7.61,5.57,9.04,10.48,5.66,8.66,9.41,9.1,10.05,10.45,4.75,5.83,3.49,8.23,8.3,6.44,9.99,8.5,12.35,7.26,3.68,7.25,4.76,6.61,8.23,7.07,9.41,8.11,8.86,8.95,5.62,1.96,7.3,9.25,3.57,6.77,6.45,5.73,6.81,8.19,5.74,8.67,4.07,9.25,7.43,10.32,5.62,5.84,6.1,3.11,5.71,4.45,7.34,6.86,3.57,6.1,6.42,5.95,9.62,3.21,4.72,3.08,8.29,6.73,1.39,1.33,3.85,3.38,5.53,2.82,2.0,2.35,7.27,6.24,4.77,0.0,5.1,5.23,5.33,5.93,4.52,3.73,6.9,7.86,9.52,10.74,11.82,9.22,6.22,7.47,6.56,5.66,5.09,6.43,8.41,4.63,4.38,7.09,8.11,7.01,3.45,8.42,6.41,8.03,9.88,7.44,7.06,12.68,10.62,12.46,11.24,11.94
14.29,24.64,3.07,13.39,12.38,18.6,14.07,10.44,6.69,12.52,7.7,11.63,9.59,5.54,6.98,9.68,12.68,13.43,11.89,5.52,14.47,8.81,5.5,8.69,12.28,12.32,9.22,11.17,6.87,16.37,3.77,7.7,10.04,8.82,10.62,11.01,11.12,13.42,10.89,5.37,12.97,5.3,8.4,11.35,12.04,7.59,5.27,6.35,7.51,3.32,4.7,9.8,3.14,3.92,12.04,3.57,3.29,5.25,5.01,1.78,4.96,5.38,5.99,3.85,1.36,4.05,10.16,6.2,1.52,2.19,7.27,2.89,4.16,1.85,7.32,6.25,3.83,5.49,4.74,2.48,2.55,3.5,2.69,3.78,2.97,4.55,5.1,0.0,3.73,1.61,3.79,1.29,1.67,10.68,11.65,6.02,14.53,15.61,13.0,10.0,11.26,12.12,11.22,8.88,10.22,12.19,10.2,9.95,10.03,12.07,10.84,6.39,8.28,6.28,10.97,9.7,7.31,8.19,9.18,7.16,10.69,10.22,6.73
14.43,24.69,6.19,13.43,12.52,18.74,10.58,10.06,10.3,12.57,4.45,11.77,9.73,7.4,10.6,9.82,12.82,9.77,11.93,9.14,14.61,5.56,7.63,8.49,6.97,7.96,9.27,14.15,10.29,12.27,7.39,5.8,10.08,4.49,10.76,11.06,5.86,13.56,10.94,8.98,8.85,6.97,8.19,8.1,12.08,6.07,8.33,3.09,4.3,6.94,8.32,5.27,6.26,5.31,12.09,3.49,6.4,2.03,1.79,5.19,5.5,7.5,2.87,7.47,4.98,2.69,6.91,2.99,4.3,3.94,4.85,1.61,3.44,4.96,4.1,6.39,3.97,3.01,5.61,2.31,4.03,4.31,2.83,7.4,5.39,2.07,5.23,3.73,0.0,3.1,1.11,3.72,2.68,9.9,10.87,9.52,14.37,15.45,12.85,9.85,10.76,11.52,11.34,8.72,10.06,12.04,10.32,10.07,9.72,13.8,7.55,6.08,11.05,9.04,10.66,12.51,10.08,9.69,12.68,13.25,15.09,13.87,9.76
14.52,25.35,3.98,14.09,12.62,18.84,14.31,10.68,7.94,13.23,6.99,11.87,9.83,6.78,8.23,9.91,12.91,13.66,12.59,6.78,14.71,8.1,6.16,8.58,9.41,12.55,9.93,11.88,8.12,16.6,5.03,6.75,10.74,8.11,10.86,11.72,8.33,13.66,11.6,6.62,13.2,5.95,8.29,10.64,12.74,7.83,6.52,5.38,7.05,4.58,5.96,7.76,3.89,4.75,12.74,3.21,3.83,4.79,4.39,3.17,5.01,6.03,5.64,5.1,2.62,4.1,9.45,5.55,1.69,2.42,6.56,2.5,4.21,2.6,6.54,6.49,4.07,5.0,5.46,1.5,3.27,4.22,2.93,5.04,3.92,4.06,5.33,1.61,3.1,0.0,3.09,2.64,2.06,11.22,12.18,7.14,15.06,16.14,13.54,10.54,11.79,12.21,12.03,9.41,10.75,12.73,11.01,10.76,11.49,14.49,11.37,7.85,9.17,7.17,12.43,15.96,8.2,9.08,13.07,14.08,14.58,14.11,7.26
15.12,25.39,5.65,14.13,13.22,19.44,11.28,10.75,10.12,13.27,5.15,12.47,10.43,8.96,10.41,10.51,13.51,10.47,12.63,8.96,15.31,6.26,7.88,9.18,7.1,8.66,9.97,14.85,10.3,8.13,7.21,6.5,10.78,4.97,11.46,11.76,6.02,14.26,11.64,8.8,9.55,7.25,8.89,7.62,12.78,6.76,8.58,3.12,4.78,6.76,8.14,5.45,6.07,5.6,12.78,2.41,6.01,2.52,2.11,5.44,6.2,7.76,3.36,7.29,4.8,3.39,7.61,3.27,3.73,2.86,5.54,2.22,4.14,4.78,4.24,7.09,4.67,3.7,6.3,1.61,4.28,5.01,3.53,7.22,5.64,2.54,5.93,3.79,1.11,3.09,0.0,4.08,3.05,11.08,12.05,9.35,15.46,16.54,13.93,10.93,11.94,12.61,12.43,9.81,11.14,13.12,11.4,11.15,10.8,14.88,8.73,7.17,10.61,8.6,11.74,13.59,9.64,10.78,15.28,14.34,16.8,16.32,9.48
13.72,23.25,4.06,11.99,11.81,18.03,13.5,9.87,8.42,11.13,7.12,11.06,9.02,7.27,8.71,9.11,12.1,12.85,10.49,5.87,13.9,8.24,4.05,7.3,11.71,11.74,7.82,9.78,6.72,15.8,4.12,7.12,8.64,8.24,10.05,9.61,10.55,12.85,9.5,5.71,12.39,3.85,7.0,10.78,10.64,7.02,4.75,6.42,9.22,3.97,5.05,9.23,4.13,2.76,10.64,4.64,4.27,5.36,5.11,1.62,4.38,3.93,5.97,4.43,1.92,3.48,9.58,6.31,2.81,3.57,6.7,2.86,3.58,2.83,7.43,7.78,3.26,4.98,4.05,2.82,1.42,2.81,2.12,4.13,1.82,4.53,4.52,1.29,3.72,2.64,4.08,0.0,1.44,10.11,11.08,6.36,13.96,15.04,12.43,9.43,10.08,10.61,9.71,8.31,9.64,11.62,8.69,8.44,8.52,10.56,10.26,4.88,6.77,4.76,9.46,8.18,5.8,6.67,9.52,8.06,11.03,10.56,7.68
12.92,23.19,4.44,11.93,11.02,17.23,12.7,9.08,9.43,11.07,5.36,10.27,8.22,8.28,9.72,8.31,11.31,12.06,10.43,8.25,13.11,6.48,5.07,6.98,9.95,10.95,7.76,12.65,7.73,15.0,6.5,5.13,8.58,6.48,9.26,9.55,8.79,12.06,9.44,8.1,11.6,4.86,6.69,9.02,10.58,6.22,5.76,5.38,7.46,4.99,7.43,7.47,4.51,3.31,10.58,3.69,4.66,4.32,4.08,2.63,3.4,4.94,4.99,5.45,3.07,2.5,7.82,5.27,2.83,3.56,4.94,1.46,2.61,3.22,6.39,4.89,2.47,4.0,4.1,1.78,1.94,2.81,1.32,6.51,2.83,3.55,3.73,1.67,2.68,2.06,3.05,1.44,0.0,9.5,10.47,8.94,13.35,14.43,11.82,8.82,10.07,10.5,10.32,7.7,9.03,11.01,9.29,9.04,8.46,12.77,9.65,4.83,7.78,5.78,9.4,9.2,6.81,7.69,12.1,12.0,13.62,12.61,8.12
6.09,26.85,18.41,12.99,2.79,15.33,3.82,2.04,19.28,14.73,7.02,6.77,4.73,15.68,19.21,6.41,6.71,3.01,11.61,14.8,4.31,6.18,12.47,8.87,4.73,1.9,9.81,10.73,15.57,10.16,13.9,3.84,10.42,6.52,5.76,13.22,5.91,3.26,13.1,16.99,2.55,12.46,8.39,3.8,14.24,4.39,13.4,9.72,8.58,13.45,15.98,8.18,15.3,10.7,11.59,11.07,13.66,8.99,10.04,12.74,5.47,12.34,7.82,13.98,13.49,7.09,3.09,8.9,12.01,10.9,5.1,8.35,6.23,14.93,6.6,6.65,8.45,7.93,8.59,9.16,9.77,9.36,8.36,13.91,12.88,8.96,6.9,10.68,9.9,11.22,11.08,10.11,9.5,0.0,1.52,16.07,4.53,5.61,8.16,7.13,5.42,8.81,8.34,6.01,5.37,7.35,5.49,7.06,11.11,10.79,8.18,10.0,14.17,13.79,12.05,13.9,14.82,13.24,16.42,14.34,16.17,14.95,18.48
4.57,27.82,19.37,12.83,1.27,15.17,1.72,3.01,20.25,15.7,7.99,5.3,4.56,16.64,20.18,6.24,6.55,3.17,11.45,15.77,2.79,7.15,13.44,9.84,4.9,2.07,10.78,10.57,16.54,11.13,14.87,4.81,11.39,7.49,5.6,14.19,6.08,1.74,14.07,17.96,2.72,13.43,9.36,3.96,15.21,5.36,14.37,10.69,9.55,14.42,16.95,9.15,16.27,11.67,12.56,12.04,14.63,9.96,11.0,13.7,6.43,13.31,8.79,14.95,14.46,8.06,3.26,9.87,12.98,11.87,6.07,9.32,7.2,15.9,6.77,7.62,9.42,8.9,9.56,10.13,10.74,10.33,9.33,14.88,13.85,9.93,7.86,11.65,10.87,12.18,12.05,11.08,10.47,1.52,0.0,17.04,3.01,4.09,5.96,6.43,6.39,8.11,9.3,5.31,3.27,6.29,6.46,8.03,12.08,11.76,9.15,10.96,15.14,14.76,13.02,14.87,15.79,14.21,17.39,15.31,17.14,15.92,19.45
19.38,26.25,5.9,16.35,17.48,23.7,19.17,15.54,2.07,14.13,12.76,16.73,14.69,1.57,2.36,14.77,15.59,18.52,14.79,2.86,19.57,13.87,6.84,10.03,17.34,17.41,10.56,12.51,4.21,21.46,3.43,12.79,11.37,13.88,15.72,12.62,16.18,18.52,12.5,3.02,18.06,6.63,9.73,16.41,13.65,12.69,5.25,15.57,14.85,4.6,2.87,14.86,2.63,8.56,13.65,9.1,6.54,14.73,14.96,5.41,12.22,6.71,13.56,5.13,4.91,12.69,15.22,15.53,6.77,7.65,12.33,8.8,12.19,3.42,15.85,10.51,10.86,12.97,9.93,8.04,8.48,9.0,9.92,5.12,7.71,13.88,9.52,6.02,9.52,7.14,9.35,6.36,8.94,16.07,17.04,0.0,19.87,20.95,18.34,12.44,12.82,13.34,12.44,14.22,15.55,17.53,11.42,11.17,11.8,13.29,15.97,7.61,7.49,7.5,12.74,8.1,5.77,9.41,5.07,6.21,6.58,6.11,2.41
1.18,30.9,22.45,12.65,2.31,12.34,3.04,6.02,23.33,18.77,12.65,2.37,5.61,19.72,23.25,7.29,3.91,3.7,11.26,18.85,0.98,11.31,16.51,12.92,7.0,5.07,12.43,10.38,19.61,15.29,17.94,8.68,11.4,11.65,4.02,17.26,8.18,2.4,17.14,21.03,4.82,16.51,12.44,6.07,18.29,9.97,17.45,10.63,13.72,17.5,20.03,8.63,19.35,14.75,12.22,16.43,17.51,14.63,14.86,16.78,10.65,16.39,13.46,18.02,17.54,12.57,6.26,14.03,15.86,16.26,9.94,13.71,12.09,18.98,8.87,10.51,12.3,12.86,12.63,14.52,13.62,13.02,12.2,17.95,16.92,13.78,10.74,14.53,14.37,15.06,15.46,13.96,13.35,4.53,3.01,19.87,0.0,2.22,2.31,7.23,10.2,7.09,9.12,6.28,4.24,3.28,8.81,9.1,14.96,12.6,12.96,13.64,18.02,17.64,15.9,17.75,18.67,17.09,20.27,18.19,20.02,18.8,22.13
1.2,31.97,23.53,13.36,3.39,11.92,4.12,7.1,24.41,19.85,13.73,4.43,6.69,20.8,24.33,8.37,4.62,4.78,11.98,19.93,1.27,12.39,17.59,13.99,8.08,6.15,13.15,11.1,20.69,16.37,19.02,9.76,12.11,12.73,4.73,18.34,9.26,3.47,18.22,22.11,5.9,17.59,13.52,7.15,19.37,11.04,18.53,11.7,14.79,18.57,21.11,9.71,20.43,15.83,12.93,17.51,18.59,15.71,15.93,17.86,11.73,17.47,14.54,19.1,18.62,13.65,7.34,15.11,16.94,17.34,11.02,14.79,13.17,20.05,9.95,11.58,13.38,13.94,13.71,15.6,14.69,14.1,13.28,19.03,18.0,14.86,11.82,15.61,15.45,16.14,16.54,15.04,14.43,5.61,4.09,20.95,2.22,0.0,2.56,7.95,11.32,7.8,9.83,7.4,5.36,4.0,9.52,9.81,16.08,13.31,14.08,14.76,19.14,18.77,17.02,18.88,19.8,18.21,21.4,19.31,21.15,19.92,23.25
1.7,29.37,20.92,11.3,5.26,11.0,5.99,7.63,21.8,17.25,11.13,2.77,3.82,18.19,21.73,5.76,2.57,6.65,9.92,17.32,3.14,9.79,14.99,11.39,9.95,8.02,11.09,9.04,18.09,13.76,16.42,7.16,10.05,10.12,2.68,15.74,13.11,5.35,15.62,19.51,7.77,14.98,10.91,9.02,12.38,8.44,15.92,13.94,12.19,15.97,18.5,11.78,17.82,13.22,10.87,14.9,15.99,13.1,13.33,15.26,9.12,14.86,11.93,16.5,16.01,11.04,10.24,12.51,14.33,14.74,8.42,12.19,10.57,17.45,12.77,8.98,10.78,11.34,11.11,13.0,12.09,11.49,10.68,16.43,15.4,12.25,9.22,13.0,12.85,13.54,13.93,12.43,11.82,8.16,5.96,18.34,2.31,2.56,0.0,5.89,8.68,5.74,7.78,4.76,4.8,1.94,7.46,7.76,13.44,11.25,11.43,12.11,16.5,16.12,14.38,16.23,17.15,15.56,18.75,16.66,18.5,17.28,20.6
7.09,23.77,15.02,6.92,5.17,11.39,6.85,6.6,13.44,11.65,8.13,4.42,2.38,12.29,16.12,2.47,3.32,7.52,5.54,11.72,7.26,6.88,9.08,5.49,11.13,8.48,5.62,4.66,12.49,12.53,10.51,5.55,4.58,8.89,3.41,10.13,11.87,6.21,10.02,13.9,9.13,7.16,5.01,10.2,7.27,5.44,10.02,10.94,10.22,10.06,12.9,10.55,11.92,7.32,5.76,11.9,13.57,10.1,10.33,9.35,6.12,8.96,8.93,10.59,10.11,8.04,9.0,10.9,11.33,11.74,7.7,9.18,7.56,11.55,11.54,5.98,7.77,8.34,5.2,10.0,8.3,5.97,7.68,10.52,9.49,9.25,6.22,10.0,9.85,10.54,10.93,9.43,8.82,7.13,6.43,12.44,7.23,7.95,5.89,0.0,3.24,2.2,3.41,1.12,3.17,5.08,1.84,2.13,8.21,5.86,10.22,6.46,11.27,10.89,9.15,11.0,11.93,10.34,13.53,11.44,13.27,12.05,14.94
9.87,24.14,15.4,8.31,7.97,14.37,9.65,4.89,13.82,12.02,7.88,7.22,5.17,12.67,16.5,5.44,6.3,7.87,6.81,12.1,10.06,7.05,9.46,5.86,9.62,6.76,6.0,6.1,12.86,11.02,10.89,4.41,4.96,7.38,6.21,10.51,10.37,9.01,10.39,14.28,7.41,7.53,5.39,8.69,7.64,4.96,10.39,10.59,9.45,10.44,13.28,9.04,12.3,7.7,6.13,11.64,13.95,9.86,10.9,9.73,6.04,9.34,8.69,10.97,10.49,7.66,7.5,9.77,12.58,11.48,5.68,8.92,6.8,11.92,10.03,7.22,9.03,6.84,5.58,9.74,8.68,6.35,8.93,10.9,9.87,9.82,7.47,11.26,10.76,11.79,11.94,10.08,10.07,5.42,6.39,12.82,10.2,11.32,8.68,3.24,0.0,4.68,3.78,4.1,5.94,7.91,1.4,2.51,8.59,6.24,8.63,6.83,11.65,11.27,9.53,11.38,12.3,10.72,13.9,11.82,13.65,12.43,15.32
6.94,24.67,15.93,5.56,6.84,13.07,8.53,8.28,14.34,10.07,9.8,5.34,4.05,13.2,17.03,4.15,3.18,9.2,4.18,12.62,7.91,8.56,9.99,6.39,12.81,10.15,5.35,3.3,13.39,14.21,11.42,7.22,4.31,10.57,4.33,6.7,13.55,7.89,10.92,14.81,10.8,8.06,5.91,11.88,6.64,7.12,10.92,12.61,11.89,10.97,13.8,12.23,12.82,8.22,5.13,13.58,14.48,11.78,12.0,10.26,7.8,9.86,10.61,11.5,11.01,9.72,10.68,12.58,13.49,13.78,9.38,10.86,9.24,12.45,13.22,7.65,7.89,10.01,6.11,11.67,9.21,6.88,9.35,11.43,10.4,10.93,6.56,12.12,11.52,12.21,12.61,10.61,10.5,8.81,8.11,13.34,7.09,7.8,5.74,2.2,4.68,0.0,2.03,2.8,4.84,4.93,3.36,3.11,9.19,5.51,11.9,7.44,12.25,11.87,10.13,11.98,12.91,11.32,14.5,12.42,14.25,13.03,15.92
8.97,23.77,15.03,6.69,8.04,14.26,9.73,7.81,13.44,7.85,9.63,7.37,5.25,12.3,16.13,5.34,5.21,10.79,5.3,11.73,9.94,9.76,9.09,5.49,12.33,9.68,4.45,4.43,12.49,13.73,10.52,7.04,3.41,10.09,6.37,5.71,13.08,9.08,10.02,13.91,10.33,7.16,5.02,11.4,6.09,6.93,10.02,12.43,11.72,10.07,12.9,11.75,11.93,7.32,4.58,13.4,13.58,11.6,11.83,9.36,7.61,8.96,10.43,10.6,10.11,9.54,10.21,12.4,12.59,12.88,9.2,10.68,9.06,11.55,12.74,5.6,6.99,9.83,5.21,11.49,8.31,5.98,9.18,10.53,9.5,10.75,5.66,11.22,11.34,12.03,12.43,9.71,10.32,8.34,9.3,12.44,9.12,9.83,7.78,3.41,3.78,2.03,0.0,3.99,6.04,6.97,2.46,2.21,8.29,4.61,11.45,6.54,11.35,10.98,9.23,11.08,12.01,10.42,13.61,11.52,13.35,12.13,15.02
5.95,25.25,16.8,7.52,4.04,10.27,5.73,5.48,17.68,13.13,7.0,3.3,1.25,14.07,17.6,1.35,3.92,6.4,6.13,13.2,6.14,5.76,10.86,7.27,10.01,7.36,6.48,5.26,13.96,11.41,12.29,4.42,5.44,7.77,2.29,11.61,10.75,5.09,11.5,15.38,8.0,10.86,6.79,9.08,12.64,4.32,11.8,9.81,9.1,11.85,14.38,9.43,13.7,9.1,6.62,10.78,11.86,8.98,9.21,11.13,5.0,10.74,7.81,12.37,11.89,6.92,7.88,9.78,10.21,10.62,6.58,8.06,6.44,13.33,10.42,4.86,6.65,7.21,6.98,8.87,7.97,7.37,6.56,12.3,11.27,8.13,5.09,8.88,8.72,9.41,9.81,8.31,7.7,6.01,5.31,14.22,6.28,7.4,4.76,1.12,4.1,2.8,3.99,0.0,2.04,4.02,2.7,2.99,9.1,6.72,9.1,7.78,12.16,11.78,10.04,11.89,12.81,11.23,14.41,12.33,14.16,12.94,16.27
5.88,26.58,18.14,9.56,2.0,11.9,3.69,4.84,19.02,14.46,8.34,3.34,1.29,15.41,18.94,2.97,3.27,4.35,8.18,14.53,4.09,7.0,12.2,8.6,9.58,5.34,8.52,7.3,15.3,10.97,13.63,4.37,7.49,7.34,2.33,12.95,10.32,3.05,12.83,16.72,5.47,12.2,8.12,8.64,13.97,5.65,13.13,11.15,9.4,13.18,15.71,9.0,15.03,10.43,8.66,12.11,13.2,10.31,10.54,12.47,6.34,12.07,9.14,13.71,13.22,8.25,7.45,9.72,11.54,11.95,5.63,9.4,7.78,14.66,9.99,6.19,7.99,8.55,8.32,10.21,9.3,8.71,7.89,13.64,12.61,9.46,6.43,10.22,10.06,10.75,11.14,9.64,9.03,5.37,3.27,15.55,4.24,5.36,4.8,3.17,5.94,4.84,6.04,2.04,0.0,3.91,4.74,5.03,10.72,8.76,8.72,9.4,13.78,13.41,11.66,13.52,14.44,12.85,16.04,13.95,15.79,14.56,17.89
3.14,28.56,20.11,10.49,5.6,10.18,6.32,6.82,20.99,16.44,10.32,2.3,3.01,17.38,20.92,4.95,1.76,6.99,9.11,16.51,4.11,8.98,14.18,10.58,11.55,8.69,10.28,8.23,17.28,12.95,15.61,6.35,9.24,9.31,1.86,14.93,12.3,5.68,14.81,18.7,8.1,14.17,10.1,10.62,11.57,7.63,15.11,13.13,11.38,15.16,17.69,10.97,17.01,12.41,10.06,14.09,15.18,12.29,12.52,14.44,8.31,14.05,11.12,15.68,15.2,10.23,9.43,11.7,13.52,13.93,7.61,11.38,9.76,16.64,11.96,8.17,9.97,10.53,10.3,12.19,11.28,10.68,9.87,15.62,14.59,11.44,8.41,12.19,12.04,12.73,13.12,11.62,11.01,7.35,6.29,17.53,3.28,4.0,1.94,5.08,7.91,4.93,6.97,4.02,3.91,0.0,6.65,6.95,12.63,10.44,10.62,11.3,15.68,15.31,13.57,15.42,16.34,14.75,17.94,15.85,17.69,16.47,19.79
8.66,22.75,14.0,6.91,6.74,12.97,8.43,4.96,12.42,10.62,8.6,5.99,3.95,11.27,15.1,4.05,4.9,7.95,5.41,10.7,8.83,7.12,8.06,4.46,9.7,6.84,4.6,4.7,11.46,11.1,9.49,4.49,3.56,7.46,4.98,9.11,10.44,7.78,8.99,12.88,7.49,6.13,3.99,8.76,6.24,5.9,9.0,11.41,10.69,9.04,11.88,9.12,10.9,6.3,4.74,12.37,12.55,10.57,10.8,8.33,6.58,7.94,9.4,9.57,9.09,8.51,7.57,9.84,11.56,11.85,5.75,9.66,8.04,10.52,10.11,4.57,5.96,8.81,4.18,10.47,7.28,4.95,8.15,9.5,8.47,9.72,4.63,10.2,10.32,11.01,11.4,8.69,9.29,5.49,6.46,11.42,8.81,9.52,7.46,1.84,1.4,3.36,2.46,2.7,4.74,6.65,0.0,1.11,7.19,4.84,8.7,5.43,10.25,9.87,8.13,9.98,10.91,9.32,12.5,10.42,12.25,11.03,13.92
8.95,22.5,13.75,6.66,7.03,13.26,8.72,6.53,12.17,10.37,8.35,6.28,4.24,11.02,14.85,4.34,5.19,9.51,5.16,10.45,9.12,8.48,7.81,4.21,11.05,8.4,4.35,4.45,11.21,12.45,9.24,5.76,3.31,8.82,5.28,8.86,11.8,8.08,8.74,12.63,9.05,5.88,3.74,10.12,5.99,5.65,8.74,11.16,10.44,8.79,11.63,10.47,10.65,6.05,4.48,12.12,12.3,10.32,10.55,8.08,6.33,7.69,9.15,9.32,8.84,8.26,8.93,11.12,11.31,11.6,7.92,9.41,7.78,10.27,11.46,4.32,5.71,8.56,3.93,10.22,7.03,4.7,7.9,9.25,8.22,9.47,4.38,9.95,10.07,10.76,11.15,8.44,9.04,7.06,8.03,11.17,9.1,9.81,7.76,2.13,2.51,3.11,2.21,2.99,5.03,6.95,1.11,0.0,6.94,4.59,10.1,5.18,10.0,9.62,7.88,9.73,10.65,9.07,12.25,10.17,12.0,10.78,13.67
14.63,15.47,13.83,5.24,12.73,18.95,14.41,10.58,7.53,3.02,10.32,11.98,9.94,11.1,12.26,10.02,11.27,13.56,3.68,5.56,14.82,12.53,4.15,5.09,15.11,12.46,3.31,4.65,4.7,16.51,9.32,9.81,3.9,12.87,10.97,1.51,13.75,13.77,1.39,7.74,13.1,5.34,7.3,14.18,2.54,9.7,3.83,13.13,12.41,8.87,6.74,12.42,10.73,6.12,2.54,13.17,12.38,12.29,12.52,8.16,10.39,4.38,11.12,5.53,8.92,10.25,12.98,13.09,11.39,11.68,9.89,9.06,9.76,10.36,13.41,8.07,8.42,10.53,7.49,9.87,7.11,6.56,7.48,9.33,8.3,11.44,7.09,10.03,9.72,11.49,10.8,8.52,8.46,11.11,12.08,11.8,14.96,16.08,13.44,8.21,8.59,9.19,8.29,9.1,10.72,12.63,7.19,6.94,0.0,6.19,14.28,5.57,3.06,2.75,1.38,2.79,3.79,2.2,9.12,3.59,8.87,7.65,13.96
12.45,26.23,15.88,6.26,10.77,16.99,12.45,10.26,14.29,7.35,12.08,10.02,7.97,13.15,14.59,8.07,8.69,13.24,4.77,14.18,12.86,12.21,8.29,6.73,14.79,12.13,3.95,4.05,14.95,16.19,11.37,9.49,2.92,12.55,9.01,5.22,15.53,11.81,6.31,16.36,12.78,7.37,7.47,13.85,5.6,9.38,9.83,14.89,14.17,10.92,15.36,14.21,12.77,8.17,4.09,15.85,14.43,14.05,14.28,10.21,10.06,9.81,12.88,11.45,10.96,11.99,12.66,14.85,13.44,13.73,11.65,13.14,11.52,12.4,15.2,8.05,9.45,12.29,7.66,13.95,9.15,8.43,11.63,11.38,10.35,13.2,8.11,12.07,13.8,14.49,14.88,10.56,12.77,10.79,11.76,13.29,12.6,13.31,11.25,5.86,6.24,5.51,4.61,6.72,8.76,10.44,4.84,4.59,6.19,0.0,13.76,8.85,13.67,8.74,11.55,13.4,9.77,9.1,15.92,13.83,15.67,14.45,17.34
12.63,28.99,18.55,16.62,10.72,18.95,7.95,7.65,16.97,16.86,4.67,9.97,7.93,15.82,17.26,10.03,9.91,7.15,14.4,16.94,12.81,3.83,12.61,11.01,6.41,5.33,11.95,14.36,17.7,7.81,14.04,6.28,12.55,4.17,8.97,15.35,7.15,11.77,15.23,15.64,6.22,14.6,10.53,5.48,16.38,6.83,13.55,7.37,6.23,13.59,18.12,5.83,15.45,10.85,13.73,10.32,13.82,6.64,7.68,12.88,6.79,12.49,5.47,14.12,13.64,7.34,4.28,6.55,12.16,11.16,5.34,7.8,6.48,15.07,6.82,8.78,8.35,5.58,10.72,9.42,9.92,9.33,8.51,14.05,13.02,6.61,7.01,10.84,7.55,11.37,8.73,10.26,9.65,8.18,9.15,15.97,12.96,14.08,11.43,10.22,8.63,11.9,11.45,9.1,8.72,10.62,8.7,10.1,14.28,13.76,0.0,7.59,11.76,11.38,9.64,11.49,12.42,10.83,14.01,11.93,13.76,12.54,16.07
13.31,20.28,10.19,9.02,11.4,17.62,13.09,9.46,8.61,8.16,6.68,10.66,8.61,7.46,8.9,8.7,9.52,12.45,7.52,8.47,13.5,7.79,4.26,3.95,11.27,11.34,4.86,6.81,6.92,15.39,5.68,6.72,5.67,7.8,9.65,6.65,10.11,12.45,6.53,7.28,11.99,3.86,3.66,10.34,7.67,6.61,5.19,9.49,8.77,5.24,6.62,8.78,7.09,2.49,7.67,9.54,8.75,8.66,8.88,4.52,6.15,4.13,7.49,5.76,5.28,6.61,9.14,9.46,7.75,8.05,6.25,5.42,6.12,6.72,9.77,4.44,4.78,6.89,3.85,6.23,3.47,2.93,3.84,5.7,4.67,7.81,3.45,6.39,6.08,7.85,7.17,4.88,4.83,10.0,10.96,7.61,13.64,14.76,12.11,6.46,6.83,7.44,6.54,7.78,9.4,11.3,5.43,5.18,5.57,8.85,7.59,0.0,6.69,6.32,4.58,6.43,7.35,5.76,9.26,7.17,9.01,7.79,14.1
17.69,18.53,12.94,8.3,15.78,22.0,17.47,13.64,4.9,6.08,11.65,15.04,12.99,8.86,7.95,13.08,14.33,16.62,6.74,2.93,17.88,15.59,3.7,6.69,18.17,15.51,7.49,7.7,2.98,19.57,6.75,12.87,6.96,15.93,14.03,4.57,15.07,16.83,4.45,5.12,16.16,4.59,8.62,17.24,5.6,12.76,3.38,14.46,13.74,6.28,4.11,13.75,9.84,6.12,5.6,11.43,10.64,13.62,13.85,6.41,11.11,3.93,12.45,5.09,7.18,11.58,16.04,14.42,9.65,9.94,11.22,9.16,11.08,10.89,14.74,9.4,9.75,11.86,8.82,9.29,7.32,7.89,8.81,7.59,6.55,12.77,8.42,8.28,11.05,9.17,10.61,6.77,7.78,14.17,15.14,7.49,18.02,19.14,16.5,11.27,11.65,12.25,11.35,12.16,13.78,15.68,10.25,10.0,3.06,13.67,11.76,6.69,0.0,2.0,4.44,1.42,0.97,4.21,4.58,1.34,4.33,3.11,10.24
17.32,18.16,10.08,7.92,15.41,21.63,17.1,13.26,4.78,5.71,9.64,14.66,12.62,7.35,6.51,12.71,13.96,16.25,6.36,2.8,17.5,10.76,1.7,4.69,14.23,15.14,5.49,7.44,1.95,19.19,5.58,9.68,6.3,10.76,13.65,4.2,13.07,16.45,4.08,4.99,15.79,2.59,6.62,13.3,5.22,9.57,1.38,12.45,11.74,3.77,3.98,11.75,6.98,4.12,5.22,9.43,8.64,11.62,11.85,4.41,9.11,1.93,10.45,3.08,5.17,9.58,12.11,12.42,7.65,7.94,9.22,7.16,9.08,6.61,12.74,7.4,7.75,9.85,6.81,7.29,5.31,5.89,6.8,5.59,4.55,10.77,6.41,6.28,9.04,7.17,8.6,4.76,5.78,13.79,14.76,7.5,17.64,18.77,16.12,10.89,11.27,11.87,10.98,11.78,13.41,15.31,9.87,9.62,2.75,8.74,11.38,6.32,2.0,0.0,4.06,3.42,1.03,2.21,6.25,3.3,6.0,4.78,8.1
15.57,16.09,14.77,6.18,13.67,19.89,15.36,11.52,13.27,3.96,11.26,12.92,10.88,12.04,13.2,10.96,12.21,14.5,4.62,8.79,15.76,13.47,5.46,6.03,16.05,13.4,4.25,5.59,6.01,17.45,10.26,10.75,4.84,13.81,11.91,2.45,14.69,14.71,2.33,10.98,14.04,6.28,8.24,15.12,3.48,10.64,5.14,14.07,13.35,9.82,9.97,13.36,11.67,7.06,3.48,14.12,13.32,13.23,13.46,9.1,11.33,5.68,12.06,6.84,9.86,11.19,13.92,14.03,12.33,12.62,10.83,10.0,10.7,11.3,14.35,9.01,9.36,11.47,8.43,10.81,8.05,7.5,8.42,10.27,9.24,12.38,8.03,10.97,10.66,12.43,11.74,9.46,9.4,12.05,13.02,12.74,15.9,17.02,14.38,9.15,9.53,10.13,9.23,10.04,11.66,13.57,8.13,7.88,1.38,11.55,9.64,4.58,4.44,4.06,0.0,6.6,6.1,5.42,7.74,5.65,7.49,6.27,12.58
17.42,18.27,13.54,9.68,15.52,21.74,17.21,13.37,5.51,5.82,13.11,14.77,12.73,9.46,8.55,12.81,14.06,16.35,6.47,3.53,17.61,15.32,5.12,7.88,17.9,15.25,6.1,7.44,3.7,19.3,7.35,12.6,6.69,15.66,13.76,4.3,16.54,16.56,4.19,5.72,15.9,6.01,10.09,16.97,5.33,12.49,4.8,15.92,15.2,6.88,4.71,15.21,10.44,8.91,5.33,17.38,12.06,15.09,15.31,7.83,13.18,5.35,13.91,6.25,8.59,13.04,15.77,15.88,15.6,15.89,12.68,11.85,12.55,11.49,16.2,10.86,11.21,13.32,10.28,10.71,9.9,9.35,10.27,8.11,7.97,14.23,9.88,9.7,12.51,15.96,13.59,8.18,9.2,13.9,14.87,8.1,17.75,18.88,16.23,11.0,11.38,11.98,11.08,11.89,13.52,15.42,9.98,9.73,2.79,13.4,11.49,6.43,1.42,3.42,6.6,0.0,2.39,4.99,5.18,1.94,4.93,3.71,10.84
18.35,19.19,11.12,8.96,16.44,22.66,18.13,14.29,4.84,6.74,10.68,15.69,13.65,8.39,6.57,13.74,14.99,17.28,7.4,2.87,18.53,11.79,2.73,5.72,15.26,16.17,6.52,8.47,2.01,20.22,6.61,10.71,7.34,11.8,14.68,5.23,14.1,17.48,5.11,5.05,16.82,3.62,7.65,14.33,6.25,10.61,2.41,13.49,12.77,4.8,4.05,12.78,8.01,5.15,6.25,10.46,9.67,12.65,12.88,5.44,10.14,2.96,11.48,4.11,6.2,10.61,13.14,13.45,8.68,8.97,10.25,8.19,10.11,7.64,13.77,8.43,8.78,10.89,7.85,8.32,6.35,6.92,7.84,6.62,5.58,11.8,7.44,7.31,10.08,8.2,9.64,5.8,6.81,14.82,15.79,5.77,18.67,19.8,17.15,11.93,12.3,12.91,12.01,12.81,14.44,16.34,10.91,10.65,3.79,9.77,12.42,7.35,0.97,1.03,6.1,2.39,0.0,3.24,5.55,2.31,5.3,4.08,8.17
16.76,17.6,11.99,7.37,14.86,21.07,16.54,12.71,6.99,5.15,10.29,14.11,12.06,9.26,8.72,12.15,13.4,15.69,5.81,5.02,16.95,11.41,3.61,5.05,17.24,14.58,5.85,6.77,4.16,18.64,7.48,11.94,6.66,11.41,13.1,3.64,13.72,15.9,3.52,7.2,15.23,4.5,7.27,16.3,4.67,11.83,3.29,13.1,12.39,5.68,6.2,12.4,8.89,4.98,4.67,11.34,10.55,12.27,12.5,6.32,9.76,3.84,11.1,4.99,7.08,10.23,15.11,13.07,9.55,9.85,9.87,9.03,9.73,8.52,13.39,8.05,8.4,10.5,7.46,9.2,7.08,6.54,7.45,7.49,6.46,11.42,7.06,8.19,9.69,9.08,10.78,6.67,7.69,13.24,14.21,9.41,17.09,18.21,15.56,10.34,10.72,11.32,10.42,11.23,12.85,14.75,9.32,9.07,2.2,9.1,10.83,5.76,4.21,2.21,5.42,4.99,3.24,0.0,8.46,5.51,8.21,6.99,11.88
19.95,23.83,10.51,13.92,18.04,24.26,19.73,15.89,1.99,11.71,15.92,17.29,15.25,6.43,5.52,15.34,16.59,18.88,12.36,4.0,20.13,17.84,10.0,10.71,20.42,17.77,11.51,13.46,4.77,21.82,8.21,15.12,12.33,18.18,16.28,10.19,19.34,19.08,10.08,6.55,18.42,9.79,12.89,19.49,11.22,15.01,5.79,18.73,18.01,7.76,5.18,18.02,7.41,11.72,11.22,13.71,13.95,17.89,18.12,8.57,15.7,9.87,16.72,8.29,8.07,15.85,18.3,18.69,12.7,12.27,15.49,11.96,15.35,8.46,19.01,13.67,14.02,16.13,13.09,13.97,11.64,12.16,13.08,8.28,10.87,17.04,12.68,9.18,12.68,13.07,15.28,9.52,12.1,16.42,17.39,5.07,20.27,21.4,18.75,13.53,13.9,14.5,13.61,14.41,16.04,17.94,12.5,12.25,9.12,15.92,14.01,9.26,4.58,6.25,7.74,5.18,5.55,8.46,0.0,3.3,1.95,1.47,7.58
17.86,19.06,11.65,8.83,15.95,22.17,17.64,13.81,3.62,6.61,13.86,15.2,13.16,7.58,6.66,13.25,14.5,16.79,7.27,1.65,18.04,15.76,5.0,8.63,18.33,15.68,9.43,11.38,1.81,19.73,5.46,13.04,10.24,16.1,14.19,5.1,17.28,16.99,4.98,3.83,16.33,5.89,10.83,17.4,6.12,12.93,2.83,16.67,15.95,4.99,2.83,15.96,8.55,9.66,6.12,15.5,9.51,15.83,16.06,6.55,13.61,3.73,14.66,4.37,6.05,13.79,16.21,16.63,13.71,14.0,13.43,12.59,13.29,9.6,16.95,11.61,11.96,14.06,11.02,14.98,10.64,10.1,11.01,6.22,7.85,14.98,10.62,7.16,13.25,14.08,14.34,8.06,12.0,14.34,15.31,6.21,18.19,19.31,16.66,11.44,11.82,12.42,11.52,12.33,13.95,15.85,10.42,10.17,3.59,13.83,11.93,7.17,1.34,3.3,5.65,1.94,2.31,5.51,3.3,0.0,3.04,1.82,8.95
19.69,23.58,12.03,13.67,17.79,24.01,19.48,15.64,3.5,11.45,15.69,17.04,15.0,7.95,7.03,15.08,16.33,18.62,12.11,3.75,19.88,17.59,7.7,10.46,20.17,17.52,11.26,13.21,4.52,21.57,9.73,14.87,12.08,17.93,16.03,9.94,19.12,18.83,9.82,5.93,18.16,10.71,12.67,19.24,10.97,14.76,5.53,18.5,17.78,9.28,4.93,17.79,8.93,11.5,10.97,15.23,15.46,17.67,17.89,10.08,15.45,7.07,16.49,6.47,9.59,15.62,18.04,18.46,14.22,13.78,15.26,14.43,15.13,9.98,18.78,13.44,13.79,15.9,12.86,15.48,12.48,11.93,12.85,9.79,12.39,16.81,12.46,10.69,15.09,14.58,16.8,11.03,13.62,16.17,17.14,6.58,20.02,21.15,18.5,13.27,13.65,14.25,13.35,14.16,15.79,17.69,12.25,12.0,8.87,15.67,13.76,9.01,4.33,6.0,7.49,4.93,5.3,8.21,1.95,3.04,0.0,1.22,9.09
18.47,22.35,11.55,12.45,16.57,22.78,18.25,14.42,3.03,10.23,14.47,15.82,13.77,7.47,6.56,13.86,15.11,17.4,10.89,2.53,18.66,16.37,6.48,9.24,18.95,16.29,10.04,11.99,3.29,20.35,6.34,13.65,10.85,16.71,14.81,8.72,17.9,17.61,8.6,4.71,16.94,9.49,11.44,18.02,9.75,13.54,4.31,17.28,16.56,5.87,3.71,16.57,8.45,10.27,9.75,14.76,14.99,16.44,16.67,9.61,14.23,5.85,15.27,5.25,9.11,14.4,16.82,17.24,13.74,13.31,14.04,13.21,13.91,9.5,17.56,12.22,12.57,14.68,11.64,15.01,11.26,10.71,11.63,9.32,11.92,15.59,11.24,10.22,13.87,14.11,16.32,10.56,12.61,14.95,15.92,6.11,18.8,19.92,17.28,12.05,12.43,13.03,12.13,12.94,14.56,16.47,11.03,10.78,7.65,14.45,12.54,7.79,3.11,4.78,6.27,3.71,4.08,6.99,1.47,1.82,1.22,0.0,8.62
21.8,28.67,6.45,18.76,19.89,26.11,21.58,17.95,4.48,16.55,15.17,19.14,17.1,3.55,4.77,17.19,18.0,20.94,17.2,5.27,21.98,16.28,9.25,12.44,19.76,19.83,12.97,14.92,6.62,23.88,5.41,15.21,13.79,16.29,18.13,15.03,18.6,20.94,14.92,5.43,20.48,9.05,12.15,18.83,16.06,15.1,7.66,12.04,17.26,7.02,5.28,17.27,4.61,10.98,16.06,8.68,8.14,17.15,11.05,7.82,14.64,9.13,15.97,7.54,7.32,15.1,17.63,17.94,6.9,7.19,14.74,9.02,14.61,5.39,18.26,12.92,13.27,15.38,12.34,8.16,10.89,11.42,12.33,7.53,10.13,10.68,11.94,6.73,9.76,7.26,9.48,7.68,8.12,18.48,19.45,2.41,22.13,23.25,20.6,14.94,15.32,15.92,15.02,16.27,17.89,19.79,13.92,13.67,13.96,17.34,16.07,14.1,10.24,8.1,12.58,10.84,8.17,11.88,7.58,8.95,9.09,8.62,0.0
