0.0,9.71,8.74,3.4,17.09,2.55,17.11,6.62,7.63,15.1,7.14,6.14,3.39,16.07,1.65,5.76,5.98,6.44,11.84,4.16,4.87,6.29,4.21,11.19,6.93,7.76,2.3,9.4,5.37,1.79,16.25,15.96,10.64,4.23,13.84,8.44,11.18,14.51,5.54,15.82,3.43,4.34,13.28,12.21,7.73,9.53,5.11,3.15,14.12,1.48,14.21,13.67,14.39,14.76,12.82,13.0,4.16,11.26,6.78,4.38,4.93,2.56,6.69,4.72,7.13,6.52,5.97,5.12,2.45,6.75,10.03,11.22,7.05,9.9,11.16,8.72,8.07,3.84,11.34,7.08,9.25,8.73,4.01,6.06,10.46,11.58,3.08,8.07,9.11,10.14,6.88,4.97,20.17,15.91
9.71,0.0,1.12,7.15,7.96,11.02,8.32,5.73,16.1,6.32,15.61,14.61,10.63,9.44,10.88,4.87,10.34,7.43,4.99,10.08,6.74,5.07,8.26,4.35,5.7,3.66,10.99,2.55,10.68,8.79,7.47,6.83,3.79,6.65,5.24,4.79,1.52,5.73,3.61,6.69,12.73,9.96,6.65,2.55,3.33,2.69,3.89,8.24,4.2,10.17,6.1,5.03,5.69,8.13,6.19,4.89,12.86,18.5,4.38,11.62,12.17,11.78,11.06,9.09,11.49,10.88,5.68,9.17,9.77,5.85,18.5,19.69,11.1,13.04,19.63,12.2,16.54,12.31,14.48,13.51,15.68,17.2,12.48,10.11,13.61,20.05,11.55,14.49,17.58,13.28,10.93,13.44,11.39,6.78
8.74,1.12,0.0,4.77,9.49,8.64,9.51,4.61,13.72,7.5,13.23,12.23,9.66,8.47,8.5,3.75,9.37,6.46,4.02,9.11,5.62,4.1,5.88,3.38,4.73,2.69,8.61,1.58,9.71,6.41,8.65,8.36,2.82,4.28,6.24,3.82,2.59,6.91,2.49,8.22,8.74,8.99,5.68,3.62,2.36,1.72,2.77,7.27,6.52,7.79,6.61,6.07,6.79,7.16,5.22,5.4,10.48,17.53,3.26,10.65,11.2,9.4,10.09,8.12,10.52,9.91,3.3,6.79,7.39,4.73,16.12,17.31,8.72,10.66,17.25,9.82,14.16,9.93,12.1,11.13,13.3,14.82,10.1,7.73,11.23,17.67,9.17,12.11,15.2,10.9,8.55,11.06,12.57,8.31
3.4,7.15,4.77,0.0,14.11,4.29,14.13,3.64,9.37,12.12,8.88,7.88,4.47,13.09,4.14,2.78,8.61,4.87,8.86,8.35,2.19,3.31,1.52,8.21,3.95,4.78,4.26,6.42,8.95,2.05,13.27,12.98,7.66,1.25,10.86,5.46,8.2,11.53,2.56,12.84,4.39,8.23,10.3,9.23,4.75,6.55,2.13,4.23,11.14,3.44,11.23,10.69,11.41,11.78,9.84,10.02,6.12,12.34,3.8,5.46,6.01,5.05,9.32,7.36,9.76,9.15,2.99,2.44,3.03,3.77,11.77,12.96,4.37,6.31,12.89,5.47,9.81,5.57,7.75,6.78,8.94,10.47,5.75,3.38,6.87,13.32,4.81,7.76,10.84,6.55,4.19,6.7,17.19,12.93
17.09,7.96,9.49,14.11,0.0,16.8,3.15,14.53,13.69,3.32,14.02,13.3,17.92,10.79,18.16,13.67,17.63,14.72,9.7,17.37,16.21,12.36,15.54,7.05,12.99,11.33,18.28,10.22,17.97,16.07,1.68,2.77,8.5,13.94,4.9,12.46,7.6,3.37,12.42,3.4,20.02,17.25,7.12,6.27,10.99,7.84,12.77,15.52,4.3,17.46,6.12,4.69,3.85,6.16,6.5,5.7,20.14,25.79,13.18,18.91,19.45,19.07,18.34,16.38,18.78,18.17,12.96,16.46,17.06,14.66,16.92,18.1,14.34,15.41,18.04,14.24,14.95,15.18,16.85,11.93,10.03,15.61,17.03,17.4,15.98,18.46,17.72,10.95,15.99,15.65,16.13,14.71,5.64,1.23
2.55,11.02,8.64,4.29,16.8,0.0,18.0,7.51,5.42,15.99,4.93,3.92,4.51,16.96,3.3,6.65,7.09,7.56,12.73,5.28,5.76,7.19,5.1,12.09,7.82,8.65,3.42,10.29,6.48,2.69,17.14,16.86,11.53,5.12,14.73,9.33,12.07,15.4,6.43,16.72,4.55,5.45,14.17,13.1,8.63,10.43,6.0,4.27,15.01,2.6,15.1,14.57,15.29,15.65,13.71,13.89,5.28,12.38,7.67,5.5,6.04,4.2,7.8,5.84,8.24,7.63,6.86,6.02,3.34,7.64,7.82,9.0,6.61,7.68,8.94,6.51,5.85,1.62,9.12,4.87,7.03,6.52,1.37,6.96,8.25,9.36,1.08,5.85,6.89,7.92,7.77,2.75,18.02,16.8
17.11,8.32,9.51,14.13,3.15,18.0,0.0,14.85,13.94,2.54,14.28,13.56,18.24,11.19,18.49,13.99,17.95,15.04,10.1,17.69,16.53,12.68,15.87,7.44,13.31,11.65,18.6,10.54,18.29,16.39,1.97,6.04,8.89,14.26,6.61,12.78,8.0,4.93,12.74,5.9,20.34,17.57,7.52,6.67,11.32,8.23,13.1,15.85,3.51,17.78,7.3,6.4,4.73,7.35,6.9,6.1,20.46,26.11,13.5,19.23,19.78,19.39,18.66,16.7,19.1,18.49,13.28,16.78,17.38,14.98,17.17,18.35,14.59,15.66,18.29,14.49,15.2,15.43,17.1,12.18,10.28,15.87,17.29,17.72,16.23,18.72,17.98,11.2,16.24,15.9,16.38,14.96,4.2,4.36
6.62,5.73,4.61,3.64,14.53,7.51,14.85,0.0,12.62,12.11,12.12,11.12,8.22,13.08,7.39,1.28,10.45,6.71,8.63,10.19,1.49,5.15,3.1,7.98,5.79,6.62,7.51,6.19,10.79,5.3,13.26,12.97,7.43,3.17,10.85,7.3,7.19,11.52,2.86,12.83,7.63,10.07,10.28,8.22,6.59,6.32,3.97,7.48,11.13,6.69,11.22,10.68,11.4,11.77,9.82,10.01,9.37,16.09,4.1,9.21,9.76,8.29,11.17,9.2,11.6,10.99,4.83,4.02,6.28,2.27,15.02,16.2,5.95,7.88,16.14,7.05,13.05,8.82,9.33,8.36,10.52,13.71,8.99,4.96,8.45,16.56,8.06,9.34,14.09,8.13,5.77,9.95,17.18,12.91
7.63,16.1,13.72,9.37,13.69,5.42,13.94,12.62,0.0,15.34,1.45,1.92,9.59,22.04,8.38,11.74,12.18,12.64,17.82,10.36,8.75,12.27,6.92,17.17,12.9,13.74,8.5,15.37,11.56,7.77,14.78,15.75,16.61,10.2,19.81,14.41,17.15,20.49,11.51,18.02,9.63,10.53,19.25,18.18,13.71,15.51,11.08,9.35,16.32,7.68,20.18,19.65,20.37,20.74,18.79,18.98,10.36,17.46,12.75,10.58,11.13,9.29,12.89,10.92,13.32,12.71,11.94,6.36,8.42,12.72,4.34,5.53,3.5,4.57,4.31,3.4,2.38,3.8,6.01,1.75,3.92,1.88,5.65,5.58,5.13,5.89,6.34,2.74,2.26,4.81,5.29,3.33,14.91,14.94
15.1,6.32,7.5,12.12,3.32,15.99,2.54,12.11,15.34,0.0,15.64,14.92,16.2,9.15,16.44,11.95,15.91,12.99,8.06,15.65,14.48,10.64,13.82,5.4,11.27,9.61,16.56,8.5,16.25,14.35,1.64,3.99,6.85,12.22,4.57,10.74,5.96,2.89,10.7,3.86,18.3,15.53,5.47,4.62,9.27,6.19,11.05,13.8,1.47,15.74,5.26,4.36,2.69,5.3,4.86,4.05,18.42,24.06,11.46,17.19,17.73,17.35,16.62,14.65,17.06,16.45,11.24,14.74,15.33,12.93,18.53,19.72,16.67,17.03,19.65,15.86,16.57,17.87,18.47,13.55,11.64,17.23,18.04,15.68,17.59,20.08,17.11,12.56,17.6,17.27,16.49,16.33,5.56,3.94
7.14,15.61,13.23,8.88,14.02,4.93,14.28,12.12,1.45,15.64,0.0,1.43,9.1,21.55,7.89,11.24,11.68,12.15,17.32,9.87,10.35,11.78,7.26,16.68,12.41,13.24,8.01,14.88,11.07,7.28,15.11,16.08,16.12,9.71,19.32,13.92,16.66,20.0,11.02,21.31,9.14,10.04,18.76,17.69,13.22,15.02,10.59,8.86,19.6,7.19,19.69,19.16,19.88,20.25,18.3,18.48,9.87,16.97,12.26,10.09,10.63,8.8,12.4,10.43,12.83,12.22,11.45,6.7,7.93,12.23,3.44,4.62,3.84,4.9,4.98,3.73,1.47,3.3,6.35,2.09,4.26,2.55,5.16,5.91,5.47,4.99,5.85,3.07,2.93,5.15,5.62,2.84,15.25,15.28
6.14,14.61,12.23,7.88,13.3,3.92,13.56,11.12,1.92,14.92,1.43,0.0,8.1,20.55,6.89,10.24,10.68,11.14,16.32,8.87,9.35,10.77,6.54,15.67,11.41,12.24,7.0,13.88,10.07,6.28,14.39,15.36,15.12,8.71,18.32,12.92,15.66,18.99,10.02,20.3,8.13,9.04,17.76,16.69,12.21,14.01,9.59,7.86,18.6,6.18,18.69,18.15,18.87,19.24,17.3,17.48,8.87,15.96,11.26,9.09,9.63,7.79,11.39,9.42,11.83,11.22,10.45,5.98,6.93,11.23,4.32,5.51,3.11,4.18,5.45,3.01,2.36,2.3,5.62,1.37,3.54,3.02,4.16,5.19,4.75,5.87,4.85,2.35,3.4,4.42,4.9,1.84,14.53,14.56
3.39,10.63,9.66,4.47,17.92,4.51,18.24,8.22,9.59,16.2,9.1,8.1,0.0,15.67,4.08,8.27,3.82,4.28,11.44,2.01,5.92,5.98,5.26,10.79,6.61,7.44,2.65,9.0,3.21,2.95,15.85,15.56,10.23,6.74,13.44,8.12,10.78,14.11,7.47,15.42,3.21,2.18,12.88,11.81,7.42,9.13,5.57,1.8,13.72,2.24,13.81,13.27,13.99,14.36,12.42,12.6,4.51,7.87,8.23,0.99,1.54,4.98,4.53,2.57,4.97,4.36,5.76,6.17,3.75,9.26,11.93,13.11,8.1,11.79,13.05,10.62,9.96,5.73,13.23,8.98,11.14,10.62,5.9,7.11,12.35,13.47,4.97,9.96,11.0,12.03,7.93,6.86,19.77,15.51
16.07,9.44,8.47,13.09,10.79,16.96,11.19,13.08,22.04,9.15,21.55,20.55,15.67,0.0,16.34,11.84,15.81,12.89,8.04,15.54,14.38,10.53,13.72,5.38,11.17,9.5,16.45,8.39,16.15,14.25,9.85,9.22,6.83,12.12,7.67,10.63,10.54,8.11,10.59,9.08,18.19,15.42,3.37,7.93,9.17,6.17,10.95,13.7,7.72,15.63,5.56,5.72,8.22,4.37,4.56,5.11,18.32,23.96,11.36,17.08,17.63,17.24,16.52,14.55,16.95,16.34,11.14,14.63,15.23,12.83,23.96,25.15,16.56,18.5,25.09,17.66,22.0,17.77,19.94,18.97,21.14,22.66,17.94,15.57,19.07,25.51,17.01,19.95,23.04,18.74,16.39,18.9,13.77,9.16
1.65,10.88,8.5,4.14,18.16,3.3,18.49,7.39,8.38,16.44,7.89,6.89,4.08,16.34,0.0,6.51,6.73,7.19,12.59,4.91,5.62,7.04,4.96,11.94,7.67,8.51,2.4,10.15,6.12,2.54,17.0,16.71,11.38,4.98,14.59,9.19,11.93,15.26,6.29,16.57,4.18,5.09,14.03,12.96,8.48,10.28,5.85,3.9,14.87,2.23,14.96,14.42,15.14,15.51,13.57,13.75,4.26,12.01,7.53,5.13,5.68,1.91,7.44,5.47,7.88,7.26,6.72,5.87,3.2,7.5,10.78,11.97,7.8,10.64,11.91,9.47,8.82,4.59,12.09,7.83,10.0,9.48,4.76,6.81,11.21,12.33,3.82,8.81,9.86,10.89,7.63,5.72,20.92,16.66
5.76,4.87,3.75,2.78,13.67,6.65,13.99,1.28,11.74,11.95,11.24,10.24,8.27,11.84,6.51,0.0,9.59,5.85,7.77,9.33,2.3,4.29,3.91,7.13,4.93,5.76,6.65,5.33,9.93,4.44,12.4,12.11,6.57,2.31,9.99,6.44,6.34,10.66,2.01,11.97,6.77,9.21,9.42,7.36,5.74,5.47,3.11,6.62,10.27,5.83,10.36,9.82,10.54,10.91,8.97,9.15,8.51,15.23,3.24,8.35,8.9,7.43,10.31,8.34,10.74,10.13,3.97,4.82,5.42,0.99,14.16,15.34,6.75,8.69,15.28,7.86,12.19,7.96,10.13,9.16,11.33,12.85,8.13,5.76,9.26,15.7,7.2,10.15,13.23,8.93,6.58,9.09,16.32,12.06
5.98,10.34,9.37,8.61,17.63,7.09,17.95,10.45,12.18,15.91,11.68,10.68,3.82,15.81,6.73,9.59,0.0,7.24,12.08,3.25,9.64,6.61,8.98,11.43,7.25,8.08,5.33,9.63,3.85,5.64,16.49,16.2,10.87,7.37,14.08,8.76,11.42,14.75,8.11,16.06,5.89,3.13,13.51,12.44,8.06,9.77,6.21,4.48,14.35,4.93,14.44,13.91,14.63,15.0,13.05,13.24,7.2,11.66,8.87,4.79,5.33,7.67,4.14,2.17,1.76,1.15,6.4,9.89,6.44,9.89,14.62,15.8,11.82,13.76,15.74,12.92,12.65,8.42,15.2,11.66,13.83,13.31,8.59,10.83,14.33,16.16,7.66,12.65,13.69,14.0,11.65,9.55,20.41,16.14
6.44,7.43,6.46,4.87,14.72,7.56,15.04,6.71,12.64,12.99,12.15,11.14,4.28,12.89,7.19,5.85,7.24,0.0,9.14,5.05,6.62,3.6,5.96,8.5,4.23,5.06,5.81,6.7,6.25,6.49,13.55,13.27,7.94,4.36,11.14,5.74,8.48,11.82,5.09,13.13,6.37,5.22,10.58,9.51,5.04,6.84,3.19,3.58,11.42,5.41,11.51,10.98,11.7,12.07,10.12,10.3,7.68,12.14,5.85,5.27,5.81,8.15,7.57,5.6,6.44,5.83,3.38,6.88,7.47,6.88,15.09,16.28,8.8,10.74,16.22,9.91,13.13,8.9,12.18,11.21,13.38,13.79,9.07,7.81,11.31,16.64,8.14,12.2,14.17,10.98,8.63,10.03,17.47,13.21
11.84,4.99,4.02,8.86,9.7,12.73,10.1,8.63,17.82,8.06,17.32,16.32,11.44,8.04,12.59,7.77,12.08,9.14,0.0,11.88,9.65,5.68,10.05,3.58,7.5,5.32,12.79,4.22,12.48,10.58,9.24,8.6,1.21,8.45,7.32,6.45,6.46,7.5,6.52,8.46,14.53,11.76,6.48,7.31,4.99,2.29,7.28,10.03,7.11,11.97,7.2,7.15,7.87,7.96,6.02,5.99,14.65,20.29,7.28,13.42,13.96,13.58,12.85,10.88,13.29,12.68,7.47,10.97,11.56,8.76,20.3,21.48,12.9,14.83,21.42,14.0,18.33,14.1,16.28,15.31,17.47,18.99,14.27,11.91,15.4,21.84,13.34,16.29,19.37,15.08,12.72,15.23,13.16,8.55
4.16,10.08,9.11,8.35,17.37,5.28,17.69,10.19,10.36,15.65,9.87,8.87,2.01,15.54,4.91,9.33,3.25,5.05,11.88,0.0,8.39,5.36,7.72,10.18,5.99,6.83,3.48,8.38,2.59,3.78,15.23,14.95,9.62,6.12,12.82,7.5,10.16,13.49,6.85,14.81,4.04,1.56,12.26,11.19,6.8,8.52,4.95,2.63,13.1,3.07,13.19,12.66,13.38,13.74,11.8,11.98,5.34,9.81,7.62,2.93,3.48,5.81,3.92,1.95,4.35,3.74,5.14,8.64,4.58,8.64,12.76,13.94,10.57,12.51,13.88,11.67,10.79,6.56,13.95,9.81,11.97,11.46,6.73,9.58,13.07,14.31,5.8,10.79,11.83,12.75,10.39,7.69,19.15,14.89
4.87,6.74,5.62,2.19,16.21,5.76,16.53,1.49,8.75,14.48,10.35,9.35,5.92,14.38,5.62,2.3,9.64,6.62,9.65,8.39,0.0,5.08,2.41,9.0,5.72,6.55,5.74,7.21,10.72,3.53,15.04,14.75,8.44,3.02,12.63,7.23,8.21,13.3,3.88,14.62,5.86,10.0,12.07,9.24,6.52,7.34,3.9,5.71,12.91,4.92,13.0,12.47,13.18,13.55,11.61,11.79,7.6,13.82,5.12,6.94,7.48,6.52,11.1,9.13,11.53,10.92,4.76,3.32,4.51,3.28,13.25,14.43,5.25,7.19,14.37,6.35,11.28,7.05,8.63,7.66,9.83,11.94,7.22,4.26,7.76,14.79,6.29,8.64,12.32,7.43,5.08,8.18,18.96,14.7
6.29,5.07,4.1,3.31,12.36,7.19,12.68,5.15,12.27,10.64,11.78,10.77,5.98,10.53,7.04,4.29,6.61,3.6,5.68,5.36,5.08,0.0,4.44,5.05,1.22,1.47,7.18,2.6,6.91,4.97,10.82,10.54,4.49,2.84,8.41,2.14,5.47,9.08,3.57,10.4,7.3,6.18,7.85,6.5,1.44,3.39,1.67,4.42,8.69,6.35,8.78,8.25,8.97,9.33,7.39,7.57,9.04,14.72,4.33,7.84,8.39,7.96,7.28,5.31,7.71,7.1,1.86,5.35,5.95,5.36,14.69,15.87,7.28,9.22,15.81,8.39,12.72,8.49,10.66,9.69,11.86,13.38,8.66,6.29,9.79,16.23,7.73,10.67,13.76,9.46,7.11,9.62,14.74,10.48
4.21,8.26,5.88,1.52,15.54,5.1,15.87,3.1,6.92,13.82,7.26,6.54,5.26,13.72,4.96,3.91,8.98,5.96,10.05,7.72,2.41,4.44,0.0,9.32,5.06,5.89,5.07,7.53,10.06,2.87,14.38,14.09,8.76,2.36,11.97,6.57,9.31,12.64,3.67,13.95,5.2,9.34,11.41,10.34,5.86,7.66,3.23,5.05,12.25,4.25,12.34,11.8,12.52,12.89,10.95,11.13,6.94,13.15,4.91,6.28,6.82,5.86,10.43,8.47,10.87,10.26,4.1,1.49,3.85,4.88,10.15,11.34,3.42,5.36,11.27,4.53,8.19,6.39,6.8,5.83,8.0,8.85,6.56,2.43,5.93,11.7,5.63,6.82,9.22,5.6,3.25,7.52,18.3,14.04
11.19,4.35,3.38,8.21,7.05,12.09,7.44,7.98,17.17,5.4,16.68,15.67,10.79,5.38,11.94,7.13,11.43,8.5,3.58,10.18,9.0,5.05,9.32,0.0,6.74,4.57,12.03,3.46,11.72,9.83,6.5,5.86,2.2,7.69,4.58,5.7,5.71,4.76,5.76,5.72,13.77,11.0,3.74,4.57,4.23,1.54,6.53,9.28,4.37,11.21,4.46,4.41,5.13,5.23,3.28,3.25,13.9,19.54,6.53,12.66,13.21,12.82,12.1,10.13,12.53,11.92,6.72,10.21,10.81,8.0,19.54,20.73,12.14,14.08,20.67,13.24,17.58,13.35,15.52,14.55,16.72,18.24,13.52,11.15,14.65,21.09,12.59,15.53,18.62,14.32,11.97,14.48,10.42,5.81
6.93,5.7,4.73,3.95,12.99,7.82,13.31,5.79,12.9,11.27,12.41,11.41,6.61,11.17,7.67,4.93,7.25,4.23,7.5,5.99,5.72,1.22,5.06,6.74,0.0,2.7,7.73,3.83,7.46,5.52,12.59,12.3,6.97,3.39,10.18,3.38,7.52,10.85,4.12,12.16,7.86,6.74,9.61,8.55,2.68,5.87,2.22,4.97,10.46,6.91,10.55,10.01,10.73,11.1,9.15,9.34,9.59,15.28,4.89,8.4,8.94,8.52,7.83,5.86,8.27,7.66,2.41,5.91,6.5,5.91,15.24,16.43,7.84,9.78,16.36,8.94,13.28,9.04,11.22,10.25,12.41,13.94,9.22,6.85,10.34,16.79,8.28,11.23,14.31,10.02,7.66,10.17,16.51,12.24
7.76,3.66,2.69,4.78,11.33,8.65,11.65,6.62,13.74,9.61,13.24,12.24,7.44,9.5,8.51,5.76,8.08,5.06,5.32,6.83,6.55,1.47,5.89,4.57,2.7,0.0,8.61,2.29,8.34,6.4,10.51,10.22,4.18,4.27,8.1,2.15,5.16,8.77,5.22,10.08,8.73,7.61,7.54,6.19,1.52,3.08,3.1,5.85,8.38,7.78,8.47,7.93,8.65,9.02,7.08,7.26,10.47,16.15,5.98,9.27,9.82,9.39,8.71,6.74,9.14,8.53,3.29,6.78,7.38,6.79,16.12,17.3,8.71,10.65,17.24,9.82,14.15,9.92,12.09,11.12,13.29,14.81,10.09,7.72,11.22,17.66,9.16,12.1,15.19,10.89,8.54,11.05,14.43,10.17
2.3,10.99,8.61,4.26,18.28,3.42,18.6,7.51,8.5,16.56,8.01,7.0,2.65,16.45,2.4,6.65,5.33,5.81,12.79,3.48,5.74,7.18,5.07,12.03,7.73,8.61,0.0,10.47,4.69,2.66,17.32,17.04,11.71,5.09,14.91,9.59,12.25,15.58,6.4,16.9,2.75,3.66,14.35,13.28,8.89,10.61,5.97,2.47,15.19,1.21,15.28,14.75,15.47,15.83,13.89,14.07,1.86,7.79,7.64,3.7,4.25,3.31,6.01,4.04,6.44,5.83,7.23,5.99,3.31,7.61,10.9,12.08,7.92,10.76,12.02,9.59,8.93,4.7,12.2,7.95,10.11,9.6,4.87,6.93,11.33,12.45,3.94,8.93,9.97,11.0,7.74,5.83,21.24,16.98
9.4,2.55,1.58,6.42,10.22,10.29,10.54,6.19,15.37,8.5,14.88,13.88,9.0,8.39,10.15,5.33,9.63,6.7,4.22,8.38,7.21,2.6,7.53,3.46,3.83,2.29,10.47,0.0,10.03,8.13,9.36,9.07,3.03,6.0,6.95,3.37,4.01,7.62,4.07,8.93,12.07,9.31,6.39,5.04,1.91,1.93,4.83,7.58,7.23,9.52,7.32,6.78,7.5,7.87,5.93,6.11,12.2,17.84,4.83,10.96,11.51,11.12,10.4,8.43,10.83,10.22,5.02,8.51,9.11,6.31,17.85,19.03,10.44,12.38,18.97,11.55,15.88,11.65,13.82,12.85,15.02,16.54,11.82,9.45,12.95,19.39,10.89,13.84,16.92,12.62,10.27,12.78,13.28,9.02
5.37,10.68,9.71,8.95,17.97,6.48,18.29,10.79,11.56,16.25,11.07,10.07,3.21,16.15,6.12,9.93,3.85,6.25,12.48,2.59,10.72,6.91,10.06,11.72,7.46,8.34,4.69,10.03,0.0,5.66,12.64,12.35,7.02,3.53,10.23,4.91,7.57,10.9,4.26,12.21,7.0,5.84,9.66,8.6,4.21,5.92,2.36,4.2,10.51,6.03,10.6,10.06,10.78,11.15,9.2,9.39,8.3,12.77,5.02,5.89,6.44,8.65,8.78,6.81,9.21,8.6,2.55,6.04,6.64,6.05,15.38,16.56,7.97,9.91,16.5,9.08,13.41,9.18,11.35,10.38,12.55,14.07,9.35,6.98,10.48,16.92,8.42,11.36,14.45,10.15,7.8,10.31,16.56,12.29
1.79,8.79,6.41,2.05,16.07,2.69,16.39,5.3,7.77,14.35,7.28,6.28,2.95,14.25,2.54,4.44,5.64,6.49,10.58,3.78,3.53,4.97,2.87,9.83,5.52,6.4,2.66,8.13,5.66,0.0,14.91,14.62,9.29,2.88,12.5,7.09,9.84,13.17,4.2,14.48,2.9,3.93,11.93,10.86,6.39,8.19,3.76,2.74,12.77,1.84,12.87,12.33,13.05,13.42,11.47,11.66,4.52,10.85,5.43,3.97,4.52,3.45,6.28,4.31,6.71,6.1,4.62,3.78,1.34,5.4,10.17,11.36,5.71,7.65,11.29,6.81,8.2,3.97,9.09,7.22,9.38,8.87,4.15,4.72,8.21,11.72,3.21,8.2,9.24,7.89,5.53,5.1,18.83,14.56
16.25,7.47,8.65,13.27,1.68,17.14,1.97,13.26,14.78,1.64,15.11,14.39,15.85,9.85,17.0,12.4,16.49,13.55,9.24,15.23,15.04,10.82,14.38,6.5,12.59,10.51,17.32,9.36,12.64,14.91,0.0,4.45,8.0,13.37,5.72,11.89,7.11,4.04,11.85,5.01,19.45,16.68,6.62,5.77,10.42,7.34,12.2,14.95,2.62,16.89,6.41,5.51,3.84,6.45,6.01,5.2,19.57,25.22,12.61,18.34,18.88,18.5,17.77,15.8,18.21,17.6,12.39,15.89,16.48,14.09,17.96,19.15,15.39,16.46,19.09,15.29,16.0,16.22,17.9,12.98,11.08,16.66,19.2,16.83,17.02,19.51,18.26,12.0,17.04,16.7,17.64,15.76,5.0,2.91
15.96,6.83,8.36,12.98,2.77,16.86,6.04,12.97,15.75,3.99,16.08,15.36,15.56,9.22,16.71,12.11,16.2,13.27,8.6,14.95,14.75,10.54,14.09,5.86,12.3,10.22,17.04,9.07,12.35,14.62,4.45,0.0,7.37,12.81,3.77,11.33,6.47,2.24,11.29,2.28,18.89,16.12,5.99,5.14,9.86,6.71,11.64,14.39,3.87,16.33,4.99,3.56,2.72,5.03,5.37,4.57,19.01,24.66,12.05,17.78,18.33,17.94,17.21,15.25,17.65,17.04,11.83,15.33,15.93,13.53,18.94,23.0,16.36,17.43,20.06,16.26,16.97,17.2,18.87,13.95,12.05,17.63,18.64,16.27,18.0,24.52,17.7,12.97,18.01,17.67,17.08,16.73,8.83,1.58
10.64,3.79,2.82,7.66,8.5,11.53,8.89,7.43,16.61,6.85,16.12,15.12,10.23,6.83,11.38,6.57,10.87,7.94,1.21,9.62,8.44,4.49,8.76,2.2,6.97,4.18,11.71,3.03,7.02,9.29,8.0,7.37,0.0,7.24,6.11,5.25,5.26,6.29,5.31,7.26,13.32,10.55,5.27,6.11,3.78,1.09,6.08,8.83,5.9,10.76,5.99,5.95,6.67,6.76,4.81,4.78,13.44,19.09,6.08,12.21,12.76,12.37,11.64,9.68,12.08,11.47,6.26,9.76,10.36,7.55,19.09,20.28,11.69,13.63,20.22,12.79,17.13,12.9,15.07,14.1,16.27,17.79,13.07,10.7,14.2,20.64,12.13,15.08,18.17,13.87,11.52,14.03,11.95,7.34
4.23,6.65,4.28,1.25,13.94,5.12,14.26,3.17,10.2,12.22,9.71,8.71,6.74,12.12,4.98,2.31,7.37,4.36,8.45,6.12,3.02,2.84,2.36,7.69,3.39,4.27,5.09,6.0,3.53,2.88,13.37,12.81,7.24,0.0,10.34,4.94,7.68,11.01,2.04,12.32,5.27,7.71,9.78,8.71,4.23,6.03,1.6,5.12,10.62,4.32,10.71,10.17,10.89,11.26,9.32,9.5,7.01,13.73,3.28,6.85,7.39,5.93,8.8,6.84,9.24,8.63,2.47,3.32,3.92,3.25,12.65,13.84,5.25,7.19,13.78,6.35,10.69,6.46,8.63,7.66,9.83,11.35,6.63,4.26,7.76,14.2,5.7,8.64,11.73,7.43,5.08,7.59,16.67,12.41
13.84,5.24,6.24,10.86,4.9,14.73,6.61,10.85,19.81,4.57,19.32,18.32,13.44,7.67,14.59,9.99,14.08,11.14,7.32,12.82,12.63,8.41,11.97,4.58,10.18,8.1,14.91,6.95,10.23,12.5,5.72,3.77,6.11,10.34,0.0,9.28,4.85,3.05,9.24,3.66,16.84,14.07,5.57,3.52,7.82,5.74,9.6,12.35,3.62,14.28,2.94,1.51,2.23,2.98,5.11,2.65,16.96,22.61,10.0,15.73,16.28,15.89,15.16,13.2,15.6,14.99,9.78,13.28,13.88,11.48,22.61,23.8,15.21,17.15,23.74,16.31,20.65,16.42,18.59,17.62,19.26,21.31,16.59,14.22,17.71,24.16,15.65,18.6,21.69,17.39,15.04,17.55,9.67,3.74
8.44,4.79,3.82,5.46,12.46,9.33,12.78,7.3,14.41,10.74,13.92,12.92,8.12,10.63,9.19,6.44,8.76,5.74,6.45,7.5,7.23,2.14,6.57,5.7,3.38,2.15,9.59,3.37,4.91,7.09,11.89,11.33,5.25,4.94,9.28,0.0,6.25,9.86,5.71,11.18,9.45,8.33,8.63,7.28,2.22,4.17,3.82,6.57,9.47,8.5,9.56,9.03,9.74,10.11,8.17,8.35,11.18,16.87,6.48,9.99,10.54,10.11,9.42,7.46,9.86,9.25,4.0,7.5,8.1,7.5,16.83,18.02,9.43,11.37,17.96,10.53,14.87,10.64,12.81,11.84,14.0,15.53,10.81,8.44,11.93,18.38,9.87,12.82,15.91,11.61,9.26,11.77,15.52,11.26
11.18,1.52,2.59,8.2,7.6,12.07,8.0,7.19,17.15,5.96,16.66,15.66,10.78,10.54,11.93,6.34,11.42,8.48,6.46,10.16,8.21,5.47,9.31,5.71,7.52,5.16,12.25,4.01,7.57,9.84,7.11,6.47,5.26,7.68,4.85,6.25,0.0,5.36,5.08,6.33,14.2,11.43,5.94,2.18,4.8,4.16,5.35,9.71,3.83,11.64,5.73,4.66,5.32,5.77,5.33,4.52,14.32,19.97,5.85,13.09,13.64,13.25,12.53,10.56,12.96,12.35,7.15,10.64,11.24,7.32,19.97,21.16,12.57,14.51,21.1,13.67,18.01,13.78,15.95,14.98,17.15,18.67,13.95,11.58,15.08,21.52,13.02,15.96,19.05,14.75,12.4,14.91,11.02,6.41
14.51,5.73,6.91,11.53,3.37,15.4,4.93,11.52,20.49,2.89,20.0,18.99,14.11,8.11,15.26,10.66,14.75,11.82,7.5,13.49,13.3,9.08,12.64,4.76,10.85,8.77,15.58,7.62,10.9,13.17,4.04,2.24,6.29,11.01,3.05,9.86,5.36,0.0,10.11,2.1,17.71,14.94,4.88,4.04,8.69,5.6,10.47,13.22,2.77,15.15,4.24,2.81,1.62,4.28,4.27,3.46,17.83,23.48,10.87,16.6,17.15,16.76,16.03,14.07,16.47,15.86,10.65,14.15,14.75,12.35,23.48,25.25,16.08,18.02,24.61,17.18,21.52,17.29,19.46,15.94,14.04,22.18,17.46,15.09,18.58,25.03,16.52,14.96,22.56,18.26,15.91,18.42,7.96,2.18
5.54,3.61,2.49,2.56,12.42,6.43,12.74,2.86,11.51,10.7,11.02,10.02,7.47,10.59,6.29,2.01,8.11,5.09,6.52,6.85,3.88,3.57,3.67,5.76,4.12,5.22,6.4,4.07,4.26,4.2,11.85,11.29,5.31,2.04,9.24,5.71,5.08,10.11,0.0,10.72,6.55,8.38,8.17,6.11,4.85,4.21,2.61,5.83,9.01,5.61,9.1,8.57,9.29,9.66,7.71,7.9,8.29,14.4,1.99,7.52,8.06,7.21,9.48,7.51,9.91,9.3,3.14,4.6,5.2,2.99,13.94,15.12,6.53,8.47,15.06,7.64,11.97,7.74,9.91,8.94,11.11,12.63,7.91,5.54,9.04,15.48,6.98,9.92,13.01,8.71,6.36,8.87,15.06,10.8
15.82,6.69,8.22,12.84,3.4,16.72,5.9,12.83,18.02,3.86,21.31,20.3,15.42,9.08,16.57,11.97,16.06,13.13,8.46,14.81,14.62,10.4,13.95,5.72,12.16,10.08,16.9,8.93,12.21,14.48,5.01,2.28,7.26,12.32,3.66,11.18,6.33,2.1,10.72,0.0,18.75,15.98,5.85,5.0,9.73,6.57,11.51,14.25,3.74,16.19,4.85,3.42,2.58,4.89,5.23,4.43,18.87,24.52,11.91,17.64,18.19,17.8,17.07,15.11,17.51,16.9,11.69,15.19,15.79,13.39,20.61,24.68,17.12,19.06,21.74,18.22,18.65,18.33,20.5,15.63,13.73,19.31,18.5,16.13,19.62,26.2,17.56,14.65,19.69,19.3,16.94,19.46,8.93,2.22
3.43,12.73,8.74,4.39,20.02,4.55,20.34,7.63,9.63,18.3,9.14,8.13,3.21,18.19,4.18,6.77,5.89,6.37,14.53,4.04,5.86,7.3,5.2,13.77,7.86,8.73,2.75,12.07,7.0,2.9,19.45,18.89,13.32,5.27,16.84,9.45,14.2,17.71,6.55,18.75,0.0,4.18,14.87,13.81,9.42,11.13,6.1,3.0,15.71,2.37,15.81,15.27,15.99,16.36,14.41,14.6,4.64,11.1,7.77,4.23,4.77,5.11,6.53,4.56,6.97,6.36,7.76,6.11,3.7,7.74,12.06,13.25,8.04,9.98,13.18,10.75,10.1,5.86,11.42,9.11,11.27,10.76,6.04,7.05,10.55,13.61,5.1,10.09,11.13,10.22,7.87,6.99,21.77,17.5
4.34,9.96,8.99,8.23,17.25,5.45,17.57,10.07,10.53,15.53,10.04,9.04,2.18,15.42,5.09,9.21,3.13,5.22,11.76,1.56,10.0,6.18,9.34,11.0,6.74,7.61,3.66,9.31,5.84,3.93,16.68,16.12,10.55,7.71,14.07,8.33,11.43,14.94,8.38,15.98,4.18,0.0,12.13,11.07,6.68,8.39,4.83,2.81,12.98,3.25,13.07,12.53,13.25,13.62,11.67,11.86,5.52,9.99,7.49,3.11,3.66,6.0,3.79,1.82,4.23,3.62,5.02,8.51,4.77,8.52,12.94,14.13,10.44,12.38,14.06,11.55,10.98,6.74,13.82,9.99,12.15,11.64,6.92,9.45,12.95,14.49,5.98,10.97,12.01,12.62,10.27,7.88,19.03,14.76
13.28,6.65,5.68,10.3,7.12,14.17,7.52,10.28,19.25,5.47,18.76,17.76,12.88,3.37,14.03,9.42,13.51,10.58,6.48,12.26,12.07,7.85,11.41,3.74,9.61,7.54,14.35,6.39,9.66,11.93,6.62,5.99,5.27,9.78,5.57,8.63,5.94,4.88,8.17,5.85,14.87,12.13,0.0,4.7,7.65,4.66,9.43,12.18,4.49,14.12,2.83,2.98,4.82,1.63,1.43,2.24,16.8,22.44,9.84,15.57,16.11,15.72,15.0,13.03,15.44,14.83,9.62,13.12,13.71,11.31,22.45,23.63,15.05,16.98,23.57,16.15,20.48,16.25,18.42,17.45,19.62,21.14,16.42,14.06,17.55,23.99,15.49,18.44,21.52,17.22,14.87,17.38,10.54,5.93
12.21,2.55,3.62,9.23,6.27,13.1,6.67,8.22,18.18,4.62,17.69,16.69,11.81,7.93,12.96,7.36,12.44,9.51,7.31,11.19,9.24,6.5,10.34,4.57,8.55,6.19,13.28,5.04,8.6,10.86,5.77,5.14,6.11,8.71,3.52,7.28,2.18,4.04,6.11,5.0,13.81,11.07,4.7,0.0,5.82,5.33,6.38,10.74,3.64,12.67,4.4,3.33,3.99,4.44,3.99,3.19,15.35,21.0,6.88,14.12,14.67,14.28,13.55,11.59,13.99,13.38,8.17,11.67,12.27,8.35,21.0,22.19,13.6,15.54,22.13,14.7,19.04,14.81,16.98,16.01,15.77,19.7,14.98,12.61,16.1,22.55,14.04,16.99,20.08,15.78,13.43,15.94,9.69,5.08
7.73,3.33,2.36,4.75,10.99,8.63,11.32,6.59,13.71,9.27,13.22,12.21,7.42,9.17,8.48,5.74,8.06,5.04,4.99,6.8,6.52,1.44,5.86,4.23,2.68,1.52,8.89,1.91,4.21,6.39,10.42,9.86,3.78,4.23,7.82,2.22,4.8,8.69,4.85,9.73,9.42,6.68,7.65,5.82,0.0,2.7,3.11,5.86,8.0,7.8,8.09,7.56,8.28,8.64,6.7,6.88,10.48,16.17,5.6,9.29,9.83,9.41,8.72,6.75,9.16,8.55,3.3,6.8,7.39,6.8,16.13,17.32,8.73,10.67,17.25,9.83,14.16,9.93,12.11,11.14,13.3,14.83,10.11,7.74,11.23,17.68,9.17,12.12,15.2,10.91,8.55,11.06,14.05,9.79
9.53,2.69,1.72,6.55,7.84,10.43,8.23,6.32,15.51,6.19,15.02,14.01,9.13,6.17,10.28,5.47,9.77,6.84,2.29,8.52,7.34,3.39,7.66,1.54,5.87,3.08,10.61,1.93,5.92,8.19,7.34,6.71,1.09,6.03,5.74,4.17,4.16,5.6,4.21,6.57,11.13,8.39,4.66,5.33,2.7,0.0,4.99,7.74,5.19,9.68,5.28,5.24,5.95,6.05,4.1,4.07,12.36,18.0,4.99,11.13,11.67,11.29,10.56,8.59,11.0,10.39,5.18,8.68,9.27,6.47,18.01,19.19,10.61,12.54,19.13,11.71,16.04,11.81,13.98,13.02,15.18,16.7,11.98,9.62,13.11,19.55,11.05,14.0,17.08,12.78,10.43,12.94,11.24,6.63
5.11,3.89,2.77,2.13,12.77,6.0,13.1,3.97,11.08,11.05,10.59,9.59,5.57,10.95,5.85,3.11,6.21,3.19,7.28,4.95,3.9,1.67,3.23,6.53,2.22,3.1,5.97,4.83,2.36,3.76,12.2,11.64,6.08,1.6,9.6,3.82,5.35,10.47,2.61,11.51,6.1,4.83,9.43,6.38,3.11,4.99,0.0,4.01,9.46,5.14,9.55,9.02,9.74,10.11,8.16,8.35,7.82,12.57,3.32,5.69,6.24,6.74,7.65,5.68,8.09,7.48,1.31,4.13,4.73,4.14,13.47,14.65,6.06,8.0,14.59,7.17,11.5,7.27,9.44,8.47,10.64,12.16,7.44,5.07,8.57,15.01,6.51,9.46,12.54,8.24,5.89,8.4,15.51,11.25
3.15,8.24,7.27,4.23,15.52,4.27,15.85,7.48,9.35,13.8,8.86,7.86,1.8,13.7,3.9,6.62,4.48,3.58,10.03,2.63,5.71,4.42,5.05,9.28,4.97,5.85,2.47,7.58,4.2,2.74,14.95,14.39,8.83,5.12,12.35,6.57,9.71,13.22,5.83,14.25,3.0,2.81,12.18,10.74,5.86,7.74,4.01,0.0,12.22,2.11,12.31,11.78,12.5,12.87,10.92,11.1,4.38,9.69,6.65,2.81,3.35,4.85,5.11,3.15,5.55,4.94,4.18,6.04,3.62,7.68,11.8,12.98,7.97,11.66,12.92,10.49,9.83,5.6,13.1,8.84,11.01,10.49,5.77,6.98,12.22,13.34,4.84,9.83,10.87,11.9,7.8,6.73,18.27,14.01
14.12,4.2,6.52,11.14,4.3,15.01,3.51,11.13,16.32,1.47,19.6,18.6,13.72,7.72,14.87,10.27,14.35,11.42,7.11,13.1,12.91,8.69,12.25,4.37,10.46,8.38,15.19,7.23,10.51,12.77,2.62,3.87,5.9,10.62,3.62,9.47,3.83,2.77,9.01,3.74,15.71,12.98,4.49,3.64,8.0,5.19,9.46,12.22,0.0,14.75,4.27,3.37,2.56,4.31,3.87,3.06,17.43,23.08,8.26,16.2,16.74,16.36,15.63,13.66,16.07,15.46,10.25,13.75,14.34,9.73,19.51,20.69,15.68,17.62,20.63,16.78,17.54,16.88,19.06,14.52,12.62,18.21,17.05,14.69,18.18,21.06,16.12,13.54,18.58,17.86,15.5,18.01,6.54,3.82
1.48,10.17,7.79,3.44,17.46,2.6,17.78,6.69,7.68,15.74,7.19,6.18,2.24,15.63,2.23,5.83,4.93,5.41,11.97,3.07,4.92,6.35,4.25,11.21,6.91,7.78,1.21,9.52,6.03,1.84,16.89,16.33,10.76,4.32,14.28,8.5,11.64,15.15,5.61,16.19,2.37,3.25,14.12,12.67,7.8,9.68,5.14,2.11,14.75,0.0,14.87,14.34,15.06,15.43,13.48,13.67,3.07,10.17,6.82,3.29,3.84,3.13,5.6,3.63,6.04,5.43,6.01,5.17,2.49,6.79,10.08,11.26,7.1,9.94,11.2,8.77,8.11,3.88,11.38,7.13,9.29,8.78,4.05,6.11,10.51,11.63,3.12,8.11,9.15,10.18,6.92,5.01,20.83,16.57
14.21,6.1,6.61,11.23,6.12,15.1,7.3,11.22,20.18,5.26,19.69,18.69,13.81,5.56,14.96,10.36,14.44,11.51,7.2,13.19,13.0,8.78,12.34,4.46,10.55,8.47,15.28,7.32,10.6,12.87,6.41,4.99,5.99,10.71,2.94,9.56,5.73,4.24,9.1,4.85,15.81,13.07,2.83,4.4,8.09,5.28,9.55,12.31,4.27,14.87,0.0,1.66,3.5,1.34,2.75,1.55,17.74,23.38,10.78,16.5,17.05,16.66,15.94,13.97,16.37,15.76,10.56,14.05,14.65,12.25,23.38,24.57,15.98,17.92,24.51,17.08,21.42,17.19,19.36,18.39,19.52,22.08,17.36,14.99,18.49,24.93,16.43,19.37,22.46,18.16,15.81,18.32,10.33,5.02
13.67,5.03,6.07,10.69,4.69,14.57,6.4,10.68,19.65,4.36,19.16,18.15,13.27,5.72,14.42,9.82,13.91,10.98,7.15,12.66,12.47,8.25,11.8,4.41,10.01,7.93,14.75,6.78,10.06,12.33,5.51,3.56,5.95,10.17,1.51,9.03,4.66,2.81,8.57,3.42,15.27,12.53,2.98,3.33,7.56,5.24,9.02,11.78,3.37,14.34,1.66,0.0,2.0,1.64,2.95,1.43,16.24,21.88,9.28,15.0,15.55,15.16,14.44,12.47,14.88,14.27,9.06,12.55,13.15,10.75,21.89,23.07,14.48,16.42,23.01,15.59,19.92,15.69,17.86,16.89,19.19,20.58,15.86,13.49,16.99,23.43,14.93,17.88,20.96,16.66,14.31,16.82,9.45,3.52
14.39,5.69,6.79,11.41,3.85,15.29,4.73,11.4,20.37,2.69,19.88,18.87,13.99,8.22,15.14,10.54,14.63,11.7,7.87,13.38,13.18,8.97,12.52,5.13,10.73,8.65,15.47,7.5,10.78,13.05,3.84,2.72,6.67,10.89,2.23,9.74,5.32,1.62,9.29,2.58,15.99,13.25,4.82,3.99,8.28,5.95,9.74,12.5,2.56,15.06,3.5,2.0,0.0,3.46,5.59,3.13,17.44,23.09,10.48,16.21,16.76,16.37,15.64,13.68,16.08,15.47,10.26,13.76,14.36,11.96,23.09,24.28,15.69,17.63,24.21,16.79,21.13,16.9,19.07,18.1,13.84,21.79,17.07,14.7,18.19,24.64,16.13,14.76,22.16,17.87,15.51,18.02,7.76,2.66
14.76,8.13,7.16,11.78,6.16,15.65,7.35,11.77,20.74,5.3,20.25,19.24,14.36,4.37,15.51,10.91,15.0,12.07,7.96,13.74,13.55,9.33,12.89,5.23,11.1,9.02,15.83,7.87,11.15,13.42,6.45,5.03,6.76,11.26,2.98,10.11,5.77,4.28,9.66,4.89,16.36,13.62,1.63,4.44,8.64,6.05,10.11,12.87,4.31,15.43,1.34,1.64,3.46,0.0,2.18,1.59,17.7,23.35,10.74,16.47,17.02,16.63,15.9,13.94,16.34,15.73,10.52,14.02,14.62,12.22,23.35,24.54,15.95,17.89,24.47,17.05,21.39,17.16,19.33,18.36,20.72,22.05,17.33,14.96,18.45,24.9,16.39,19.34,22.42,18.13,15.77,18.29,10.37,5.05
12.82,6.19,5.22,9.84,6.5,13.71,6.9,9.82,18.79,4.86,18.3,17.3,12.42,4.56,13.57,8.97,13.05,10.12,6.02,11.8,11.61,7.39,10.95,3.28,9.15,7.08,13.89,5.93,9.2,11.47,6.01,5.37,4.81,9.32,5.11,8.17,5.33,4.27,7.71,5.23,14.41,11.67,1.43,3.99,6.7,4.1,8.16,10.92,3.87,13.48,2.75,2.95,5.59,2.18,0.0,1.56,16.07,21.72,9.11,14.84,15.38,15.0,14.27,12.3,14.71,14.1,8.89,12.39,12.98,10.58,21.72,22.9,14.32,16.26,22.84,15.42,19.75,15.52,17.7,16.73,18.89,20.42,15.69,13.33,16.82,23.27,14.76,17.71,20.79,16.5,14.14,16.65,9.86,5.25
13.0,4.89,5.4,10.02,5.7,13.89,6.1,10.01,18.98,4.05,18.48,17.48,12.6,5.11,13.75,9.15,13.24,10.3,5.99,11.98,11.79,7.57,11.13,3.25,9.34,7.26,14.07,6.11,9.39,11.66,5.2,4.57,4.78,9.5,2.65,8.35,4.52,3.46,7.9,4.43,14.6,11.86,2.24,3.19,6.88,4.07,8.35,11.1,3.06,13.67,1.55,1.43,3.13,1.59,1.56,0.0,16.26,21.9,9.3,15.02,15.57,15.18,14.46,12.49,14.89,14.28,9.08,12.57,13.17,10.77,21.9,23.09,14.5,16.44,23.03,15.6,19.94,15.71,17.88,16.91,15.21,20.6,15.88,13.51,17.01,23.45,14.95,17.89,20.98,16.68,14.33,16.84,9.13,4.52
4.16,12.86,10.48,6.12,20.14,5.28,20.46,9.37,10.36,18.42,9.87,8.87,4.51,18.32,4.26,8.51,7.2,7.68,14.65,5.34,7.6,9.04,6.94,13.9,9.59,10.47,1.86,12.2,8.3,4.52,19.57,19.01,13.44,7.01,16.96,11.18,14.32,17.83,8.29,18.87,4.64,5.52,16.8,15.35,10.48,12.36,7.82,4.38,17.43,3.07,17.74,16.24,17.44,17.7,16.07,16.26,0.0,6.81,9.5,5.56,6.11,5.17,7.87,5.9,8.31,7.7,9.09,7.85,5.17,9.47,12.76,13.95,9.78,12.62,13.88,11.45,10.8,6.56,14.06,9.81,11.97,11.46,6.74,8.79,13.19,14.31,5.8,10.79,11.83,12.86,9.6,7.69,23.1,18.84
11.26,18.5,17.53,12.34,25.79,12.38,26.11,16.09,17.46,24.06,16.97,15.96,7.87,23.96,12.01,15.23,11.66,12.14,20.29,9.81,13.82,14.72,13.15,19.54,15.28,16.15,7.79,17.84,12.77,10.85,25.22,24.66,19.09,13.73,22.61,16.87,19.97,23.48,14.4,24.52,11.1,9.99,22.44,21.0,16.17,18.0,12.57,9.69,23.08,10.17,23.38,21.88,23.09,23.35,21.72,21.9,6.81,0.0,16.1,6.88,8.28,12.85,12.4,10.44,12.84,12.23,13.63,14.04,11.62,17.13,16.59,16.39,15.97,19.66,20.92,18.49,17.83,13.6,21.1,16.85,19.01,18.49,13.77,14.98,20.22,16.09,12.84,17.83,18.87,19.9,15.8,14.73,27.64,23.38
6.78,4.38,3.26,3.8,13.18,7.67,13.5,4.1,12.75,11.46,12.26,11.26,8.23,11.36,7.53,3.24,8.87,5.85,7.28,7.62,5.12,4.33,4.91,6.53,4.89,5.98,7.64,4.83,5.02,5.43,12.61,12.05,6.08,3.28,10.0,6.48,5.85,10.87,1.99,11.91,7.77,7.49,9.84,6.88,5.6,4.99,3.32,6.65,8.26,6.82,10.78,9.28,10.48,10.74,9.11,9.3,9.5,16.1,0.0,8.28,8.83,8.45,10.24,8.27,10.68,10.07,3.9,5.84,6.44,4.23,15.17,16.36,7.77,9.71,16.3,8.87,13.21,8.98,11.15,10.18,12.35,13.87,9.15,6.78,10.28,16.72,8.22,11.16,14.25,9.95,7.6,10.11,15.83,11.57
4.38,11.62,10.65,5.46,18.91,5.5,19.23,9.21,10.58,17.19,10.09,9.09,0.99,17.08,5.13,8.35,4.79,5.27,13.42,2.93,6.94,7.84,6.28,12.66,8.4,9.27,3.7,10.96,5.89,3.97,18.34,17.78,12.21,6.85,15.73,9.99,13.09,16.6,7.52,17.64,4.23,3.11,15.57,14.12,9.29,11.13,5.69,2.81,16.2,3.29,16.5,15.0,16.21,16.47,14.84,15.02,5.56,6.88,8.28,0.0,1.4,5.97,5.52,3.56,5.96,5.35,6.75,7.16,4.74,10.25,12.92,14.1,9.09,12.78,14.04,11.61,10.95,6.72,14.22,9.97,12.13,11.61,6.89,8.1,13.34,14.46,5.96,10.95,11.99,13.02,8.92,7.85,20.76,16.5
4.93,12.17,11.2,6.01,19.45,6.04,19.78,9.76,11.13,17.73,10.63,9.63,1.54,17.63,5.68,8.9,5.33,5.81,13.96,3.48,7.48,8.39,6.82,13.21,8.94,9.82,4.25,11.51,6.44,4.52,18.88,18.33,12.76,7.39,16.28,10.54,13.64,17.15,8.06,18.19,4.77,3.66,16.11,14.67,9.83,11.67,6.24,3.35,16.74,3.84,17.05,15.55,16.76,17.02,15.38,15.57,6.11,8.28,8.83,1.4,0.0,6.52,6.07,4.1,6.51,5.9,7.29,7.71,5.29,10.79,13.46,14.65,9.64,13.32,14.59,12.15,11.5,7.27,14.77,10.51,12.68,12.16,7.44,8.65,13.89,15.01,6.5,11.49,12.54,13.56,9.46,8.4,21.31,17.04
2.56,11.78,9.4,5.05,19.07,4.2,19.39,8.29,9.29,17.35,8.8,7.79,4.98,17.24,1.91,7.43,7.67,8.15,13.58,5.81,6.52,7.96,5.86,12.82,8.52,9.39,3.31,11.12,8.65,3.45,18.5,17.94,12.37,5.93,15.89,10.11,13.25,16.76,7.21,17.8,5.11,6.0,15.72,14.28,9.41,11.29,6.74,4.85,16.36,3.13,16.66,15.16,16.37,16.63,15.0,15.18,5.17,12.85,8.45,5.97,6.52,0.0,8.34,6.37,8.78,8.17,7.62,6.78,4.1,8.4,11.69,12.87,8.71,11.55,12.81,10.38,9.72,5.49,12.99,8.74,10.9,10.38,5.66,7.72,12.11,13.23,4.73,9.72,10.76,11.79,8.53,6.62,21.82,17.56
6.69,11.06,10.09,9.32,18.34,7.8,18.66,11.17,12.89,16.62,12.4,11.39,4.53,16.52,7.44,10.31,4.14,7.57,12.85,3.92,11.1,7.28,10.43,12.1,7.83,8.71,6.01,10.4,8.78,6.28,17.77,17.21,11.64,8.8,15.16,9.42,12.53,16.03,9.48,17.07,6.53,3.79,15.0,13.55,8.72,10.56,7.65,5.11,15.63,5.6,15.94,14.44,15.64,15.9,14.27,14.46,7.87,12.4,10.24,5.52,6.07,8.34,0.0,1.97,5.33,4.72,7.07,10.56,7.11,10.57,15.29,16.47,12.49,14.43,16.41,13.6,13.32,9.09,15.87,12.34,14.5,13.98,9.26,11.5,15.0,16.83,8.33,13.32,14.36,14.67,12.32,10.22,21.08,16.82
4.72,9.09,8.12,7.36,16.38,5.84,16.7,9.2,10.92,14.65,10.43,9.42,2.57,14.55,5.47,8.34,2.17,5.6,10.88,1.95,9.13,5.31,8.47,10.13,5.86,6.74,4.04,8.43,6.81,4.31,15.8,15.25,9.68,6.84,13.2,7.46,10.56,14.07,7.51,15.11,4.56,1.82,13.03,11.59,6.75,8.59,5.68,3.15,13.66,3.63,13.97,12.47,13.68,13.94,12.3,12.49,5.9,10.44,8.27,3.56,4.1,6.37,1.97,0.0,3.36,2.75,5.1,8.6,5.15,8.6,13.32,14.5,10.53,12.46,14.44,11.63,11.35,7.12,13.91,10.37,12.53,12.02,7.29,9.54,13.03,14.87,6.36,11.35,12.39,12.71,10.35,8.25,19.11,14.85
7.13,11.49,10.52,9.76,18.78,8.24,19.1,11.6,13.32,17.06,12.83,11.83,4.97,16.95,7.88,10.74,1.76,6.44,13.29,4.35,11.53,7.71,10.87,12.53,8.27,9.14,6.44,10.83,9.21,6.71,18.21,17.65,12.08,9.24,15.6,9.86,12.96,16.47,9.91,17.51,6.97,4.23,15.44,13.99,9.16,11.0,8.09,5.55,16.07,6.04,16.37,14.88,16.08,16.34,14.71,14.89,8.31,12.84,10.68,5.96,6.51,8.78,5.33,3.36,0.0,0.61,7.54,11.04,7.59,11.04,15.76,16.95,12.97,14.91,16.89,14.07,13.8,9.57,16.35,12.81,14.98,14.46,9.74,11.98,15.47,17.31,8.8,13.79,14.84,15.15,12.8,10.7,21.55,17.29
6.52,10.88,9.91,9.15,18.17,7.63,18.49,10.99,12.71,16.45,12.22,11.22,4.36,16.34,7.26,10.13,1.15,5.83,12.68,3.74,10.92,7.1,10.26,11.92,7.66,8.53,5.83,10.22,8.6,6.1,17.6,17.04,11.47,8.63,14.99,9.25,12.35,15.86,9.3,16.9,6.36,3.62,14.83,13.38,8.55,10.39,7.48,4.94,15.46,5.43,15.76,14.27,15.47,15.73,14.1,14.28,7.7,12.23,10.07,5.35,5.9,8.17,4.72,2.75,0.61,0.0,6.93,10.43,6.98,10.43,15.15,16.34,12.36,14.3,16.28,13.46,13.19,8.96,15.74,12.2,14.37,13.85,9.13,11.37,14.86,16.7,8.19,13.18,14.23,14.54,12.19,10.09,20.94,16.68
5.97,5.68,3.3,2.99,12.96,6.86,13.28,4.83,11.94,11.24,11.45,10.45,5.76,11.14,6.72,3.97,6.4,3.38,7.47,5.14,4.76,1.86,4.1,6.72,2.41,3.29,7.23,5.02,2.55,4.62,12.39,11.83,6.26,2.47,9.78,4.0,7.15,10.65,3.14,11.69,7.76,5.02,9.62,8.17,3.3,5.18,1.31,4.18,10.25,6.01,10.56,9.06,10.26,10.52,8.89,9.08,9.09,13.63,3.9,6.75,7.29,7.62,7.07,5.1,7.54,6.93,0.0,4.95,5.55,4.95,14.28,15.47,6.88,8.82,15.41,7.98,12.32,8.09,10.26,9.29,11.45,12.98,8.26,5.89,9.38,15.83,7.32,10.27,13.36,9.06,6.7,9.22,15.77,11.51
5.12,9.17,6.79,2.44,16.46,6.02,16.78,4.02,6.36,14.74,6.7,5.98,6.17,14.63,5.87,4.82,9.89,6.88,10.97,8.64,3.32,5.35,1.49,10.21,5.91,6.78,5.99,8.51,6.04,3.78,15.89,15.33,9.76,3.32,13.28,7.5,10.64,14.15,4.6,15.19,6.11,8.51,13.12,11.67,6.8,8.68,4.13,6.04,13.75,5.17,14.05,12.55,13.76,14.02,12.39,12.57,7.85,14.04,5.84,7.16,7.71,6.78,10.56,8.6,11.04,10.43,4.95,0.0,4.76,5.79,9.59,10.78,2.86,4.8,10.71,3.97,7.62,7.3,6.24,5.27,7.44,8.29,7.47,1.87,5.37,11.14,6.54,6.25,8.66,5.04,2.69,8.43,19.21,14.95
2.45,9.77,7.39,3.03,17.06,3.34,17.38,6.28,8.42,15.33,7.93,6.93,3.75,15.23,3.2,5.42,6.44,7.47,11.56,4.58,4.51,5.95,3.85,10.81,6.5,7.38,3.31,9.11,6.64,1.34,16.48,15.93,10.36,3.92,13.88,8.1,11.24,14.75,5.2,15.79,3.7,4.77,13.71,12.27,7.39,9.27,4.73,3.62,14.34,2.49,14.65,13.15,14.36,14.62,12.98,13.17,5.17,11.62,6.44,4.74,5.29,4.1,7.11,5.15,7.59,6.98,5.55,4.76,0.0,6.39,10.82,12.01,6.69,8.63,11.94,7.79,8.86,4.63,10.07,7.87,10.04,9.52,4.8,5.7,9.2,12.37,3.86,8.85,9.89,8.87,6.52,5.76,19.81,15.55
6.75,5.85,4.73,3.77,14.66,7.64,14.98,2.27,12.72,12.93,12.23,11.23,9.26,12.83,7.5,0.99,9.89,6.88,8.76,8.64,3.28,5.36,4.88,8.0,5.91,6.79,7.61,6.31,6.05,5.4,14.09,13.53,7.55,3.25,11.48,7.5,7.32,12.35,2.99,13.39,7.74,8.52,11.31,8.35,6.8,6.47,4.14,7.68,9.73,6.79,12.25,10.75,11.96,12.22,10.58,10.77,9.47,17.13,4.23,10.25,10.79,8.4,10.57,8.6,11.04,10.43,4.95,5.79,6.39,0.0,15.14,16.33,7.74,9.68,16.27,8.84,13.18,8.95,11.12,10.15,12.31,13.84,9.12,6.75,10.24,16.69,8.18,11.13,14.22,9.92,7.56,10.08,17.3,13.04
10.03,18.5,16.12,11.77,16.92,7.82,17.17,15.02,4.34,18.53,3.44,4.32,11.93,23.96,10.78,14.16,14.62,15.09,20.3,12.76,13.25,14.69,10.15,19.54,15.24,16.12,10.9,17.85,15.38,10.17,17.96,18.94,19.09,12.65,22.61,16.83,19.97,23.48,13.94,20.61,12.06,12.94,22.45,21.0,16.13,18.01,13.47,11.8,19.51,10.08,23.38,21.89,23.09,23.35,21.72,21.9,12.76,16.59,15.17,12.92,13.46,11.69,15.29,13.32,15.76,15.15,14.28,9.59,10.82,15.14,0.0,1.17,6.73,7.8,7.87,6.63,3.53,6.2,9.24,4.99,7.15,5.44,8.05,8.81,8.36,1.79,8.74,5.97,5.82,8.04,8.52,5.73,18.14,18.17
11.22,19.69,17.31,12.96,18.1,9.0,18.35,16.2,5.53,19.72,4.62,5.51,13.11,25.15,11.97,15.34,15.8,16.28,21.48,13.94,14.43,15.87,11.34,20.73,16.43,17.3,12.08,19.03,16.56,11.36,19.15,23.0,20.28,13.84,23.8,18.02,21.16,25.25,15.12,24.68,13.25,14.13,23.63,22.19,17.32,19.19,14.65,12.98,20.69,11.26,24.57,23.07,24.28,24.54,22.9,23.09,13.95,16.39,16.36,14.1,14.65,12.87,16.47,14.5,16.95,16.34,15.47,10.78,12.01,16.33,1.17,0.0,7.91,8.98,9.05,7.81,4.71,7.38,10.42,6.17,8.33,6.62,9.24,9.99,9.55,1.59,9.93,7.15,7.0,9.22,9.7,6.92,19.33,19.36
7.05,11.1,8.72,4.37,14.34,6.61,14.59,5.95,3.5,16.67,3.84,3.11,8.1,16.56,7.8,6.75,11.82,8.8,12.9,10.57,5.25,7.28,3.42,12.14,7.84,8.71,7.92,10.44,7.97,5.71,15.39,16.36,11.69,5.25,15.21,9.43,12.57,16.08,6.53,17.12,8.04,10.44,15.05,13.6,8.73,10.61,6.06,7.97,15.68,7.1,15.98,14.48,15.69,15.95,14.32,14.5,9.78,15.97,7.77,9.09,9.64,8.71,12.49,10.53,12.97,12.36,6.88,2.86,6.69,7.74,6.73,7.91,0.0,1.94,7.85,1.1,4.76,4.99,3.38,2.41,4.57,5.42,6.84,2.08,2.5,8.27,7.53,3.39,5.8,2.18,1.79,4.52,15.57,16.88
9.9,13.04,10.66,6.31,15.41,7.68,15.66,7.88,4.57,17.03,4.9,4.18,11.79,18.5,10.64,8.69,13.76,10.74,14.83,12.51,7.19,9.22,5.36,14.08,9.78,10.65,10.76,12.38,9.91,7.65,16.46,17.43,13.63,7.19,17.15,11.37,14.51,18.02,8.47,19.06,9.98,12.38,16.98,15.54,10.67,12.54,8.0,11.66,17.62,9.94,17.92,16.42,17.63,17.89,16.26,16.44,12.62,19.66,9.71,12.78,13.32,11.55,14.43,12.46,14.91,14.3,8.82,4.8,8.63,9.68,7.8,8.98,1.94,0.0,8.92,2.11,5.83,6.06,2.75,3.48,5.64,6.49,7.91,4.02,1.98,9.34,8.6,4.46,6.87,1.65,3.73,5.59,16.63,16.67
11.16,19.63,17.25,12.89,18.04,8.94,18.29,16.14,4.31,19.65,4.98,5.45,13.05,25.09,11.91,15.28,15.74,16.22,21.42,13.88,14.37,15.81,11.27,20.67,16.36,17.24,12.02,18.97,16.5,11.29,19.09,20.06,20.22,13.78,23.74,17.96,21.1,24.61,15.06,21.74,13.18,14.06,23.57,22.13,17.25,19.13,14.59,12.92,20.63,11.2,24.51,23.01,24.21,24.47,22.84,23.03,13.88,20.92,16.3,14.04,14.59,12.81,16.41,14.44,16.89,16.28,15.41,10.71,11.94,16.27,7.87,9.05,7.85,8.92,0.0,7.75,5.9,7.32,10.36,6.11,8.27,2.43,9.18,9.93,9.49,9.41,9.87,7.09,4.37,9.16,9.64,6.85,19.26,19.3
8.72,12.2,9.82,5.47,14.24,6.51,14.49,7.05,3.4,15.86,3.73,3.01,10.62,17.66,9.47,7.86,12.92,9.91,14.0,11.67,6.35,8.39,4.53,13.24,8.94,9.82,9.59,11.55,9.08,6.81,15.29,16.26,12.79,6.35,16.31,10.53,13.67,17.18,7.64,18.22,10.75,11.55,16.15,14.7,9.83,11.71,7.17,10.49,16.78,8.77,17.08,15.59,16.79,17.05,15.42,15.6,11.45,18.49,8.87,11.61,12.15,10.38,13.6,11.63,14.07,13.46,7.98,3.97,7.79,8.84,6.63,7.81,1.1,2.11,7.75,0.0,4.66,4.89,3.55,2.31,4.47,5.32,6.74,3.18,2.68,8.17,7.43,3.29,5.7,2.35,2.89,4.42,15.46,15.5
8.07,16.54,14.16,9.81,14.95,5.85,15.2,13.05,2.38,16.57,1.47,2.36,9.96,22.0,8.82,12.19,12.65,13.13,18.33,10.79,11.28,12.72,8.19,17.58,13.28,14.15,8.93,15.88,13.41,8.2,16.0,16.97,17.13,10.69,20.65,14.87,18.01,21.52,11.97,18.65,10.1,10.98,20.48,19.04,14.16,16.04,11.5,9.83,17.54,8.11,21.42,19.92,21.13,21.39,19.75,19.94,10.8,17.83,13.21,10.95,11.5,9.72,13.32,11.35,13.8,13.19,12.32,7.62,8.86,13.18,3.53,4.71,4.76,5.83,5.9,4.66,0.0,4.23,7.27,3.02,5.18,3.47,6.09,6.84,6.4,5.07,6.78,4.0,3.85,6.07,6.55,3.77,16.17,16.21
3.84,12.31,9.93,5.57,15.18,1.62,15.43,8.82,3.8,17.87,3.3,2.3,5.73,17.77,4.59,7.96,8.42,8.9,14.1,6.56,7.05,8.49,6.39,13.35,9.04,9.92,4.7,11.65,9.18,3.97,16.22,17.2,12.9,6.46,16.42,10.64,13.78,17.29,7.74,18.33,5.86,6.74,16.25,14.81,9.93,11.81,7.27,5.6,16.88,3.88,17.19,15.69,16.9,17.16,15.52,15.71,6.56,13.6,8.98,6.72,7.27,5.49,9.09,7.12,9.57,8.96,8.09,7.3,4.63,8.95,6.2,7.38,4.99,6.06,7.32,4.89,4.23,0.0,7.5,3.25,5.41,4.89,1.86,7.07,6.62,7.74,2.55,4.23,5.27,6.3,6.78,1.13,16.4,18.09
11.34,14.48,12.1,7.75,16.85,9.12,17.1,9.33,6.01,18.47,6.35,5.62,13.23,19.94,12.09,10.13,15.2,12.18,16.28,13.95,8.63,10.66,6.8,15.52,11.22,12.09,12.2,13.82,11.35,9.09,17.9,18.87,15.07,8.63,18.59,12.81,15.95,19.46,9.91,20.5,11.42,13.82,18.42,16.98,12.11,13.98,9.44,13.1,19.06,11.38,19.36,17.86,19.07,19.33,17.7,17.88,14.06,21.1,11.15,14.22,14.77,12.99,15.87,13.91,16.35,15.74,10.26,6.24,10.07,11.12,9.24,10.42,3.38,2.75,10.36,3.55,7.27,7.5,0.0,4.92,7.09,7.93,9.35,5.46,3.42,10.78,10.05,5.9,8.31,3.09,5.17,7.03,18.08,18.11
7.08,13.51,11.13,6.78,11.93,4.87,12.18,8.36,1.75,13.55,2.09,1.37,8.98,18.97,7.83,9.16,11.66,11.21,15.31,9.81,7.66,9.69,5.83,14.55,10.25,11.12,7.95,12.85,10.38,7.22,12.98,13.95,14.1,7.66,17.62,11.84,14.98,15.94,8.94,15.63,9.11,9.99,17.45,16.01,11.14,13.02,8.47,8.84,14.52,7.13,18.39,16.89,18.1,18.36,16.73,16.91,9.81,16.85,10.18,9.97,10.51,8.74,12.34,10.37,12.81,12.2,9.29,5.27,7.87,10.15,4.99,6.17,2.41,3.48,6.11,2.31,3.02,3.25,4.92,0.0,2.16,3.68,5.1,4.49,4.05,6.53,5.79,0.98,4.06,3.72,4.2,2.78,13.16,13.19
9.25,15.68,13.3,8.94,10.03,7.03,10.28,10.52,3.92,11.64,4.26,3.54,11.14,21.14,10.0,11.33,13.83,13.38,17.47,11.97,9.83,11.86,8.0,16.72,12.41,13.29,10.11,15.02,12.55,9.38,11.08,12.05,16.27,9.83,19.26,14.0,17.15,14.04,11.11,13.73,11.27,12.15,19.62,15.77,13.3,15.18,10.64,11.01,12.62,9.29,19.52,19.19,13.84,20.72,18.89,15.21,11.97,19.01,12.35,12.13,12.68,10.9,14.5,12.53,14.98,14.37,11.45,7.44,10.04,12.31,7.15,8.33,4.57,5.64,8.27,4.47,5.18,5.41,7.09,2.16,0.0,5.85,7.27,6.65,6.21,8.7,7.96,1.18,6.22,5.88,6.36,4.94,11.25,11.29
8.73,17.2,14.82,10.47,15.61,6.52,15.87,13.71,1.88,17.23,2.55,3.02,10.62,22.66,9.48,12.85,13.31,13.79,18.99,11.46,11.94,13.38,8.85,18.24,13.94,14.81,9.6,16.54,14.07,8.87,16.66,17.63,17.79,11.35,21.31,15.53,18.67,22.18,12.63,19.31,10.76,11.64,21.14,19.7,14.83,16.7,12.16,10.49,18.21,8.78,22.08,20.58,21.79,22.05,20.42,20.6,11.46,18.49,13.87,11.61,12.16,10.38,13.98,12.02,14.46,13.85,12.98,8.29,9.52,13.84,5.44,6.62,5.42,6.49,2.43,5.32,3.47,4.89,7.93,3.68,5.85,0.0,6.75,7.5,7.06,6.99,7.44,4.66,1.94,6.73,7.21,4.43,16.84,16.87
4.01,12.48,10.1,5.75,17.03,1.37,17.29,8.99,5.65,18.04,5.16,4.16,5.9,17.94,4.76,8.13,8.59,9.07,14.27,6.73,7.22,8.66,6.56,13.52,9.22,10.09,4.87,11.82,9.35,4.15,19.2,18.64,13.07,6.63,16.59,10.81,13.95,17.46,7.91,18.5,6.04,6.92,16.42,14.98,10.11,11.98,7.44,5.77,17.05,4.05,17.36,15.86,17.07,17.33,15.69,15.88,6.74,13.77,9.15,6.89,7.44,5.66,9.26,7.29,9.74,9.13,8.26,7.47,4.8,9.12,8.05,9.24,6.84,7.91,9.18,6.74,6.09,1.86,9.35,5.1,7.27,6.75,0.0,8.41,8.48,9.6,2.29,6.08,7.13,8.15,8.63,2.99,18.26,18.26
6.06,10.11,7.73,3.38,17.4,6.96,17.72,4.96,5.58,15.68,5.91,5.19,7.11,15.57,6.81,5.76,10.83,7.81,11.91,9.58,4.26,6.29,2.43,11.15,6.85,7.72,6.93,9.45,6.98,4.72,16.83,16.27,10.7,4.26,14.22,8.44,11.58,15.09,5.54,16.13,7.05,9.45,14.06,12.61,7.74,9.62,5.07,6.98,14.69,6.11,14.99,13.49,14.7,14.96,13.33,13.51,8.79,14.98,6.78,8.1,8.65,7.72,11.5,9.54,11.98,11.37,5.89,1.87,5.7,6.75,8.81,9.99,2.08,4.02,9.93,3.18,6.84,7.07,5.46,4.49,6.65,7.5,8.41,0.0,4.58,10.35,7.48,5.47,7.88,4.26,1.9,6.6,17.64,15.89
10.46,13.61,11.23,6.87,15.98,8.25,16.23,8.45,5.13,17.59,5.47,4.75,12.35,19.07,11.21,9.26,14.33,11.31,15.4,13.07,7.76,9.79,5.93,14.65,10.34,11.22,11.33,12.95,10.48,8.21,17.02,18.0,14.2,7.76,17.71,11.93,15.08,18.58,9.04,19.62,10.55,12.95,17.55,16.1,11.23,13.11,8.57,12.22,18.18,10.51,18.49,16.99,18.19,18.45,16.82,17.01,13.19,20.22,10.28,13.34,13.89,12.11,15.0,13.03,15.47,14.86,9.38,5.37,9.2,10.24,8.36,9.55,2.5,1.98,9.49,2.68,6.4,6.62,3.42,4.05,6.21,7.06,8.48,4.58,0.0,9.91,9.17,5.03,7.44,0.93,4.29,6.16,17.2,17.23
11.58,20.05,17.67,13.32,18.46,9.36,18.72,16.56,5.89,20.08,4.99,5.87,13.47,25.51,12.33,15.7,16.16,16.64,21.84,14.31,14.79,16.23,11.7,21.09,16.79,17.66,12.45,19.39,16.92,11.72,19.51,24.52,20.64,14.2,24.16,18.38,21.52,25.03,15.48,26.2,13.61,14.49,23.99,22.55,17.68,19.55,15.01,13.34,21.06,11.63,24.93,23.43,24.64,24.9,23.27,23.45,14.31,16.09,16.72,14.46,15.01,13.23,16.83,14.87,17.31,16.7,15.83,11.14,12.37,16.69,1.79,1.59,8.27,9.34,9.41,8.17,5.07,7.74,10.78,6.53,8.7,6.99,9.6,10.35,9.91,0.0,10.29,7.51,7.36,9.58,10.06,7.28,19.69,19.72
3.08,11.55,9.17,4.81,17.72,1.08,17.98,8.06,6.34,17.11,5.85,4.85,4.97,17.01,3.82,7.2,7.66,8.14,13.34,5.8,6.29,7.73,5.63,12.59,8.28,9.16,3.94,10.89,8.42,3.21,18.26,17.7,12.13,5.7,15.65,9.87,13.02,16.52,6.98,17.56,5.1,5.98,15.49,14.04,9.17,11.05,6.51,4.84,16.12,3.12,16.43,14.93,16.13,16.39,14.76,14.95,5.8,12.84,8.22,5.96,6.5,4.73,8.33,6.36,8.8,8.19,7.32,6.54,3.86,8.18,8.74,9.93,7.53,8.6,9.87,7.43,6.78,2.55,10.05,5.79,7.96,7.44,2.29,7.48,9.17,10.29,0.0,6.77,7.82,8.84,8.29,3.68,18.95,17.32
8.07,14.49,12.11,7.76,10.95,5.85,11.2,9.34,2.74,12.56,3.07,2.35,9.96,19.95,8.81,10.15,12.65,12.2,16.29,10.79,8.64,10.67,6.82,15.53,11.23,12.1,8.93,13.84,11.36,8.2,12.0,12.97,15.08,8.64,18.6,12.82,15.96,14.96,9.92,14.65,10.09,10.97,18.44,16.99,12.12,14.0,9.46,9.83,13.54,8.11,19.37,17.88,14.76,19.34,17.71,17.89,10.79,17.83,11.16,10.95,11.49,9.72,13.32,11.35,13.79,13.18,10.27,6.25,8.85,11.13,5.97,7.15,3.39,4.46,7.09,3.29,4.0,4.23,5.9,0.98,1.18,4.66,6.08,5.47,5.03,7.51,6.77,0.0,5.04,4.7,5.18,3.76,12.17,12.21
9.11,17.58,15.2,10.84,15.99,6.89,16.24,14.09,2.26,17.6,2.93,3.4,11.0,23.04,9.86,13.23,13.69,14.17,19.37,11.83,12.32,13.76,9.22,18.62,14.31,15.19,9.97,16.92,14.45,9.24,17.04,18.01,18.17,11.73,21.69,15.91,19.05,22.56,13.01,19.69,11.13,12.01,21.52,20.08,15.2,17.08,12.54,10.87,18.58,9.15,22.46,20.96,22.16,22.42,20.79,20.98,11.83,18.87,14.25,11.99,12.54,10.76,14.36,12.39,14.84,14.23,13.36,8.66,9.89,14.22,5.82,7.0,5.8,6.87,4.37,5.7,3.85,5.27,8.31,4.06,6.22,1.94,7.13,7.88,7.44,7.36,7.82,5.04,0.0,7.11,7.59,4.8,17.21,17.25
10.14,13.28,10.9,6.55,15.65,7.92,15.9,8.13,4.81,17.27,5.15,4.42,12.03,18.74,10.89,8.93,14.0,10.98,15.08,12.75,7.43,9.46,5.6,14.32,10.02,10.89,11.0,12.62,10.15,7.89,16.7,17.67,13.87,7.43,17.39,11.61,14.75,18.26,8.71,19.3,10.22,12.62,17.22,15.78,10.91,12.78,8.24,11.9,17.86,10.18,18.16,16.66,17.87,18.13,16.5,16.68,12.86,19.9,9.95,13.02,13.56,11.79,14.67,12.71,15.15,14.54,9.06,5.04,8.87,9.92,8.04,9.22,2.18,1.65,9.16,2.35,6.07,6.3,3.09,3.72,5.88,6.73,8.15,4.26,0.93,9.58,8.84,4.7,7.11,0.0,3.97,5.83,16.88,16.91
6.88,10.93,8.55,4.19,16.13,7.77,16.38,5.77,5.29,16.49,5.62,4.9,7.93,16.39,7.63,6.58,11.65,8.63,12.72,10.39,5.08,7.11,3.25,11.97,7.66,8.54,7.74,10.27,7.8,5.53,17.64,17.08,11.52,5.08,15.04,9.26,12.4,15.91,6.36,16.94,7.87,10.27,14.87,13.43,8.55,10.43,5.89,7.8,15.5,6.92,15.81,14.31,15.51,15.77,14.14,14.33,9.6,15.8,7.6,8.92,9.46,8.53,12.32,10.35,12.8,12.19,6.7,2.69,6.52,7.56,8.52,9.7,1.79,3.73,9.64,2.89,6.55,6.78,5.17,4.2,6.36,7.21,8.63,1.9,4.29,10.06,8.29,5.18,7.59,3.97,0.0,6.31,17.35,16.71
4.97,13.44,11.06,6.7,14.71,2.75,14.96,9.95,3.33,16.33,2.84,1.84,6.86,18.9,5.72,9.09,9.55,10.03,15.23,7.69,8.18,9.62,7.52,14.48,10.17,11.05,5.83,12.78,10.31,5.1,15.76,16.73,14.03,7.59,17.55,11.77,14.91,18.42,8.87,19.46,6.99,7.88,17.38,15.94,11.06,12.94,8.4,6.73,18.01,5.01,18.32,16.82,18.02,18.29,16.65,16.84,7.69,14.73,10.11,7.85,8.4,6.62,10.22,8.25,10.7,10.09,9.22,8.43,5.76,10.08,5.73,6.92,4.52,5.59,6.85,4.42,3.77,1.13,7.03,2.78,4.94,4.43,2.99,6.6,6.16,7.28,3.68,3.76,4.8,5.83,6.31,0.0,15.94,15.97
20.17,11.39,12.57,17.19,5.64,18.02,4.2,17.18,14.91,5.56,15.25,14.53,19.77,13.77,20.92,16.32,20.41,17.47,13.16,19.15,18.96,14.74,18.3,10.42,16.51,14.43,21.24,13.28,16.56,18.83,5.0,8.83,11.95,16.67,9.67,15.52,11.02,7.96,15.06,8.93,21.77,19.03,10.54,9.69,14.05,11.24,15.51,18.27,6.54,20.83,10.33,9.45,7.76,10.37,9.86,9.13,23.1,27.64,15.83,20.76,21.31,21.82,21.08,19.11,21.55,20.94,15.77,19.21,19.81,17.3,18.14,19.33,15.57,16.63,19.26,15.46,16.17,16.4,18.08,13.16,11.25,16.84,18.26,17.64,17.2,19.69,18.95,12.17,17.21,16.88,17.35,15.94,0.0,6.87
15.91,6.78,8.31,12.93,1.23,16.8,4.36,12.91,14.94,3.94,15.28,14.56,15.51,9.16,16.66,12.06,16.14,13.21,8.55,14.89,14.7,10.48,14.04,5.81,12.24,10.17,16.98,9.02,12.29,14.56,2.91,1.58,7.34,12.41,3.74,11.26,6.41,2.18,10.8,2.22,17.5,14.76,5.93,5.08,9.79,6.63,11.25,14.01,3.82,16.57,5.02,3.52,2.66,5.05,5.25,4.52,18.84,23.38,11.57,16.5,17.04,17.56,16.82,14.85,17.29,16.68,11.51,14.95,15.55,13.04,18.17,19.36,16.88,16.67,19.3,15.5,16.21,18.09,18.11,13.19,11.29,16.87,18.26,15.89,17.23,19.72,17.32,12.21,17.25,16.91,16.71,15.97,6.87,0.0
