0.0,6.16,4.67,19.82,8.6,5.01,9.54,14.21,14.75,6.43,7.07,14.6,17.12,6.7,7.49,1.34,5.84,19.5,4.42,2.85,17.11,4.46,2.64,12.88,25.22,14.95,18.85,20.02,4.91,4.45,5.67,18.72,2.87,8.19,4.36,18.69,5.3,5.41,14.45,16.55,4.14,2.21,9.97,7.95,3.19,9.4,20.59,19.32,5.06,7.92,16.3,3.54,5.99,8.92,9.94,12.02,11.02,11.41,24.81,2.11,15.09,11.79,23.72,17.85,9.17,15.21
6.16,0.0,2.5,22.02,6.43,5.5,11.74,7.02,16.95,2.02,8.96,16.8,19.32,4.53,5.31,6.99,5.22,21.71,5.17,5.79,19.31,4.61,5.58,15.08,27.43,17.15,21.06,22.23,4.07,2.87,7.56,20.92,3.56,10.39,6.56,20.89,5.58,7.62,16.66,18.75,4.43,6.3,12.17,10.15,5.91,11.61,22.8,21.52,6.96,10.12,18.5,4.89,8.19,11.12,12.14,14.23,13.22,13.61,27.02,4.59,17.29,14.0,25.92,20.06,11.38,8.02
4.67,2.5,0.0,20.53,3.97,3.03,10.24,7.78,15.45,2.77,7.47,15.3,17.82,2.07,2.85,5.49,2.76,20.21,2.71,4.3,17.82,3.12,4.08,13.59,25.93,15.66,19.56,20.73,1.61,1.37,6.06,19.43,2.07,8.89,5.06,19.39,4.09,6.12,15.16,17.26,2.93,4.8,10.67,8.65,4.41,10.11,21.3,20.03,5.46,8.63,17.0,3.39,6.69,9.63,10.65,12.73,11.72,12.12,25.52,3.09,15.8,12.5,24.42,18.56,9.88,8.78
19.82,22.02,20.53,0.0,24.35,21.97,14.98,26.05,11.11,23.35,17.48,10.96,19.8,22.45,23.23,21.01,23.14,22.19,21.38,19.81,19.8,20.21,19.6,9.25,10.18,17.64,11.99,0.97,21.99,20.2,16.08,11.79,19.02,13.73,16.48,21.37,19.68,17.54,17.14,19.23,18.52,19.22,11.64,15.09,18.12,12.05,12.47,10.29,14.2,13.89,18.98,17.5,15.81,12.08,11.42,9.94,9.82,11.34,9.77,18.61,17.78,12.19,26.4,20.54,14.48,27.05
8.6,6.43,3.97,24.35,0.0,3.87,14.18,11.72,19.39,6.71,11.4,19.24,21.76,2.85,1.12,9.43,2.88,24.15,4.93,6.07,21.75,7.05,6.59,17.52,29.86,19.59,23.5,24.66,3.73,5.3,10.0,23.36,6.0,12.83,9.0,23.33,8.02,10.06,19.09,21.19,6.86,8.73,14.61,12.59,8.35,14.04,25.24,23.96,9.39,12.56,20.94,7.33,10.63,13.56,14.58,16.67,15.66,16.05,29.45,7.03,19.73,16.43,28.36,22.49,13.82,12.71
5.01,5.5,3.03,21.97,3.87,0.0,11.33,10.81,16.54,5.8,9.06,16.39,18.91,2.36,2.76,5.86,1.42,21.3,1.25,2.39,18.91,6.15,2.91,14.68,27.02,16.75,20.65,21.82,1.48,4.4,7.66,20.52,5.1,9.98,6.15,20.48,7.12,7.21,16.25,18.35,5.96,5.17,11.76,9.74,5.62,11.2,22.39,21.12,7.06,9.72,18.09,5.53,7.78,10.72,11.74,13.82,12.81,13.21,26.61,3.92,16.89,13.59,25.51,19.65,10.97,11.81
9.54,11.74,10.24,14.98,14.18,11.33,0.0,15.58,8.08,12.88,7.01,7.93,7.24,11.98,12.76,10.54,12.68,9.63,10.92,9.34,7.24,9.74,9.13,6.21,20.58,2.51,12.19,15.38,11.53,9.73,5.61,12.05,8.56,2.16,6.01,8.82,9.21,7.07,4.58,6.68,8.05,8.75,5.07,4.63,7.65,4.04,13.92,12.65,3.7,1.66,6.43,7.03,5.34,4.03,2.96,5.35,4.35,5.6,14.02,8.14,4.3,7.15,13.85,7.98,1.85,16.58
14.21,7.02,7.78,26.05,11.72,10.81,15.58,0.0,21.0,5.89,14.96,20.85,23.37,9.79,10.58,14.66,10.49,25.76,10.44,13.46,23.37,9.88,13.25,19.14,31.48,21.21,25.11,26.28,9.34,8.13,13.55,24.98,8.83,14.44,10.64,24.94,13.33,11.7,20.71,22.81,12.17,12.87,16.22,14.2,11.77,15.66,26.85,25.58,12.96,14.18,22.55,11.15,12.27,15.18,16.2,18.28,17.27,17.67,31.07,12.26,21.35,18.05,29.97,24.11,15.43,3.4
14.75,16.95,15.45,11.11,19.39,16.54,8.08,21.0,0.0,17.75,11.87,1.17,13.48,16.84,17.63,15.4,17.54,15.87,15.78,14.21,13.47,14.6,13.99,2.03,9.99,11.31,6.83,11.59,16.39,14.59,10.47,6.69,13.42,7.15,10.88,15.05,14.07,11.93,10.81,12.91,12.91,13.62,6.01,9.49,12.51,6.84,8.57,7.29,8.6,7.31,12.66,11.89,10.2,6.27,5.04,5.27,3.92,7.28,8.66,13.0,11.45,7.62,20.08,14.21,7.51,21.44
6.43,2.02,2.77,23.35,6.71,5.8,12.88,5.89,17.75,0.0,9.23,18.15,20.67,4.8,5.58,7.26,5.49,23.06,5.44,6.07,20.66,4.88,5.85,16.43,28.78,18.5,22.41,23.57,4.34,3.14,7.83,22.27,3.83,11.74,7.94,22.24,5.85,9.0,18.0,20.1,4.7,6.57,13.52,11.5,6.18,12.96,24.15,22.87,10.26,11.47,19.85,5.16,9.57,12.47,13.49,15.58,14.57,14.96,28.37,4.86,18.64,15.34,27.27,21.4,12.73,6.9
7.07,8.96,7.47,17.48,11.4,9.06,7.01,14.96,11.87,9.23,0.0,12.5,15.02,9.5,10.29,7.96,10.2,17.41,8.51,6.94,15.01,7.26,6.72,10.78,23.12,12.85,16.76,17.92,9.05,7.25,1.61,16.62,6.08,6.09,5.7,16.59,6.73,5.68,12.35,14.45,5.57,6.15,7.87,5.85,3.11,7.3,18.5,17.22,3.16,5.82,14.2,4.55,4.57,6.82,7.84,9.92,8.92,9.31,22.71,5.73,12.99,9.69,21.62,15.75,7.08,16.55
14.6,16.8,15.3,10.96,19.24,16.39,7.93,20.85,1.17,18.15,12.5,0.0,13.33,16.69,17.48,15.25,17.39,15.72,15.63,14.06,13.32,14.46,13.84,1.88,9.84,11.16,6.68,11.44,16.24,14.44,10.32,6.55,13.27,7.01,10.73,14.9,13.92,11.78,10.67,12.76,12.76,13.47,5.87,9.34,12.36,6.69,8.42,7.14,8.45,7.16,12.51,11.75,10.05,6.12,4.89,5.12,3.77,7.13,8.51,12.85,11.3,7.48,19.93,14.06,7.36,21.3
17.12,19.32,17.82,19.8,21.76,18.91,7.24,23.37,13.48,20.67,15.02,13.33,0.0,19.64,20.43,18.2,20.34,3.2,18.58,17.01,2.75,17.4,16.79,12.14,25.79,4.55,18.12,20.59,19.19,17.39,13.27,17.98,16.22,9.88,13.67,4.01,16.87,14.73,2.69,1.58,15.71,16.42,10.27,12.29,15.31,9.24,19.86,18.58,11.4,10.04,1.66,14.69,13.0,9.23,9.2,11.29,10.28,11.72,25.38,15.8,4.69,12.36,7.41,1.54,7.78,24.24
6.7,4.53,2.07,22.45,2.85,2.36,11.98,9.79,16.84,4.8,9.5,16.69,19.64,0.0,1.73,7.53,1.64,22.24,3.02,4.17,19.85,5.15,4.69,15.62,27.96,17.69,21.59,22.76,1.82,3.4,8.09,21.46,4.1,10.93,7.1,21.43,6.12,8.15,17.19,19.29,4.96,6.83,12.71,10.69,6.45,12.14,23.33,22.06,7.49,10.66,19.04,5.43,8.73,11.66,12.68,14.76,13.76,14.15,27.55,5.13,17.83,14.53,26.46,20.59,11.91,10.81
7.49,5.31,2.85,23.23,1.12,2.76,12.76,10.58,17.63,5.58,10.29,17.48,20.43,1.73,0.0,8.31,1.76,23.03,3.81,4.95,20.63,5.93,5.47,16.4,28.75,18.47,22.38,23.55,2.61,4.19,8.88,22.24,4.88,11.71,7.88,22.21,6.9,8.94,17.98,20.07,5.75,7.62,13.49,11.47,7.23,12.93,24.12,22.84,8.28,11.44,19.82,6.21,9.51,12.44,13.46,15.55,14.54,14.93,28.34,5.91,18.61,15.32,27.24,21.38,12.7,11.6
1.34,6.99,5.49,21.01,9.43,5.86,10.54,14.66,15.4,7.26,7.96,15.25,18.2,7.53,8.31,0.0,6.69,20.36,5.28,3.7,17.96,5.32,3.49,13.73,26.08,15.8,19.71,20.87,5.76,5.3,6.52,19.57,3.72,9.04,5.21,19.54,6.15,6.27,15.3,17.4,4.99,3.06,10.82,8.8,4.04,10.26,21.45,20.17,5.92,8.77,17.15,4.39,6.84,9.77,10.79,12.88,11.87,12.26,25.67,2.96,15.94,12.64,24.57,18.7,10.03,16.06
5.84,5.22,2.76,23.14,2.88,1.42,12.68,10.49,17.54,5.49,10.2,17.39,20.34,1.64,1.76,6.69,0.0,22.94,2.08,3.22,20.55,5.84,3.74,16.32,28.66,18.39,22.29,23.46,1.66,4.1,8.79,22.16,4.79,11.62,7.79,22.12,6.82,8.85,17.89,19.98,5.66,6.0,13.4,11.38,7.14,12.84,24.03,22.75,8.19,11.36,19.73,6.12,9.42,12.36,13.38,15.46,14.45,14.84,28.25,4.75,18.53,15.23,27.15,21.29,12.61,11.51
19.5,21.71,20.21,22.19,24.15,21.3,9.63,25.76,15.87,23.06,17.41,15.72,3.2,22.24,23.03,20.36,22.94,0.0,20.97,19.39,5.06,19.79,19.18,14.53,28.18,6.94,20.51,22.97,21.58,19.78,15.66,20.37,18.61,12.27,16.06,1.75,19.26,17.12,5.08,3.97,18.1,18.81,12.66,14.68,17.7,11.63,22.25,20.97,13.79,12.43,4.05,17.08,15.39,11.62,11.59,13.68,12.67,14.1,27.77,18.19,7.08,14.74,4.46,3.0,10.17,26.63
4.42,5.17,2.71,21.38,4.93,1.25,10.92,10.44,15.78,5.44,8.51,15.63,18.58,3.02,3.81,5.28,2.08,20.97,0.0,1.81,18.32,5.79,2.32,14.09,26.43,16.16,20.07,21.23,1.15,4.05,7.07,19.93,4.1,9.4,5.57,19.9,6.53,6.62,15.66,17.76,5.37,4.58,11.18,9.16,5.04,10.61,21.81,20.53,6.47,9.13,17.51,4.95,7.2,10.13,11.15,13.23,12.23,12.62,26.02,3.34,16.3,13.0,24.93,19.06,10.39,11.46
2.85,5.79,4.3,19.81,6.07,2.39,9.34,13.46,14.21,6.07,6.94,14.06,17.01,4.17,4.95,3.7,3.22,19.39,1.81,0.0,16.75,4.12,1.4,12.52,24.86,14.59,18.49,19.66,2.29,4.11,5.5,18.36,2.53,7.83,4.0,18.33,4.96,5.05,14.09,16.19,3.8,3.01,9.61,7.59,3.46,9.04,20.23,18.96,4.9,7.56,15.94,3.37,5.62,8.56,9.58,11.66,10.66,11.05,24.45,1.76,14.73,11.43,23.36,17.49,8.81,14.85
17.11,19.31,17.82,19.8,21.75,18.91,7.24,23.37,13.47,20.66,15.01,13.32,2.75,19.85,20.63,17.96,20.55,5.06,18.32,16.75,0.0,17.35,16.73,12.09,25.73,4.49,18.06,20.53,19.13,17.33,13.21,17.93,16.16,9.83,13.62,4.02,16.81,14.68,2.63,2.22,15.66,16.36,10.22,12.23,15.25,9.19,19.8,18.53,11.34,9.98,1.61,14.64,12.95,9.17,9.15,11.23,10.22,11.66,25.32,15.74,4.63,12.3,9.36,3.5,7.73,24.19
4.46,4.61,3.12,20.21,7.05,6.15,9.74,9.88,14.6,4.88,7.26,14.46,17.4,5.15,5.93,5.32,5.84,19.79,5.79,4.12,17.35,0.0,3.88,13.39,25.73,15.45,19.36,20.53,4.7,2.09,5.86,19.22,1.86,8.69,4.86,19.19,3.88,5.92,14.96,17.05,2.73,4.6,10.47,8.45,4.21,9.91,21.1,19.82,5.26,8.43,16.8,3.19,6.49,9.43,10.45,12.53,11.52,11.91,25.32,2.89,15.59,12.3,24.22,18.36,9.68,10.88
2.64,5.58,4.08,19.6,6.59,2.91,9.13,13.25,13.99,5.85,6.72,13.84,16.79,4.69,5.47,3.49,3.74,19.18,2.32,1.4,16.73,3.88,0.0,12.3,24.65,14.37,18.28,19.45,2.81,3.89,5.29,18.14,2.31,7.61,3.78,18.11,4.74,4.84,13.88,15.97,3.59,2.79,9.39,7.37,3.25,8.83,20.02,18.74,4.68,7.34,15.72,3.16,5.41,8.34,9.36,11.45,10.44,10.83,24.24,1.55,14.51,11.22,23.14,17.27,8.6,14.63
12.88,15.08,13.59,9.25,17.52,14.68,6.21,19.14,2.03,16.43,10.78,1.88,12.14,15.62,16.4,13.73,16.32,14.53,14.09,12.52,12.09,13.39,12.3,0.0,9.3,9.45,6.14,9.72,14.52,12.73,8.6,6.0,11.55,5.29,9.01,13.18,12.2,10.07,8.95,11.05,11.05,11.75,4.15,7.62,10.65,4.97,7.88,6.6,6.73,5.45,10.79,10.03,8.34,4.4,3.18,3.4,2.06,5.41,7.97,11.13,9.59,5.76,18.21,12.35,5.64,19.58
25.22,27.43,25.93,10.18,29.86,27.02,20.58,31.48,9.99,28.78,23.12,9.84,25.79,27.96,28.75,26.08,28.66,28.18,26.43,24.86,25.73,25.73,24.65,9.3,0.0,19.98,9.88,7.62,24.34,22.54,18.42,9.68,21.37,16.07,18.82,23.72,22.02,19.88,19.48,21.58,20.86,21.57,13.99,17.44,20.46,14.39,10.36,8.18,16.55,16.23,21.33,19.84,18.15,14.42,13.76,12.28,12.16,13.69,7.66,20.95,20.12,14.53,28.75,22.88,16.83,29.39
14.95,17.15,15.66,17.64,19.59,16.75,2.51,21.21,11.31,18.5,12.85,11.16,4.55,17.69,18.47,15.8,18.39,6.94,16.16,14.59,4.49,15.45,14.37,9.45,19.98,0.0,15.84,18.31,16.91,15.11,10.99,15.71,13.94,3.83,11.4,6.58,14.59,12.45,2.35,4.44,13.43,14.14,8.0,10.01,13.03,6.96,17.58,16.3,9.12,3.32,4.19,12.42,10.72,6.95,6.93,9.01,8.0,9.44,23.1,13.52,2.06,10.08,11.61,5.74,3.51,21.97
18.85,21.06,19.56,11.99,23.5,20.65,12.19,25.11,6.83,22.41,16.76,6.68,18.12,21.59,22.38,19.71,22.29,20.51,20.07,18.49,18.06,19.36,18.28,6.14,9.88,15.84,0.0,11.98,20.5,18.7,14.58,1.19,17.53,11.26,14.98,19.16,18.18,16.04,14.92,17.02,17.02,17.73,10.12,13.6,16.62,10.95,2.94,1.67,12.71,11.42,16.77,16.0,14.31,10.38,9.15,9.38,8.03,11.38,3.03,17.11,15.56,11.73,24.19,18.32,11.62,25.55
20.02,22.23,20.73,0.97,24.66,21.82,15.38,26.28,11.59,23.57,17.92,11.44,20.59,22.76,23.55,20.87,23.46,22.97,21.23,19.66,20.53,20.53,19.45,9.72,7.62,18.31,11.98,0.0,22.19,20.4,16.28,11.99,19.23,13.93,16.68,21.57,19.88,17.74,17.34,19.44,18.72,19.42,11.84,15.3,18.32,12.25,12.67,10.49,14.41,14.09,19.18,17.7,16.01,12.28,11.62,10.14,10.02,11.55,9.97,18.81,17.98,12.39,26.6,20.74,14.69,27.25
4.91,4.07,1.61,21.99,3.73,1.48,11.53,9.34,16.39,4.34,9.05,16.24,19.19,1.82,2.61,5.76,1.66,21.58,1.15,2.29,19.13,4.7,2.81,14.52,24.34,16.91,20.5,22.19,0.0,2.95,7.64,21.01,3.64,10.47,6.64,20.97,5.67,7.7,16.74,18.83,4.51,5.07,12.25,10.23,5.99,11.69,22.88,21.6,7.04,10.21,18.58,4.97,8.27,11.21,12.23,14.31,13.3,13.7,27.1,3.82,17.38,14.08,26.0,20.14,11.46,10.36
4.45,2.87,1.37,20.2,5.3,4.4,9.73,8.13,14.59,3.14,7.25,14.44,17.39,3.4,4.19,5.3,4.1,19.78,4.05,4.11,17.33,2.09,3.89,12.73,22.54,15.11,18.7,20.4,2.95,0.0,5.85,19.21,1.85,8.68,4.85,19.18,3.87,5.91,14.94,17.04,2.71,4.58,10.46,8.44,4.2,9.89,21.09,19.81,5.24,8.41,16.79,3.18,6.48,9.41,10.43,12.52,11.51,11.9,25.3,2.88,15.58,12.28,24.21,18.34,9.67,9.14
5.67,7.56,6.06,16.08,10.0,7.66,5.61,13.55,10.47,7.83,1.61,10.32,13.27,8.09,8.88,6.52,8.79,15.66,7.07,5.5,13.21,5.86,5.29,8.6,18.42,10.99,14.58,16.28,7.64,5.85,0.0,15.22,4.67,4.68,4.29,15.18,5.32,4.28,10.95,13.04,4.17,4.75,6.46,4.44,1.71,5.9,17.09,15.81,1.76,4.42,12.79,3.15,3.16,5.42,6.44,8.52,7.51,7.91,21.31,4.33,11.59,8.29,20.21,14.35,5.67,15.15
18.72,20.92,19.43,11.79,23.36,20.52,12.05,24.98,6.69,22.27,16.62,6.55,17.98,21.46,22.24,19.57,22.16,20.37,19.93,18.36,17.93,19.22,18.14,6.0,9.68,15.71,1.19,11.99,21.01,19.21,15.22,0.0,17.39,11.13,14.85,19.02,18.04,15.91,14.79,16.88,16.88,17.59,9.99,13.46,16.48,10.81,2.77,1.49,12.57,11.28,16.63,15.87,14.18,10.24,9.02,9.24,7.89,11.25,2.86,16.97,15.43,11.6,24.05,18.19,11.48,25.42
2.87,3.56,2.07,19.02,6.0,5.1,8.56,8.83,13.42,3.83,6.08,13.27,16.22,4.1,4.88,3.72,4.79,18.61,4.1,2.53,16.16,1.86,2.31,11.55,21.37,13.94,17.53,19.23,3.64,1.85,4.67,17.39,0.0,7.24,3.41,17.74,2.7,4.47,13.51,15.6,1.54,3.0,9.02,7.0,2.88,8.46,19.65,18.37,4.07,6.97,15.35,2.0,5.04,7.97,8.99,11.08,10.07,10.46,23.87,1.29,14.14,10.85,22.77,16.91,8.23,9.83
8.19,10.39,8.89,13.73,12.83,9.98,2.16,14.44,7.15,11.74,6.09,7.01,9.88,10.93,11.71,9.04,11.62,12.27,9.4,7.83,9.83,8.69,7.61,5.29,16.07,3.83,11.26,13.93,10.47,8.68,4.68,11.13,7.24,0.0,4.92,11.59,8.11,5.98,7.36,9.45,6.96,7.66,3.78,3.53,6.56,2.75,13.13,11.86,2.61,1.16,9.2,5.94,4.25,2.74,2.48,4.56,3.56,4.81,18.88,7.04,7.99,5.86,16.62,10.76,1.86,15.49
4.36,6.56,5.06,16.48,9.0,6.15,6.01,10.64,10.88,7.94,5.7,10.73,13.67,7.1,7.88,5.21,7.79,16.06,5.57,4.0,13.62,4.86,3.78,9.01,18.82,11.4,14.98,16.68,6.64,4.85,4.29,14.85,3.41,4.92,0.0,15.53,2.69,1.32,11.29,13.39,2.72,3.43,6.81,4.78,2.32,6.24,17.43,16.16,3.54,4.76,13.13,1.7,1.89,5.76,6.78,8.86,7.86,8.25,21.65,2.81,11.93,8.63,20.56,14.69,6.01,11.46
18.69,20.89,19.39,21.37,23.33,20.48,8.82,24.94,15.05,22.24,16.59,14.9,4.01,21.43,22.21,19.54,22.12,1.75,19.9,18.33,4.02,19.19,18.11,13.18,23.72,6.58,19.16,21.57,20.97,19.18,15.18,19.02,17.74,11.59,15.53,0.0,18.42,16.29,4.24,3.0,17.27,17.97,11.83,13.84,16.87,10.8,21.41,20.14,12.95,11.59,3.22,16.25,14.56,10.78,10.76,12.84,11.83,13.27,26.93,17.35,6.24,13.91,5.97,3.82,9.34,25.8
5.3,5.58,4.09,19.68,8.02,7.12,9.21,13.33,14.07,5.85,6.73,13.92,16.87,6.12,6.9,6.15,6.82,19.26,6.53,4.96,16.81,3.88,4.74,12.2,22.02,14.59,18.18,19.88,5.67,3.87,5.32,18.04,2.7,8.11,2.69,18.42,0.0,2.25,14.46,16.55,1.16,4.82,9.97,7.95,3.71,9.41,20.6,19.32,4.76,7.93,16.3,2.69,2.83,8.93,9.95,12.03,11.02,11.42,24.82,3.69,15.1,11.8,23.72,17.86,9.18,13.88
5.41,7.62,6.12,17.54,10.06,7.21,7.07,11.7,11.93,9.0,5.68,11.78,14.73,8.15,8.94,6.27,8.85,17.12,6.62,5.05,14.68,5.92,4.84,10.07,19.88,12.45,16.04,17.74,7.7,5.91,4.28,15.91,4.47,5.98,1.32,16.29,2.25,0.0,12.35,14.44,3.78,4.48,7.86,5.84,3.38,7.3,18.49,17.21,3.02,5.82,14.19,2.76,1.11,6.82,7.84,9.92,8.91,9.3,22.71,3.87,12.99,9.69,21.61,15.75,7.07,12.51
14.45,16.66,15.16,17.14,19.09,16.25,4.58,20.71,10.81,18.0,12.35,10.67,2.69,17.19,17.98,15.3,17.89,5.08,15.66,14.09,2.63,14.96,13.88,8.95,19.48,2.35,14.92,17.34,16.74,14.94,10.95,14.79,13.51,7.36,11.29,4.24,14.46,12.35,0.0,2.1,13.02,13.73,7.59,9.6,12.62,6.55,17.17,15.89,8.71,7.35,1.84,12.01,10.31,6.54,6.52,8.6,7.59,9.03,22.69,13.11,2.0,9.67,9.27,3.4,5.1,21.56
16.55,18.75,17.26,19.23,21.19,18.35,6.68,22.81,12.91,20.1,14.45,12.76,1.58,19.29,20.07,17.4,19.98,3.97,17.76,16.19,2.22,17.05,15.97,11.05,21.58,4.44,17.02,19.44,18.83,17.04,13.04,16.88,15.6,9.45,13.39,3.0,16.55,14.44,2.1,0.0,15.14,15.84,9.7,11.71,14.74,8.67,19.28,18.01,10.82,9.46,1.09,14.12,12.43,8.65,8.63,10.71,9.7,11.14,24.8,15.22,4.11,11.78,8.17,2.31,7.21,23.67
4.14,4.43,2.93,18.52,6.86,5.96,8.05,12.17,12.91,4.7,5.57,12.76,15.71,4.96,5.75,4.99,5.66,18.1,5.37,3.8,15.66,2.73,3.59,11.05,20.86,13.43,17.02,18.72,4.51,2.71,4.17,16.88,1.54,6.96,2.72,17.27,1.16,3.78,13.02,15.14,0.0,3.66,8.82,6.8,2.55,8.25,19.44,18.17,3.6,6.77,15.14,1.53,3.98,7.77,8.79,10.87,9.87,10.26,23.66,2.53,13.94,10.64,22.57,16.7,8.02,10.66
2.21,6.3,4.8,19.22,8.73,5.17,8.75,12.87,13.62,6.57,6.15,13.47,16.42,6.83,7.62,3.06,6.0,18.81,4.58,3.01,16.36,4.6,2.79,11.75,21.57,14.14,17.73,19.42,5.07,4.58,4.75,17.59,3.0,7.66,3.43,17.97,4.82,4.48,13.73,15.84,3.66,0.0,9.01,6.99,2.23,8.45,19.64,18.36,4.11,6.96,15.34,2.58,5.03,7.97,8.99,11.07,10.06,10.45,23.86,2.26,14.13,10.84,22.76,16.9,8.22,14.26
9.97,12.17,10.67,11.64,14.61,11.76,5.07,16.22,6.01,13.52,7.87,5.87,10.27,12.71,13.49,10.82,13.4,12.66,11.18,9.61,10.22,10.47,9.39,4.15,13.99,8.0,10.12,11.84,12.25,10.46,6.46,9.99,9.02,3.78,6.81,11.83,9.97,7.86,7.59,9.7,8.82,9.01,0.0,5.54,8.56,2.49,11.9,10.63,4.65,4.29,9.38,7.94,6.25,1.72,1.94,3.33,2.33,2.79,16.61,9.05,8.18,3.59,16.81,10.94,4.89,17.49
7.95,10.15,8.65,15.09,12.59,9.74,4.63,14.2,9.49,11.5,5.85,9.34,12.29,10.69,11.47,8.8,11.38,14.68,9.16,7.59,12.23,8.45,7.37,7.62,17.44,10.01,13.6,15.3,10.23,8.44,4.44,13.46,7.0,3.53,4.78,13.84,7.95,5.84,9.6,11.71,6.8,6.99,5.54,0.0,3.02,6.94,18.14,16.86,4.24,5.46,13.84,2.41,3.02,6.46,7.48,9.56,8.56,8.95,22.35,3.51,12.63,9.33,21.26,15.39,6.72,11.96
3.19,5.91,4.41,18.12,8.35,5.62,7.65,11.77,12.51,6.18,3.11,12.36,15.31,6.45,7.23,4.04,7.14,17.7,5.04,3.46,15.25,4.21,3.25,10.65,20.46,13.03,16.62,18.32,5.99,4.2,1.71,16.48,2.88,6.56,2.32,16.87,3.71,3.38,12.62,14.74,2.55,2.23,8.56,3.02,0.0,7.34,18.53,17.26,2.41,5.86,14.23,1.48,3.92,6.86,7.88,9.96,8.96,9.35,22.75,2.33,13.03,9.73,21.66,15.79,7.11,13.15
9.4,11.61,10.11,12.05,14.04,11.2,4.04,15.66,6.84,12.96,7.3,6.69,9.24,12.14,12.93,10.26,12.84,11.63,10.61,9.04,9.19,9.91,8.83,4.97,14.39,6.96,10.95,12.25,11.69,9.89,5.9,10.81,8.46,2.75,6.24,10.8,9.41,7.3,6.55,8.67,8.25,8.45,2.49,6.94,7.34,0.0,14.93,13.66,2.16,3.05,11.78,5.45,3.76,4.4,4.28,6.36,5.36,6.89,20.29,6.56,10.57,7.27,19.2,13.33,4.3,15.0
20.59,22.8,21.3,12.47,25.24,22.39,13.92,26.85,8.57,24.15,18.5,8.42,19.86,23.33,24.12,21.45,24.03,22.25,21.81,20.23,19.8,21.1,20.02,7.88,10.36,17.58,2.94,12.67,22.88,21.09,17.09,2.77,19.65,13.13,17.43,21.41,20.6,18.49,17.17,19.28,19.44,19.64,11.9,18.14,18.53,14.93,0.0,1.25,14.42,13.13,18.48,17.72,16.02,12.09,10.86,11.09,9.74,13.1,2.49,18.82,17.27,13.45,25.9,20.03,13.33,27.27
19.32,21.52,20.03,10.29,23.96,21.12,12.65,25.58,7.29,22.87,17.22,7.14,18.58,22.06,22.84,20.17,22.75,20.97,20.53,18.96,18.53,19.82,18.74,6.6,8.18,16.3,1.67,10.49,21.6,19.81,15.81,1.49,18.37,11.86,16.16,20.14,19.32,17.21,15.89,18.01,18.17,18.36,10.63,16.86,17.26,13.66,1.25,0.0,13.17,11.89,17.23,16.47,14.78,10.84,9.62,9.84,8.5,11.85,1.37,17.58,16.03,12.2,24.66,18.79,12.09,26.02
5.06,6.96,5.46,14.2,9.39,7.06,3.7,12.96,8.6,10.26,3.16,8.45,11.4,7.49,8.28,5.92,8.19,13.79,6.47,4.9,11.34,5.26,4.68,6.73,16.55,9.12,12.71,14.41,7.04,5.24,1.76,12.57,4.07,2.61,3.54,12.95,4.76,3.02,8.71,10.82,3.6,4.11,4.65,4.24,2.41,2.16,14.42,13.17,0.0,2.36,10.76,2.56,1.89,3.39,4.41,6.49,5.48,5.87,19.28,3.73,9.55,6.26,18.18,12.32,3.61,14.34
7.92,10.12,8.63,13.89,12.56,9.72,1.66,14.18,7.31,11.47,5.82,7.16,10.04,10.66,11.44,8.77,11.36,12.43,9.13,7.56,9.98,8.43,7.34,5.45,16.23,3.32,11.42,14.09,10.21,8.41,4.42,11.28,6.97,1.16,4.76,11.59,7.93,5.82,7.35,9.46,6.77,6.96,4.29,5.46,5.86,3.05,13.13,11.89,2.36,0.0,9.41,5.6,3.91,2.95,2.69,4.77,3.77,5.02,19.09,6.7,5.11,6.07,16.83,10.97,1.53,15.15
16.3,18.5,17.0,18.98,20.94,18.09,6.43,22.55,12.66,19.85,14.2,12.51,1.66,19.04,19.82,17.15,19.73,4.05,17.51,15.94,1.61,16.8,15.72,10.79,21.33,4.19,16.77,19.18,18.58,16.79,12.79,16.63,15.35,9.2,13.13,3.22,16.3,14.19,1.84,1.09,15.14,15.34,9.38,13.84,14.23,11.78,18.48,17.23,10.76,9.41,0.0,13.03,11.34,7.56,7.54,9.62,8.62,10.05,23.71,14.14,3.02,10.69,8.51,2.64,6.12,22.58
3.54,4.89,3.39,17.5,7.33,5.53,7.03,11.15,11.89,5.16,4.55,11.75,14.69,5.43,6.21,4.39,6.12,17.08,4.95,3.37,14.64,3.19,3.16,10.03,19.84,12.42,16.0,17.7,4.97,3.18,3.15,15.87,2.0,5.94,1.7,16.25,2.69,2.76,12.01,14.12,1.53,2.58,7.94,2.41,1.48,5.45,17.72,16.47,2.56,5.6,13.03,0.0,3.78,6.72,7.74,9.82,8.81,9.2,22.61,2.18,12.89,9.59,21.51,15.65,6.97,13.01
5.99,8.19,6.69,15.81,10.63,7.78,5.34,12.27,10.2,9.57,4.57,10.05,13.0,8.73,9.51,6.84,9.42,15.39,7.2,5.62,12.95,6.49,5.41,8.34,18.15,10.72,14.31,16.01,8.27,6.48,3.16,14.18,5.04,4.25,1.89,14.56,2.83,1.11,10.31,12.43,3.98,5.03,6.25,3.02,3.92,3.76,16.02,14.78,1.89,3.91,11.34,3.78,0.0,5.29,6.31,8.39,7.39,7.78,21.18,4.44,11.46,8.16,20.09,14.22,5.52,13.09
8.92,11.12,9.63,12.08,13.56,10.72,4.03,15.18,6.27,12.47,6.82,6.12,9.23,11.66,12.44,9.77,12.36,11.62,10.13,8.56,9.17,9.43,8.34,4.4,14.42,6.95,10.38,12.28,11.21,9.41,5.42,10.24,7.97,2.74,5.76,10.78,8.93,6.82,6.54,8.65,7.77,7.97,1.72,6.46,6.86,4.4,12.09,10.84,3.39,2.95,7.56,6.72,5.29,0.0,1.98,3.7,2.7,3.16,16.67,8.0,7.13,3.65,15.76,9.89,3.84,16.45
9.94,12.14,10.65,11.42,14.58,11.74,2.96,16.2,5.04,13.49,7.84,4.89,9.2,12.68,13.46,10.79,13.38,11.59,11.15,9.58,9.15,10.45,9.36,3.18,13.76,6.93,9.15,11.62,12.23,10.43,6.44,9.02,8.99,2.48,6.78,10.76,9.95,7.84,6.52,8.63,8.79,8.99,1.94,7.48,7.88,4.28,10.86,9.62,4.41,2.69,7.54,7.74,6.31,1.98,0.0,2.48,1.47,2.73,11.14,8.96,7.4,3.58,16.03,10.17,2.46,17.41
12.02,14.23,12.73,9.94,16.67,13.82,5.35,18.28,5.27,15.58,9.92,5.12,11.29,14.76,15.55,12.88,15.46,13.68,13.23,11.66,11.23,12.53,11.45,3.4,12.28,9.01,9.38,10.14,14.31,12.52,8.52,9.24,11.08,4.56,8.86,12.84,12.03,9.92,8.6,10.71,10.87,11.07,3.33,9.56,9.96,6.36,11.09,9.84,6.49,4.77,9.62,9.82,8.39,3.7,2.48,0.0,1.3,4.17,11.18,10.39,8.84,5.02,17.47,11.61,4.9,18.84
11.02,13.22,11.72,9.82,15.66,12.81,4.35,17.27,3.92,14.57,8.92,3.77,10.28,13.76,14.54,11.87,14.45,12.67,12.23,10.66,10.22,11.52,10.44,2.06,12.16,8.0,8.03,10.02,13.3,11.51,7.51,7.89,10.07,3.56,7.86,11.83,11.02,8.91,7.59,9.7,9.87,10.06,2.33,8.56,8.96,5.36,9.74,8.5,5.48,3.77,8.62,8.81,7.39,2.7,1.47,1.3,0.0,2.91,10.61,9.13,7.59,3.76,16.21,10.35,3.64,17.58
11.41,13.61,12.12,11.34,16.05,13.21,5.6,17.67,7.28,14.96,9.31,7.13,11.72,14.15,14.93,12.26,14.84,14.1,12.62,11.05,11.66,11.91,10.83,5.41,13.69,9.44,11.38,11.55,13.7,11.9,7.91,11.25,10.46,4.81,8.25,13.27,11.42,9.3,9.03,11.14,10.26,10.45,2.79,8.95,9.35,6.89,13.1,11.85,5.87,5.02,10.05,9.2,7.78,3.16,2.73,4.17,2.91,0.0,16.31,10.58,9.18,3.29,17.8,11.94,5.23,19.02
24.81,27.02,25.52,9.77,29.45,26.61,14.02,31.07,8.66,28.37,22.71,8.51,25.38,27.55,28.34,25.67,28.25,27.77,26.02,24.45,25.32,25.32,24.24,7.97,7.66,23.1,3.03,9.97,27.1,25.3,21.31,2.86,23.87,18.88,21.65,26.93,24.82,22.71,22.69,24.8,23.66,23.86,16.61,22.35,22.75,20.29,2.49,1.37,19.28,19.09,23.71,22.61,21.18,16.67,11.14,11.18,10.61,16.31,0.0,23.14,22.31,16.72,30.94,25.07,19.02,31.58
2.11,4.59,3.09,18.61,7.03,3.92,8.14,12.26,13.0,4.86,5.73,12.85,15.8,5.13,5.91,2.96,4.75,18.19,3.34,1.76,15.74,2.89,1.55,11.13,20.95,13.52,17.11,18.81,3.82,2.88,4.33,16.97,1.29,7.04,2.81,17.35,3.69,3.87,13.11,15.22,2.53,2.26,9.05,3.51,2.33,6.56,18.82,17.58,3.73,6.7,14.14,2.18,4.44,8.0,8.96,10.39,9.13,10.58,23.14,0.0,13.52,10.22,22.15,16.28,7.61,13.64
15.09,17.29,15.8,17.78,19.73,16.89,4.3,21.35,11.45,18.64,12.99,11.3,4.69,17.83,18.61,15.94,18.53,7.08,16.3,14.73,4.63,15.59,14.51,9.59,20.12,2.06,15.56,17.98,17.38,15.58,11.59,15.43,14.14,7.99,11.93,6.24,15.1,12.99,2.0,4.11,13.94,14.13,8.18,12.63,13.03,10.57,17.27,16.03,9.55,5.11,3.02,12.89,11.46,7.13,7.4,8.84,7.59,9.18,22.31,13.52,0.0,10.77,12.3,6.43,6.01,22.65
11.79,14.0,12.5,12.19,16.43,13.59,7.15,18.05,7.62,15.34,9.69,7.48,12.36,14.53,15.32,12.64,15.23,14.74,13.0,11.43,12.3,12.3,11.22,5.76,14.53,10.08,11.73,12.39,14.08,12.28,8.29,11.6,10.85,5.86,8.63,13.91,11.8,9.69,9.67,11.78,10.64,10.84,3.59,9.33,9.73,7.27,13.45,12.2,6.26,6.07,10.69,9.59,8.16,3.65,3.58,5.02,3.76,3.29,16.72,10.22,10.77,0.0,21.64,15.78,9.72,22.29
23.72,25.92,24.42,26.4,28.36,25.51,13.85,29.97,20.08,27.27,21.62,19.93,7.41,26.46,27.24,24.57,27.15,4.46,24.93,23.36,9.36,24.22,23.14,18.21,28.75,11.61,24.19,26.6,26.0,24.21,20.21,24.05,22.77,16.62,20.56,5.97,23.72,21.61,9.27,8.17,22.57,22.76,16.81,21.26,21.66,19.2,25.9,24.66,18.18,16.83,8.51,21.51,20.09,15.76,16.03,17.47,16.21,17.8,30.94,22.15,12.3,21.64,0.0,7.22,14.39,30.85
17.85,20.06,18.56,20.54,22.49,19.65,7.98,24.11,14.21,21.4,15.75,14.06,1.54,20.59,21.38,18.7,21.29,3.0,19.06,17.49,3.5,18.36,17.27,12.35,22.88,5.74,18.32,20.74,20.14,18.34,14.35,18.19,16.91,10.76,14.69,3.82,17.86,15.75,3.4,2.31,16.7,16.9,10.94,15.39,15.79,13.33,20.03,18.79,12.32,10.97,2.64,15.65,14.22,9.89,10.17,11.61,10.35,11.94,25.07,16.28,6.43,15.78,7.22,0.0,8.52,24.98
9.17,11.38,9.88,14.48,13.82,10.97,1.85,15.43,7.51,12.73,7.08,7.36,7.78,11.91,12.7,10.03,12.61,10.17,10.39,8.81,7.73,9.68,8.6,5.64,16.83,3.51,11.62,14.69,11.46,9.67,5.67,11.48,8.23,1.86,6.01,9.34,9.18,7.07,5.1,7.21,8.02,8.22,4.89,6.72,7.11,4.3,13.33,12.09,3.61,1.53,6.12,6.97,5.52,3.84,2.46,4.9,3.64,5.23,19.02,7.61,6.01,9.72,14.39,8.52,0.0,16.4
15.21,8.02,8.78,27.05,12.71,11.81,16.58,3.4,21.44,6.9,16.55,21.3,24.24,10.81,11.6,16.06,11.51,26.63,11.46,14.85,24.19,10.88,14.63,19.58,29.39,21.97,25.55,27.25,10.36,9.14,15.15,25.42,9.83,15.49,11.46,25.8,13.88,12.51,21.56,23.67,10.66,14.26,17.49,11.96,13.15,15.0,27.27,26.02,14.34,15.15,22.58,13.01,13.09,16.45,17.41,18.84,17.58,19.02,31.58,13.64,22.65,22.29,30.85,24.98,16.4,0.0
