0.0,5.7,7.81,7.59,8.69,0.72,8.24,6.7,6.3,7.85,6.65,9.05,2.1,7.49,10.02,6.94,7.45,2.87,11.78,18.7,6.73,1.56,11.83,20.2,3.17,6.34,9.6,6.62,9.11,7.24,5.93,9.91,8.92,9.11,9.11,1.25,3.27,5.68,5.03,7.71,11.61,5.66,4.86,5.66,11.91,6.86,6.19,7.29,11.36,6.89,4.35
5.7,0.0,9.63,9.42,10.52,6.7,7.29,9.18,4.92,9.68,6.23,12.19,7.07,9.32,13.16,5.43,9.28,6.26,13.1,20.53,8.56,6.99,13.65,22.02,5.29,8.17,11.42,8.45,10.93,9.06,4.71,11.22,10.23,8.16,12.26,5.89,5.09,5.25,3.65,10.6,12.92,8.15,6.68,7.49,13.22,8.68,8.68,10.06,5.66,9.38,3.93
7.81,9.63,0.0,1.07,3.98,7.43,11.85,6.02,10.35,4.97,9.16,6.59,7.81,5.55,7.56,10.99,2.74,6.99,11.08,14.55,2.98,7.73,8.94,14.04,6.02,4.24,6.72,1.5,6.22,4.35,8.43,9.21,8.22,12.72,6.66,6.63,4.88,8.19,9.09,7.03,10.91,4.98,3.52,2.57,7.43,3.97,5.51,5.18,15.42,6.21,6.86
7.59,9.42,1.07,0.0,3.76,7.22,11.64,5.8,10.14,4.75,8.94,6.38,7.59,5.34,7.35,10.78,2.53,6.78,10.87,14.34,2.77,7.51,8.72,13.82,5.81,4.03,6.5,1.28,6.01,4.14,8.22,8.99,8.0,12.51,6.44,6.41,4.66,7.97,8.87,6.81,10.7,4.77,3.31,2.35,7.21,3.76,5.29,4.97,15.2,6.0,6.64
8.69,10.52,3.98,3.76,0.0,8.32,12.74,6.9,11.24,5.85,10.04,7.48,8.69,6.44,8.45,11.88,2.62,7.87,11.97,12.22,3.86,8.61,9.82,13.71,6.91,5.12,7.6,2.97,7.11,5.24,9.32,10.09,9.1,11.19,7.54,7.51,5.76,9.07,9.97,7.91,11.79,5.87,4.41,3.45,8.31,4.86,6.39,6.07,16.3,7.09,7.74
0.72,6.7,7.43,7.22,8.32,0.0,7.94,6.4,6.0,7.56,6.36,8.75,2.25,7.2,9.72,6.64,7.16,2.57,11.49,18.41,6.44,1.71,11.53,19.9,2.87,6.05,9.3,6.33,8.81,6.94,5.63,9.62,8.63,8.81,8.82,0.8,2.97,5.38,4.74,7.41,11.32,5.37,4.56,5.37,11.61,6.56,5.9,6.99,11.07,6.6,4.05
8.24,7.29,11.85,11.64,12.74,7.94,0.0,10.45,6.48,12.97,3.63,13.46,8.64,12.59,14.43,6.69,12.57,7.82,14.36,18.36,11.85,8.56,16.94,19.86,6.85,11.46,14.71,11.73,14.22,12.35,6.27,12.49,11.5,2.41,13.52,7.46,6.66,3.05,5.21,11.86,14.19,9.42,8.25,10.78,14.49,11.97,9.94,11.32,11.54,10.64,3.76
6.7,9.18,6.02,5.8,6.9,6.4,10.45,0.0,8.1,5.93,8.78,4.56,6.81,5.55,5.53,8.74,5.53,6.0,6.52,16.77,4.81,6.74,9.9,18.26,5.03,4.42,7.67,4.69,7.18,5.31,7.89,3.59,3.51,10.47,4.63,5.64,3.89,7.81,6.83,3.22,6.35,1.75,3.7,3.74,6.65,4.93,1.71,3.09,13.16,1.27,6.48
6.3,4.92,10.35,10.14,11.24,6.0,6.48,8.1,0.0,9.01,5.56,11.52,6.4,8.65,12.49,4.76,8.61,5.59,12.43,19.86,7.89,6.32,12.98,21.36,4.62,7.5,10.76,7.78,10.26,8.39,1.28,10.56,9.57,7.49,11.59,5.22,4.42,4.59,1.51,9.93,12.26,7.48,6.01,6.82,12.55,8.01,8.01,9.39,9.18,8.71,3.26
7.85,9.68,4.97,4.75,5.85,7.56,12.97,5.93,9.01,0.0,9.23,5.82,7.88,5.62,6.79,11.06,4.6,7.06,11.15,9.99,3.88,7.8,3.97,9.07,6.09,3.47,1.75,3.77,1.25,2.54,8.5,9.28,8.29,12.79,5.88,6.7,4.95,8.25,9.16,7.1,10.98,5.05,3.59,2.65,6.65,2.16,5.58,4.41,15.49,6.28,6.93
6.65,6.23,9.16,8.94,10.04,6.36,3.63,8.78,5.56,9.23,0.0,12.85,6.71,8.95,13.82,6.09,8.92,5.89,13.76,18.82,8.19,6.63,13.29,20.31,4.93,7.81,11.06,8.08,10.57,8.7,4.62,11.89,10.9,1.79,12.92,5.53,4.73,1.19,4.18,11.26,13.59,8.81,6.32,7.12,13.88,8.32,9.34,8.75,10.51,10.04,2.43
9.05,12.19,6.59,6.38,7.48,8.75,13.46,4.56,11.52,5.82,12.85,0.0,9.15,6.49,1.37,11.07,6.15,8.33,3.38,17.7,5.43,9.07,9.75,17.51,7.37,2.76,7.52,5.32,7.03,4.63,10.23,5.01,2.82,12.8,1.04,7.97,5.81,10.14,9.17,2.45,3.84,4.09,4.46,4.36,2.54,4.78,2.84,1.61,15.5,4.74,8.81
2.1,7.07,7.81,7.59,8.69,2.25,8.64,6.81,6.4,7.88,6.71,9.15,0.0,7.57,10.09,7.02,7.53,2.94,11.86,18.78,6.81,0.9,11.9,20.28,3.25,6.42,9.68,6.7,9.19,7.31,6.01,9.99,9.0,9.19,9.19,1.65,3.34,5.76,5.11,7.79,11.69,5.74,4.93,5.74,11.98,6.93,6.27,7.36,11.44,6.97,4.43
7.49,9.32,5.55,5.34,6.44,7.2,12.59,5.55,8.65,5.62,8.95,6.49,7.57,0.0,11.18,14.19,5.35,10.19,14.28,11.21,8.24,10.93,13.34,12.71,9.22,7.86,11.11,5.7,10.62,8.75,11.63,12.4,11.41,10.18,10.27,9.83,8.08,11.38,12.28,10.22,14.1,8.17,7.14,7.17,11.04,8.37,8.7,8.8,18.61,9.4,10.05
10.02,13.16,7.56,7.35,8.45,9.72,14.43,5.53,12.49,6.79,13.82,1.37,10.09,11.18,0.0,12.09,7.17,9.35,2.63,18.72,6.44,10.08,13.48,16.75,8.38,4.33,8.53,6.33,8.04,5.64,11.24,4.55,3.83,13.82,1.2,8.98,6.83,11.16,10.18,2.47,3.08,5.1,5.47,5.37,1.51,5.79,3.85,2.62,16.51,5.76,9.83
6.94,5.43,10.99,10.78,11.88,6.64,6.69,8.74,4.76,11.06,6.09,11.07,7.02,14.19,12.09,0.0,5.88,6.36,7.67,17.11,5.15,7.1,10.25,18.61,5.39,4.77,8.02,5.04,7.53,5.66,8.25,5.8,4.81,10.83,6.83,6.0,4.25,8.17,7.19,5.17,7.5,2.72,4.05,4.08,7.79,5.28,3.25,4.63,13.52,3.95,6.84
7.45,9.28,2.74,2.53,2.62,7.16,12.57,5.53,8.61,4.6,8.92,6.15,7.53,5.35,7.17,5.88,0.0,6.64,10.73,13.2,2.63,7.37,8.59,14.69,5.67,3.89,6.36,1.73,5.87,4.0,8.08,8.86,7.87,12.37,6.3,6.27,4.52,7.83,8.73,6.67,10.56,4.63,3.17,2.21,7.07,3.62,5.15,4.83,15.06,5.86,6.5
2.87,6.26,6.99,6.78,7.87,2.57,7.82,6.0,5.59,7.06,5.89,8.33,2.94,10.19,9.35,6.36,6.64,0.0,11.05,17.97,6.0,2.87,11.09,19.46,2.43,5.61,8.86,5.89,8.37,6.5,5.19,9.18,8.19,8.37,8.38,1.77,2.53,4.94,4.3,6.97,10.88,4.93,4.12,4.93,11.17,6.12,5.45,6.55,10.63,6.16,3.61
11.78,13.1,11.08,10.87,11.97,11.49,14.36,6.52,12.43,11.15,13.76,3.38,11.86,14.28,2.63,7.67,10.73,11.05,0.0,16.5,9.71,11.65,12.31,15.58,9.94,5.51,12.58,9.6,12.09,6.83,12.4,3.38,4.38,14.97,2.48,10.55,8.79,12.31,11.34,3.15,1.92,7.27,8.61,8.64,1.5,9.84,5.43,3.81,17.67,7.79,10.98
18.7,20.53,14.55,14.34,12.22,18.41,18.36,16.77,19.86,9.99,18.82,17.7,18.78,11.21,18.72,17.11,13.2,17.97,16.5,0.0,16.19,18.87,7.76,5.34,17.16,15.8,9.12,13.94,9.28,11.49,19.58,18.77,19.36,18.14,18.74,17.77,16.02,19.33,20.22,18.16,16.17,16.12,15.08,15.12,17.77,12.08,16.64,16.74,26.55,17.35,18.0
6.73,8.56,2.98,2.77,3.86,6.44,11.85,4.81,7.89,3.88,8.19,5.43,6.81,8.24,6.44,5.15,2.63,6.0,9.71,16.19,0.0,6.65,7.86,12.96,4.95,3.17,5.64,1.79,5.15,3.28,7.36,8.13,7.14,11.65,5.58,5.55,3.8,7.11,8.01,5.95,9.84,3.91,2.45,1.49,6.35,2.9,4.43,4.11,14.34,5.14,5.78
1.56,6.99,7.73,7.51,8.61,1.71,8.56,6.74,6.32,7.8,6.63,9.07,0.9,10.93,10.08,7.1,7.37,2.87,11.65,18.87,6.65,0.0,11.82,20.2,3.17,6.34,9.6,6.62,9.11,7.24,5.93,9.91,8.92,9.11,9.11,1.38,3.26,5.68,5.03,7.71,11.61,5.66,4.85,5.66,11.91,6.86,6.19,7.29,11.36,6.89,4.35
11.83,13.65,8.94,8.72,9.82,11.53,16.94,9.9,12.98,3.97,13.29,9.75,11.9,13.34,13.48,10.25,8.59,11.09,12.31,7.76,7.86,11.82,0.0,6.87,10.07,7.44,3.17,7.74,3.34,5.55,12.48,12.69,13.68,16.77,12.66,10.67,8.92,12.23,13.13,14.04,10.08,9.03,7.57,6.62,11.68,6.14,9.55,8.38,19.46,10.26,10.9
20.2,22.02,14.04,13.82,13.71,19.9,19.86,18.26,21.36,9.07,20.31,17.51,20.28,12.71,16.75,18.61,14.69,19.46,15.58,5.34,12.96,20.2,6.87,0.0,18.63,12.49,8.23,12.8,8.39,10.6,21.04,16.04,17.03,19.61,16.01,19.23,17.48,20.79,21.68,17.39,13.43,17.58,12.62,11.68,15.03,11.19,18.11,13.44,28.01,18.81,19.46
3.17,5.29,6.02,5.81,6.91,2.87,6.85,5.03,4.62,6.09,4.93,7.37,3.25,9.22,8.38,5.39,5.67,2.43,9.94,17.16,4.95,3.17,10.07,18.63,0.0,4.64,7.89,4.92,7.4,5.53,4.22,8.21,7.22,7.4,7.41,2.07,1.56,3.97,3.33,6.0,9.91,3.96,3.15,3.96,10.2,5.15,4.49,5.58,9.66,5.19,2.64
6.34,8.17,4.24,4.03,5.12,6.05,11.46,4.42,7.5,3.47,7.81,2.76,6.42,7.86,4.33,4.77,3.89,5.61,5.51,15.8,3.17,6.34,7.44,12.49,4.64,0.0,5.23,3.03,4.74,2.34,7.08,5.75,3.56,11.37,3.44,5.27,3.52,6.83,7.73,3.19,6.02,3.63,2.17,2.07,4.21,2.49,2.52,1.96,14.06,4.22,5.5
9.6,11.42,6.72,6.5,7.6,9.3,14.71,7.67,10.76,1.75,11.06,7.52,9.68,11.11,8.53,8.02,6.36,8.86,12.58,9.12,5.64,9.6,3.17,8.23,7.89,5.23,0.0,5.52,1.11,3.32,10.25,11.03,10.04,14.54,7.63,8.45,6.69,10.0,10.9,8.84,11.51,6.8,5.34,4.4,8.4,3.91,7.33,6.16,17.23,8.03,8.67
6.62,8.45,1.5,1.28,2.97,6.33,11.73,4.69,7.78,3.77,8.08,5.32,6.7,5.7,6.33,5.04,1.73,5.89,9.6,13.94,1.79,6.62,7.74,12.8,4.92,3.03,5.52,0.0,5.04,3.16,7.25,8.02,7.03,11.53,5.47,5.44,3.69,7.0,7.9,5.84,9.72,3.8,2.34,1.38,6.24,2.78,4.32,4.0,14.23,5.02,5.67
9.11,10.93,6.22,6.01,7.11,8.81,14.22,7.18,10.26,1.25,10.57,7.03,9.19,10.62,8.04,7.53,5.87,8.37,12.09,9.28,5.15,9.11,3.34,8.39,7.4,4.74,1.11,5.04,0.0,2.07,9.76,10.54,9.55,14.05,7.14,7.95,6.2,9.51,10.41,8.35,11.68,6.31,4.85,3.9,7.91,3.42,6.83,5.66,16.74,7.54,8.18
7.24,9.06,4.35,4.14,5.24,6.94,12.35,5.31,8.39,2.54,8.7,4.63,7.31,8.75,5.64,5.66,4.0,6.5,6.83,11.49,3.28,7.24,5.55,10.6,5.53,2.34,3.32,3.16,2.07,0.0,7.89,8.67,4.86,12.18,4.74,6.08,4.33,7.64,8.54,4.49,10.37,4.44,2.98,2.03,5.51,1.55,3.82,3.27,14.87,5.67,6.31
5.93,4.71,8.43,8.22,9.32,5.63,6.27,7.89,1.28,8.5,4.62,10.23,6.01,11.63,11.24,8.25,8.08,5.19,12.4,19.58,7.36,5.93,12.48,21.04,4.22,7.08,10.25,7.25,9.76,7.89,0.0,10.35,9.36,5.84,11.38,4.77,3.97,3.71,1.19,9.72,12.05,7.27,5.55,6.36,12.34,7.56,7.8,9.18,8.98,8.5,2.38
9.91,11.22,9.21,8.99,10.09,9.62,12.49,3.59,10.56,9.28,11.89,5.01,9.99,12.4,4.55,5.8,8.86,9.18,3.38,18.77,8.13,9.91,12.69,16.04,8.21,5.75,11.03,8.02,10.54,8.67,10.35,0.0,2.94,13.75,4.49,9.32,7.57,11.09,10.11,3.31,3.22,6.05,7.38,7.42,3.52,8.61,4.0,3.96,16.44,4.8,9.76
8.92,10.23,8.22,8.0,9.1,8.63,11.5,3.51,9.57,8.29,10.9,2.82,9.0,11.41,3.83,4.81,7.87,8.19,4.38,19.36,7.14,8.92,13.68,17.03,7.22,3.56,10.04,7.03,9.55,4.86,9.36,2.94,0.0,12.09,2.92,7.66,5.91,9.43,8.45,1.27,5.09,2.72,5.72,5.76,2.93,6.95,1.95,1.92,14.78,3.37,8.1
9.11,8.16,12.72,12.51,11.19,8.81,2.41,10.47,7.49,12.79,1.79,12.8,9.19,10.18,13.82,10.83,12.37,8.37,14.97,18.14,11.65,9.11,16.77,19.61,7.4,11.37,14.54,11.53,14.05,12.18,5.84,13.75,12.09,0.0,14.42,6.68,5.88,2.34,6.11,12.76,15.09,10.31,7.47,8.28,15.38,9.47,10.84,12.22,12.44,11.54,3.58
9.11,12.26,6.66,6.44,7.54,8.82,13.52,4.63,11.59,5.88,12.92,1.04,9.19,10.27,1.2,6.83,6.3,8.38,2.48,18.74,5.58,9.11,12.66,16.01,7.41,3.44,7.63,5.47,7.14,4.74,11.38,4.49,2.92,14.42,0.0,8.04,5.88,10.21,9.23,1.47,2.97,4.15,4.53,4.43,1.45,4.84,2.9,1.67,15.56,4.81,8.88
1.25,5.89,6.63,6.41,7.51,0.8,7.46,5.64,5.22,6.7,5.53,7.97,1.65,9.83,8.98,6.0,6.27,1.77,10.55,17.77,5.55,1.38,10.67,19.23,2.07,5.27,8.45,5.44,7.95,6.08,4.77,9.32,7.66,6.68,8.04,0.0,2.17,4.58,3.93,6.61,10.51,4.56,3.76,4.56,10.81,5.76,5.09,6.19,10.26,5.79,3.25
3.27,5.09,4.88,4.66,5.76,2.97,6.66,3.89,4.42,4.95,4.73,5.81,3.34,8.08,6.83,4.25,4.52,2.53,8.79,16.02,3.8,3.26,8.92,17.48,1.56,3.52,6.69,3.69,6.2,4.33,3.97,7.57,5.91,5.88,5.88,2.17,0.0,3.75,3.11,4.86,8.77,2.82,2.01,2.82,9.06,4.01,3.35,4.44,9.44,4.05,2.42
5.68,5.25,8.19,7.97,9.07,5.38,3.05,7.81,4.59,8.25,1.19,10.14,5.76,11.38,11.16,8.17,7.83,4.94,12.31,19.33,7.11,5.68,12.23,20.79,3.97,6.83,10.0,7.0,9.51,7.64,3.71,11.09,9.43,2.34,10.21,4.58,3.75,0.0,3.21,10.29,12.61,7.84,5.34,6.15,12.91,7.35,8.36,7.78,9.54,9.07,1.46
5.03,3.65,9.09,8.87,9.97,4.74,5.21,6.83,1.51,9.16,4.18,9.17,5.11,12.28,10.18,7.19,8.73,4.3,11.34,20.22,8.01,5.03,13.13,21.68,3.33,7.73,10.9,7.9,10.41,8.54,1.19,10.11,8.45,6.11,9.23,3.93,3.11,3.21,0.0,8.66,10.99,6.21,4.75,5.55,11.28,6.75,6.74,8.12,7.91,7.44,1.99
7.71,10.6,7.03,6.81,7.91,7.41,11.86,3.22,9.93,7.1,11.26,2.45,7.79,10.22,2.47,5.17,6.67,6.97,3.15,18.16,5.95,7.71,14.04,17.39,6.0,3.19,8.84,5.84,8.35,4.49,9.72,3.31,1.27,12.76,1.47,6.61,4.86,10.29,8.66,0.0,3.64,2.77,4.71,4.75,1.83,5.94,1.52,1.48,14.18,3.42,7.5
11.61,12.92,10.91,10.7,11.79,11.32,14.19,6.35,12.26,10.98,13.59,3.84,11.69,14.1,3.08,7.5,10.56,10.88,1.92,16.17,9.84,11.61,10.08,13.43,9.91,6.02,11.51,9.72,11.68,10.37,12.05,3.22,5.09,15.09,2.97,10.51,8.77,12.61,10.99,3.64,0.0,7.11,8.45,8.48,1.96,9.68,5.27,5.24,17.51,7.63,10.82
5.66,8.15,4.98,4.77,5.87,5.37,9.42,1.75,7.48,5.05,8.81,4.09,5.74,8.17,5.1,2.72,4.63,4.93,7.27,16.12,3.91,5.66,9.03,17.58,3.96,3.63,6.8,3.8,6.31,4.44,7.27,6.05,2.72,10.31,4.15,4.56,2.82,7.84,6.21,2.77,7.11,0.0,2.16,2.2,4.57,3.39,1.3,2.68,12.07,2.0,5.39
4.86,6.68,3.52,3.31,4.41,4.56,8.25,3.7,6.01,3.59,6.32,4.46,4.93,7.14,5.47,4.05,3.17,4.12,8.61,15.08,2.45,4.85,7.57,12.62,3.15,2.17,5.34,2.34,4.85,2.98,5.55,7.38,5.72,7.47,4.53,3.76,2.01,5.34,4.75,4.71,8.45,2.16,0.0,1.4,5.26,2.59,3.48,3.02,11.04,4.18,4.02
5.66,7.49,2.57,2.35,3.45,5.37,10.78,3.74,6.82,2.65,7.12,4.36,5.74,7.17,5.37,4.08,2.21,4.93,8.64,15.12,1.49,5.66,6.62,11.68,3.96,2.07,4.4,1.38,3.9,2.03,6.36,7.42,5.76,8.28,4.43,4.56,2.82,6.15,5.55,4.75,8.48,2.2,1.4,0.0,5.28,1.29,3.36,3.04,13.27,4.07,4.71
11.91,13.22,7.43,7.21,8.31,11.61,14.49,6.65,12.55,6.65,13.88,2.54,11.98,11.04,1.51,7.79,7.07,11.17,1.5,17.77,6.35,11.91,11.68,15.03,10.2,4.21,8.4,6.24,7.91,5.51,12.34,3.52,2.93,15.38,1.45,10.81,9.06,12.91,11.28,1.83,1.96,4.57,5.26,5.28,0.0,5.66,3.27,2.48,17.74,5.18,11.06
6.86,8.68,3.97,3.76,4.86,6.56,11.97,4.93,8.01,2.16,8.32,4.78,6.93,8.37,5.79,5.28,3.62,6.12,9.84,12.08,2.9,6.86,6.14,11.19,5.15,2.49,3.91,2.78,3.42,1.55,7.56,8.61,6.95,9.47,4.84,5.76,4.01,7.35,6.75,5.94,9.68,3.39,2.59,1.29,5.66,0.0,4.58,3.41,14.49,5.29,5.93
6.19,8.68,5.51,5.29,6.39,5.9,9.94,1.71,8.01,5.58,9.34,2.84,6.27,8.7,3.85,3.25,5.15,5.45,5.43,16.64,4.43,6.19,9.55,18.11,4.49,2.52,7.33,4.32,6.83,3.82,7.8,4.0,1.95,10.84,2.9,5.09,3.35,8.36,6.74,1.52,5.27,1.3,3.48,3.36,3.27,4.58,0.0,1.47,12.66,1.91,5.98
7.29,10.06,5.18,4.97,6.07,6.99,11.32,3.09,9.39,4.41,8.75,1.61,7.36,8.8,2.62,4.63,4.83,6.55,3.81,16.74,4.11,7.29,8.38,13.44,5.58,1.96,6.16,4.0,5.66,3.27,9.18,3.96,1.92,12.22,1.67,6.19,4.44,7.78,8.12,1.48,5.24,2.68,3.02,3.04,2.48,3.41,1.47,0.0,13.79,3.04,7.11
11.36,5.66,15.42,15.2,16.3,11.07,11.54,13.16,9.18,15.49,10.51,15.5,11.44,18.61,16.51,13.52,15.06,10.63,17.67,26.55,14.34,11.36,19.46,28.01,9.66,14.06,17.23,14.23,16.74,14.87,8.98,16.44,14.78,12.44,15.56,10.26,9.44,9.54,7.91,14.18,17.51,12.07,11.04,13.27,17.74,14.49,12.66,13.79,0.0,11.06,5.61
6.89,9.38,6.21,6.0,7.09,6.6,10.64,1.27,8.71,6.28,10.04,4.74,6.97,9.4,5.76,3.95,5.86,6.16,7.79,17.35,5.14,6.89,10.26,18.81,5.19,4.22,8.03,5.02,7.54,5.67,8.5,4.8,3.37,11.54,4.81,5.79,4.05,9.07,7.44,3.42,7.63,2.0,4.18,4.07,5.18,5.29,1.91,3.04,11.06,0.0,6.68
4.35,3.93,6.86,6.64,7.74,4.05,3.76,6.48,3.26,6.93,2.43,8.81,4.43,10.05,9.83,6.84,6.5,3.61,10.98,18.0,5.78,4.35,10.9,19.46,2.64,5.5,8.67,5.67,8.18,6.31,2.38,9.76,8.1,3.58,8.88,3.25,2.42,1.46,1.99,7.5,10.82,5.39,4.02,4.71,11.06,5.93,5.98,7.11,5.61,6.68,0.0
