0.0,6.69,5.57,6.25,4.09,4.55,6.8,3.28,3.52,6.1,2.28,6.14,5.42,7.17,4.27,8.53,2.21,5.24,2.3,7.18,8.67,4.27,5.84,2.69,4.63,7.03,8.36,8.0,6.68,3.82,3.32,4.14,5.51,3.6,6.0,4.57,5.04,7.72,7.94,7.35,5.41,5.51,3.26,3.95,6.4
6.69,0.0,3.43,7.92,5.76,8.78,13.76,7.49,5.19,8.82,8.84,5.89,8.14,9.89,7.74,15.33,4.59,9.47,8.86,11.41,15.47,10.83,10.68,6.92,2.52,11.26,15.32,10.72,9.4,10.38,9.88,10.7,8.23,3.23,12.56,4.33,11.87,14.52,14.74,14.31,11.97,6.93,5.74,5.01,8.07
5.57,3.43,0.0,8.42,6.26,5.35,10.33,4.07,4.33,7.81,5.42,5.54,7.13,8.88,6.73,11.91,3.73,6.05,5.43,7.99,12.04,7.41,8.97,3.49,1.32,7.83,11.89,9.71,8.39,6.96,6.45,7.28,7.22,2.38,9.14,3.47,8.44,11.09,11.31,10.88,8.54,5.92,2.32,4.16,8.56
6.25,7.92,8.42,0.0,2.16,13.14,11.9,11.86,4.72,8.15,8.16,7.34,7.47,9.22,7.07,13.63,4.04,13.83,9.77,11.18,13.77,9.73,10.01,11.28,5.84,12.16,13.46,10.05,8.73,9.78,8.16,9.24,7.56,4.8,11.1,5.77,10.14,12.82,13.03,12.45,10.5,6.26,10.11,5.15,1.34
4.09,5.76,6.26,2.16,0.0,9.72,8.17,8.43,2.56,4.43,4.44,5.18,3.74,5.49,3.35,9.91,1.88,10.41,6.04,7.45,10.04,6.01,6.28,7.86,3.67,8.44,9.74,6.32,5.0,6.06,4.44,5.52,3.83,2.64,7.38,3.61,6.41,9.09,9.31,8.72,6.78,2.53,6.69,2.99,2.31
4.55,8.78,5.35,13.14,9.72,0.0,6.79,1.56,7.86,8.29,4.47,10.83,7.6,9.35,6.46,8.37,6.55,2.51,4.49,4.45,8.51,6.83,8.16,1.8,6.6,4.29,8.36,9.99,8.87,6.01,5.5,6.47,7.7,7.66,8.51,8.75,4.9,7.56,7.77,7.34,6.62,7.69,2.97,8.29,11.67
6.8,13.76,10.33,11.9,8.17,6.79,0.0,8.1,9.3,7.57,5.43,11.91,6.88,7.31,5.74,4.49,8.62,6.75,5.44,1.87,3.08,3.93,5.26,6.9,11.7,3.55,2.77,6.63,6.31,4.25,4.28,3.57,6.97,9.38,5.16,10.34,2.24,3.15,4.42,1.75,3.72,6.97,8.07,9.73,10.48
3.28,7.49,4.07,11.86,8.43,1.56,8.1,0.0,6.57,6.99,3.17,9.51,6.31,8.06,5.16,9.71,5.26,3.8,3.19,5.79,9.84,5.16,6.73,1.25,5.29,5.63,9.69,8.89,7.57,4.71,4.21,5.03,6.4,6.34,6.89,7.44,6.24,8.89,9.11,8.68,7.95,6.39,1.66,7.0,10.35
3.52,5.19,4.33,4.72,2.56,7.86,9.3,6.57,0.0,5.54,5.55,4.6,4.86,6.61,4.46,11.02,1.31,8.53,5.58,8.57,11.16,7.12,7.4,5.98,3.1,9.55,10.85,7.44,6.12,7.17,5.55,6.63,4.95,2.07,8.49,3.04,7.53,10.21,10.43,9.84,7.89,3.65,6.65,1.91,4.79
6.1,8.82,7.81,8.15,4.43,8.29,7.57,6.99,5.54,0.0,3.87,8.2,2.26,2.18,2.78,6.14,4.91,9.0,5.47,6.88,6.28,5.44,2.97,6.45,6.7,7.87,7.5,3.01,1.69,5.49,3.87,3.99,1.13,5.67,3.65,6.64,5.84,5.62,5.14,6.65,4.57,3.26,7.71,6.02,6.77
2.28,8.84,5.42,8.16,4.44,4.47,5.43,3.17,5.55,3.87,0.0,8.16,3.14,4.89,1.99,7.25,4.26,5.14,1.61,4.8,7.39,3.35,4.55,2.58,6.78,5.78,7.08,5.71,4.4,2.44,1.04,2.86,3.23,5.63,4.72,6.6,3.76,6.44,6.65,6.07,4.12,3.22,3.15,5.98,6.73
6.14,5.89,5.54,7.34,5.18,10.83,11.91,9.51,4.6,8.2,8.16,0.0,7.34,9.09,6.94,13.5,3.79,11.48,8.06,11.05,13.64,9.6,9.88,8.92,3.67,13.26,13.33,9.92,8.6,9.65,8.03,9.11,7.43,2.64,10.97,1.66,10.01,12.69,12.91,12.32,10.38,6.13,7.75,4.22,7.27
5.42,8.14,7.13,7.47,3.74,7.6,6.88,6.31,4.86,2.26,3.14,7.34,0.0,3.33,2.1,7.29,4.22,8.32,4.79,6.2,7.43,4.75,4.12,5.77,6.02,7.18,8.48,4.16,2.84,4.8,3.19,4.26,1.67,4.98,4.8,5.95,5.16,7.84,6.29,7.47,5.53,2.58,7.02,5.34,6.09
7.17,9.89,8.88,9.22,5.49,9.35,7.31,8.06,6.61,2.18,4.89,9.09,3.33,0.0,3.85,5.42,5.97,10.07,6.54,6.56,5.56,5.12,2.76,7.52,7.77,7.55,6.77,1.01,1.48,5.43,4.94,3.78,2.19,6.73,3.44,7.7,5.52,4.89,4.41,5.93,4.36,4.33,8.77,7.09,7.84
4.27,7.74,6.73,7.07,3.35,6.46,5.74,5.16,4.46,2.78,1.99,6.94,2.1,3.85,0.0,7.51,3.83,7.17,3.64,5.05,7.64,3.61,4.81,4.62,5.62,6.04,7.34,4.67,3.36,3.66,2.04,3.11,2.19,4.59,4.98,5.56,4.01,6.69,6.91,6.32,4.38,2.18,5.19,4.94,5.69
8.53,15.33,11.91,13.63,9.91,8.37,4.49,9.71,11.02,6.14,7.25,13.5,7.29,5.42,7.51,0.0,10.57,8.44,7.4,5.13,1.86,5.89,3.85,8.6,13.4,6.06,2.76,4.31,4.9,6.2,6.23,4.36,6.12,11.33,2.84,12.3,3.95,2.15,1.35,3.18,2.84,8.93,9.77,11.68,12.43
2.21,4.59,3.73,4.04,1.88,6.55,8.62,5.26,1.31,4.91,4.26,3.79,4.22,5.97,3.83,10.57,0.0,7.22,4.28,7.97,10.56,6.52,6.8,4.67,2.42,9.01,10.25,6.84,5.52,5.8,4.95,6.03,4.35,1.39,7.89,2.36,6.93,9.61,9.82,9.24,7.29,3.05,5.24,1.74,4.18
5.24,9.47,6.05,13.83,10.41,2.51,6.75,3.8,8.53,9.0,5.14,11.48,8.32,10.07,7.17,8.44,7.22,0.0,5.3,4.27,8.33,6.65,7.98,2.62,7.42,4.12,8.18,9.81,9.03,6.97,7.0,6.29,8.51,8.47,8.33,9.57,4.73,7.38,7.59,7.16,6.44,8.51,3.79,9.11,12.48
2.3,8.86,5.43,9.77,6.04,4.49,5.44,3.19,5.58,5.47,1.61,8.06,4.79,6.54,3.64,7.4,4.28,5.3,0.0,4.82,7.41,3.01,4.57,2.6,6.8,6.94,7.1,7.32,6.0,2.56,1.87,2.88,4.83,5.66,4.74,6.63,3.78,6.46,6.67,6.09,4.14,4.83,3.17,6.01,8.34
7.18,11.41,7.99,11.18,7.45,4.45,1.87,5.79,8.57,6.88,4.8,11.05,6.2,6.56,5.05,5.13,7.97,4.27,4.82,0.0,5.15,3.21,4.54,5.0,9.79,1.64,3.44,6.63,5.59,3.53,3.56,2.85,6.25,8.66,5.16,9.62,1.52,4.2,4.41,2.42,3.0,6.25,6.17,9.01,9.76
8.67,15.47,12.04,13.77,10.04,8.51,3.08,9.84,11.16,6.28,7.39,13.64,7.43,5.56,7.64,1.86,10.56,8.33,7.41,5.15,0.0,5.41,3.99,8.13,12.92,5.58,1.35,4.45,5.03,5.72,5.75,4.49,6.26,10.85,2.97,11.82,3.48,1.49,1.88,1.97,2.98,8.45,9.3,11.21,11.96
4.27,10.83,7.41,9.73,6.01,6.83,3.93,5.16,7.12,5.44,3.35,9.6,4.75,5.12,3.61,5.89,6.52,6.65,3.01,3.21,5.41,0.0,3.07,4.81,8.21,4.29,5.59,5.94,4.11,1.16,2.08,1.37,4.78,7.18,3.23,8.15,2.27,4.95,5.17,4.58,2.64,4.77,5.38,7.53,8.28
5.84,10.68,8.97,10.01,6.28,8.16,5.26,6.73,7.4,2.97,4.55,9.88,4.12,2.76,4.81,3.85,6.8,7.98,4.57,4.54,3.99,3.07,0.0,6.15,8.56,5.5,5.24,3.59,1.76,3.39,3.42,1.74,2.98,7.52,1.4,8.49,3.48,3.36,2.89,4.4,2.32,5.12,6.72,7.87,8.63
2.69,6.92,3.49,11.28,7.86,1.8,6.9,1.25,5.98,6.45,2.58,8.92,5.77,7.52,4.62,8.6,4.67,2.62,2.6,5.0,8.13,4.81,6.15,0.0,4.8,4.34,8.4,8.38,7.06,4.21,3.7,4.52,5.89,5.85,6.39,6.95,4.95,7.6,7.82,7.39,6.66,5.89,1.17,6.49,9.86
4.63,2.52,1.32,5.84,3.67,6.6,11.7,5.29,3.1,6.7,6.78,3.67,6.02,7.77,5.62,13.4,2.42,7.42,6.8,9.79,12.92,8.21,8.56,4.8,0.0,9.15,13.21,8.63,7.31,8.27,6.74,7.82,6.14,1.14,9.68,2.24,9.76,12.41,12.62,12.19,9.08,4.84,3.63,2.92,5.98
7.03,11.26,7.83,12.16,8.44,4.29,3.55,5.63,9.55,7.87,5.78,13.26,7.18,7.55,6.04,6.06,9.01,4.12,6.94,1.64,5.58,4.29,5.5,4.34,9.15,0.0,5.05,7.36,6.57,4.51,4.54,3.84,7.24,9.64,5.88,10.61,2.27,4.93,5.14,4.03,3.99,7.24,6.06,9.99,10.75
8.36,15.32,11.89,13.46,9.74,8.36,2.77,9.69,10.85,7.5,7.08,13.33,8.48,6.77,7.34,2.76,10.25,8.18,7.1,3.44,1.35,5.59,5.24,8.4,13.21,5.05,0.0,5.66,6.25,5.8,5.83,5.13,7.47,10.93,4.19,11.9,3.79,2.68,3.09,1.66,3.51,8.53,10.01,11.28,12.03
8.0,10.72,9.71,10.05,6.32,9.99,6.63,8.89,7.44,3.01,5.71,9.92,4.16,1.01,4.67,4.31,6.84,9.81,7.32,6.63,4.45,5.94,3.59,8.38,8.63,7.36,5.66,0.0,2.34,6.29,5.8,4.64,3.06,7.6,3.27,8.57,5.55,3.75,3.27,4.78,4.44,5.19,9.64,7.95,8.7
6.68,9.4,8.39,8.73,5.0,8.87,6.31,7.57,6.12,1.69,4.4,8.6,2.84,1.48,3.36,4.9,5.52,9.03,6.0,5.59,5.03,4.11,1.76,7.06,7.31,6.57,6.25,2.34,0.0,4.43,4.46,2.78,1.71,6.24,2.44,7.21,4.52,4.41,3.93,5.44,3.36,3.84,8.28,6.6,7.35
3.82,10.38,6.96,9.78,6.06,6.01,4.25,4.71,7.17,5.49,2.44,9.65,4.8,5.43,3.66,6.2,5.8,6.97,2.56,3.53,5.72,1.16,3.39,4.21,8.27,4.51,5.8,6.29,4.43,0.0,1.4,1.68,4.85,7.26,3.54,8.22,2.58,5.26,5.48,4.89,2.95,4.85,4.69,7.61,8.36
3.32,9.88,6.45,8.16,4.44,5.5,4.28,4.21,5.55,3.87,1.04,8.03,3.19,4.94,2.04,6.23,4.95,7.0,1.87,3.56,5.75,2.08,3.42,3.7,6.74,4.54,5.83,5.8,4.46,1.4,0.0,1.72,3.09,5.49,3.58,6.46,2.62,5.3,5.51,4.93,2.98,3.09,4.7,5.84,6.6
4.14,10.7,7.28,9.24,5.52,6.47,3.57,5.03,6.63,3.99,2.86,9.11,4.26,3.78,3.11,4.36,6.03,6.29,2.88,2.85,4.49,1.37,1.74,4.52,7.82,3.84,5.13,4.64,2.78,1.68,1.72,0.0,4.42,6.82,1.9,7.79,1.79,4.47,3.39,4.1,2.15,4.42,5.02,7.18,7.93
5.51,8.23,7.22,7.56,3.83,7.7,6.97,6.4,4.95,1.13,3.23,7.43,1.67,2.19,2.19,6.12,4.35,8.51,4.83,6.25,6.26,4.78,2.98,5.89,6.14,7.24,7.47,3.06,1.71,4.85,3.09,4.42,0.0,5.07,3.67,6.04,5.25,5.63,5.15,6.67,5.62,2.67,7.11,5.43,6.18
3.6,3.23,2.38,4.8,2.64,7.66,9.38,6.34,2.07,5.67,5.63,2.64,4.98,6.73,4.59,11.33,1.39,8.47,5.66,8.66,10.85,7.18,7.52,5.85,1.14,9.64,10.93,7.6,6.24,7.26,5.49,6.82,5.07,0.0,8.65,1.2,7.68,10.36,10.58,10.0,8.05,3.8,4.69,1.89,4.94
6.0,12.56,9.14,11.1,7.38,8.51,5.16,6.89,8.49,3.65,4.72,10.97,4.8,3.44,4.98,2.84,7.89,8.33,4.74,5.16,2.97,3.23,1.4,6.39,9.68,5.88,4.19,3.27,2.44,3.54,3.58,1.9,3.67,8.65,0.0,9.63,4.15,2.35,1.87,3.38,1.91,6.25,6.85,9.01,9.76
4.57,4.33,3.47,5.77,3.61,8.75,10.34,7.44,3.04,6.64,6.6,1.66,5.95,7.7,5.56,12.3,2.36,9.57,6.63,9.62,11.82,8.15,8.49,6.95,2.24,10.61,11.9,8.57,7.21,8.22,6.46,7.79,6.04,1.2,9.63,0.0,8.61,11.29,11.5,10.92,8.97,4.73,5.82,2.81,5.87
5.04,11.87,8.44,10.14,6.41,4.9,2.24,6.24,7.53,5.84,3.76,10.01,5.16,5.52,4.01,3.95,6.93,4.73,3.78,1.52,3.48,2.27,3.48,4.95,9.76,2.27,3.79,5.55,4.52,2.58,2.62,1.79,5.25,7.68,4.15,8.61,0.0,2.68,2.9,3.72,3.37,9.46,10.3,12.21,12.97
7.72,14.52,11.09,12.82,9.09,7.56,3.15,8.89,10.21,5.62,6.44,12.69,7.84,4.89,6.69,2.15,9.61,7.38,6.46,4.2,1.49,4.95,3.36,7.6,12.41,4.93,2.68,3.75,4.41,5.26,5.3,4.47,5.63,10.36,2.35,11.29,2.68,0.0,1.56,1.34,2.02,7.67,8.52,10.43,11.18
7.94,14.74,11.31,13.03,9.31,7.77,4.42,9.11,10.43,5.14,6.65,12.91,6.29,4.41,6.91,1.35,9.82,7.59,6.67,4.41,1.88,5.17,2.89,7.82,12.62,5.14,3.09,3.27,3.93,5.48,5.51,3.39,5.15,10.58,1.87,11.5,2.9,1.56,0.0,2.59,2.24,8.33,9.18,11.09,11.84
7.35,14.31,10.88,12.45,8.72,7.34,1.75,8.68,9.84,6.65,6.07,12.32,7.47,5.93,6.32,3.18,9.24,7.16,6.09,2.42,1.97,4.58,4.4,7.39,12.19,4.03,1.66,4.78,5.44,4.89,4.93,4.1,6.67,10.0,3.38,10.92,3.72,1.34,2.59,0.0,3.06,7.52,9.56,10.28,11.03
5.41,11.97,8.54,10.5,6.78,6.62,3.72,7.95,7.89,4.57,4.12,10.38,5.53,4.36,4.38,2.84,7.29,6.44,4.14,3.0,2.98,2.64,2.32,6.66,9.08,3.99,3.51,4.44,3.36,2.95,2.98,2.15,5.62,8.05,1.91,8.97,3.37,2.02,2.24,3.06,0.0,5.67,6.27,8.43,9.18
5.51,6.93,5.92,6.26,2.53,7.69,6.97,6.39,3.65,3.26,3.22,6.13,2.58,4.33,2.18,8.93,3.05,8.51,4.83,6.25,8.45,4.77,5.12,5.89,4.84,7.24,8.53,5.19,3.84,4.85,3.09,4.42,2.67,3.8,6.25,4.73,9.46,7.67,8.33,7.52,5.67,0.0,5.8,4.12,4.87
3.26,5.74,2.32,10.11,6.69,2.97,8.07,1.66,6.65,7.71,3.15,7.75,7.02,8.77,5.19,9.77,5.24,3.79,3.17,6.17,9.3,5.38,6.72,1.17,3.63,6.06,10.01,9.64,8.28,4.69,4.7,5.02,7.11,4.69,6.85,5.82,10.3,8.52,9.18,9.56,6.27,5.8,0.0,6.47,8.69
3.95,5.01,4.16,5.15,2.99,8.29,9.73,7.0,1.91,6.02,5.98,4.22,5.34,7.09,4.94,11.68,1.74,9.11,6.01,9.01,11.21,7.53,7.87,6.49,2.92,9.99,11.28,7.95,6.6,7.61,5.84,7.18,5.43,1.89,9.01,2.81,12.21,10.43,11.09,10.28,8.43,4.12,6.47,0.0,5.22
6.4,8.07,8.56,1.34,2.31,11.67,10.48,10.35,4.79,6.77,6.73,7.27,6.09,7.84,5.69,12.43,4.18,12.48,8.34,9.76,11.96,8.28,8.63,9.86,5.98,10.75,12.03,8.7,7.35,8.36,6.6,7.93,6.18,4.94,9.76,5.87,12.97,11.18,11.84,11.03,9.18,4.87,8.69,5.22,0.0
